;;;;;;;;;;;;
Fecha;Precios;;;;;;;;;;;
;Pechuga;;;Pierna/muslo;;;Retazo;;;Vísceras;;
;Min;Max;Frecc;Min;Max;Frecc;Min;Max;Frecc;Min;Max;Frecc
;;;;;;;;;;;;
B.C.S: Diversos establecimientos de La Paz;;;;;;;;;;;;
2-ene-25;13-abr-00;13-abr-00;13-abr-00;2-feb-00;2-feb-00;2-feb-00;4-feb-00;4-feb-00;4-feb-00;16-feb-00;16-feb-00;16-feb-00
3-ene-25;13-abr-00;13-abr-00;13-abr-00;2-feb-00;2-feb-00;2-feb-00;4-feb-00;4-feb-00;4-feb-00;16-feb-00;16-feb-00;16-feb-00
6-ene-25;19-abr-00;19-abr-00;19-abr-00;2-feb-00;2-feb-00;2-feb-00;4-feb-00;4-feb-00;4-feb-00;16-feb-00;16-feb-00;16-feb-00
7-ene-25;19-abr-00;19-abr-00;19-abr-00;2-feb-00;2-feb-00;2-feb-00;4-feb-00;4-feb-00;4-feb-00;16-feb-00;16-feb-00;16-feb-00
8-ene-25;19-abr-00;19-abr-00;19-abr-00;2-feb-00;2-feb-00;2-feb-00;4-feb-00;4-feb-00;4-feb-00;16-feb-00;16-feb-00;16-feb-00
9-ene-25;19-abr-00;19-abr-00;19-abr-00;2-feb-00;2-feb-00;2-feb-00;4-feb-00;4-feb-00;4-feb-00;16-feb-00;16-feb-00;16-feb-00
10-ene-25;19-abr-00;19-abr-00;19-abr-00;2-feb-00;2-feb-00;2-feb-00;4-feb-00;4-feb-00;4-feb-00;16-feb-00;16-feb-00;16-feb-00
13-ene-25;19-abr-00;19-abr-00;19-abr-00;2-feb-00;2-feb-00;2-feb-00;4-feb-00;4-feb-00;4-feb-00;16-feb-00;16-feb-00;16-feb-00
14-ene-25;19-abr-00;19-abr-00;19-abr-00;2-feb-00;2-feb-00;2-feb-00;4-feb-00;4-feb-00;4-feb-00;16-feb-00;16-feb-00;16-feb-00
15-ene-25;19-abr-00;19-abr-00;19-abr-00;2-feb-00;2-feb-00;2-feb-00;4-feb-00;4-feb-00;4-feb-00;16-feb-00;16-feb-00;16-feb-00
16-ene-25;19-abr-00;19-abr-00;19-abr-00;2-feb-00;2-feb-00;2-feb-00;4-feb-00;4-feb-00;4-feb-00;16-feb-00;16-feb-00;16-feb-00
17-ene-25;19-abr-00;19-abr-00;19-abr-00;2-feb-00;2-feb-00;2-feb-00;4-feb-00;4-feb-00;4-feb-00;16-feb-00;16-feb-00;16-feb-00
20-ene-25;13-abr-00;13-abr-00;13-abr-00;6-feb-00;6-feb-00;6-feb-00;4-feb-00;4-feb-00;4-feb-00;16-feb-00;16-feb-00;16-feb-00
21-ene-25;13-abr-00;13-abr-00;13-abr-00;6-feb-00;6-feb-00;6-feb-00;4-feb-00;4-feb-00;4-feb-00;16-feb-00;16-feb-00;16-feb-00
22-ene-25;13-abr-00;13-abr-00;13-abr-00;6-feb-00;6-feb-00;6-feb-00;4-feb-00;4-feb-00;4-feb-00;16-feb-00;16-feb-00;16-feb-00
23-ene-25;13-abr-00;13-abr-00;13-abr-00;6-feb-00;6-feb-00;6-feb-00;4-feb-00;4-feb-00;4-feb-00;16-feb-00;16-feb-00;16-feb-00
24-ene-25;13-abr-00;13-abr-00;13-abr-00;6-feb-00;6-feb-00;6-feb-00;4-feb-00;4-feb-00;4-feb-00;16-feb-00;16-feb-00;16-feb-00
27-ene-25;13-abr-00;13-abr-00;13-abr-00;6-feb-00;6-feb-00;6-feb-00;4-feb-00;4-feb-00;4-feb-00;16-feb-00;16-feb-00;16-feb-00
28-ene-25;13-abr-00;13-abr-00;13-abr-00;9-feb-00;9-feb-00;9-feb-00;4-feb-00;4-feb-00;4-feb-00;16-feb-00;16-feb-00;16-feb-00
29-ene-25;13-abr-00;13-abr-00;13-abr-00;9-feb-00;9-feb-00;9-feb-00;4-feb-00;4-feb-00;4-feb-00;16-feb-00;16-feb-00;16-feb-00
30-ene-25;13-abr-00;13-abr-00;13-abr-00;9-feb-00;9-feb-00;9-feb-00;4-feb-00;4-feb-00;4-feb-00;16-feb-00;16-feb-00;16-feb-00
31-ene-25;13-abr-00;13-abr-00;13-abr-00;9-feb-00;9-feb-00;9-feb-00;4-feb-00;4-feb-00;4-feb-00;16-feb-00;16-feb-00;16-feb-00
D.F. : Centro de distribución Becerra;;;;;;;;;;;;
2-ene-25;23-abr-00;27-abr-00;26-abr-00;22-feb-00;26-feb-00;25-feb-00;4-feb-00;6-feb-00;5-feb-00;10-ene-00;11-ene-00;10-ene-00
3-ene-25;23-abr-00;27-abr-00;26-abr-00;23-feb-00;27-feb-00;26-feb-00;4-feb-00;6-feb-00;5-feb-00;10-ene-00;11-ene-00;10-ene-00
6-ene-25;23-abr-00;27-abr-00;26-abr-00;23-feb-00;27-feb-00;26-feb-00;2-feb-00;5-feb-00;4-feb-00;10-ene-00;11-ene-00;10-ene-00
7-ene-25;22-abr-00;26-abr-00;25-abr-00;22-feb-00;26-feb-00;25-feb-00;2-feb-00;5-feb-00;4-feb-00;10-ene-00;11-ene-00;10-ene-00
8-ene-25;22-abr-00;26-abr-00;25-abr-00;22-feb-00;26-feb-00;25-feb-00;2-feb-00;5-feb-00;4-feb-00;10-ene-00;11-ene-00;10-ene-00
9-ene-25;21-abr-00;25-abr-00;24-abr-00;21-feb-00;25-feb-00;24-feb-00;2-feb-00;5-feb-00;4-feb-00;10-ene-00;11-ene-00;10-ene-00
10-ene-25;20-abr-00;24-abr-00;23-abr-00;22-feb-00;26-feb-00;25-feb-00;1-feb-00;4-feb-00;3-feb-00;10-ene-00;11-ene-00;10-ene-00
13-ene-25;19-abr-00;23-abr-00;22-abr-00;22-feb-00;26-feb-00;25-feb-00;2-feb-00;5-feb-00;4-feb-00;10-ene-00;11-ene-00;10-ene-00
14-ene-25;19-abr-00;23-abr-00;22-abr-00;22-feb-00;26-feb-00;25-feb-00;2-feb-00;5-feb-00;4-feb-00;10-ene-00;11-ene-00;10-ene-00
15-ene-25;19-abr-00;23-abr-00;22-abr-00;22-feb-00;26-feb-00;24-feb-00;2-feb-00;5-feb-00;4-feb-00;10-ene-00;11-ene-00;10-ene-00
16-ene-25;19-abr-00;23-abr-00;22-abr-00;21-feb-00;25-feb-00;24-feb-00;2-feb-00;5-feb-00;4-feb-00;10-ene-00;11-ene-00;10-ene-00
17-ene-25;19-abr-00;23-abr-00;22-abr-00;22-feb-00;26-feb-00;25-feb-00;3-feb-00;6-feb-00;5-feb-00;10-ene-00;11-ene-00;10-ene-00
20-ene-25;21-abr-00;25-abr-00;24-abr-00;24-feb-00;28-feb-00;27-feb-00;3-feb-00;6-feb-00;5-feb-00;10-ene-00;11-ene-00;10-ene-00
21-ene-25;21-abr-00;25-abr-00;24-abr-00;24-feb-00;28-feb-00;27-feb-00;3-feb-00;6-feb-00;5-feb-00;10-ene-00;11-ene-00;10-ene-00
22-ene-25;23-abr-00;27-abr-00;26-abr-00;25-feb-00;29-feb-00;28-feb-00;3-feb-00;6-feb-00;5-feb-00;10-ene-00;11-ene-00;10-ene-00
23-ene-25;23-abr-00;27-abr-00;26-abr-00;25-feb-00;29-feb-00;28-feb-00;3-feb-00;6-feb-00;5-feb-00;10-ene-00;11-ene-00;10-ene-00
24-ene-25;25-abr-00;29-abr-00;28-abr-00;25-feb-00;29-feb-00;27-feb-00;3-feb-00;6-feb-00;5-feb-00;10-ene-00;11-ene-00;10-ene-00
27-ene-25;27-abr-00;1-may-00;30-abr-00;25-feb-00;29-feb-00;28-feb-00;2-feb-00;5-feb-00;4-feb-00;10-ene-00;11-ene-00;10-ene-00
28-ene-25;27-abr-00;1-may-00;30-abr-00;25-feb-00;29-feb-00;28-feb-00;2-feb-00;5-feb-00;4-feb-00;10-ene-00;11-ene-00;10-ene-00
29-ene-25;28-abr-00;2-may-00;1-may-00;25-feb-00;29-feb-00;28-feb-00;1-feb-00;4-feb-00;3-feb-00;10-ene-00;11-ene-00;10-ene-00
30-ene-25;28-abr-00;2-may-00;1-may-00;25-feb-00;29-feb-00;28-feb-00;1-feb-00;4-feb-00;3-feb-00;10-ene-00;11-ene-00;10-ene-00
31-ene-25;28-abr-00;2-may-00;1-may-00;26-feb-00;1-mar-00;29-feb-00;1-feb-00;4-feb-00;3-feb-00;10-ene-00;11-ene-00;10-ene-00
D.F. : Centro de distribución Nuevo San Juan;;;;;;;;;;;;
2-ene-25;23-abr-00;27-abr-00;25-abr-00;23-feb-00;27-feb-00;25-feb-00;3-feb-00;6-feb-00;4-feb-00;10-ene-00;11-ene-00;10-ene-00
3-ene-25;23-abr-00;27-abr-00;25-abr-00;23-feb-00;27-feb-00;25-feb-00;3-feb-00;6-feb-00;4-feb-00;10-ene-00;11-ene-00;10-ene-00
6-ene-25;23-abr-00;27-abr-00;25-abr-00;23-feb-00;27-feb-00;25-feb-00;2-feb-00;5-feb-00;3-feb-00;10-ene-00;11-ene-00;10-ene-00
7-ene-25;22-abr-00;26-abr-00;24-abr-00;21-feb-00;25-feb-00;24-feb-00;2-feb-00;5-feb-00;3-feb-00;10-ene-00;11-ene-00;10-ene-00
8-ene-25;22-abr-00;26-abr-00;24-abr-00;21-feb-00;25-feb-00;24-feb-00;2-feb-00;5-feb-00;3-feb-00;10-ene-00;11-ene-00;10-ene-00
9-ene-25;21-abr-00;25-abr-00;23-abr-00;20-feb-00;24-feb-00;23-feb-00;2-feb-00;5-feb-00;3-feb-00;10-ene-00;11-ene-00;10-ene-00
10-ene-25;20-abr-00;24-abr-00;22-abr-00;21-feb-00;25-feb-00;24-feb-00;1-feb-00;4-feb-00;2-feb-00;10-ene-00;11-ene-00;10-ene-00
13-ene-25;19-abr-00;23-abr-00;21-abr-00;21-feb-00;25-feb-00;24-feb-00;2-feb-00;5-feb-00;3-feb-00;10-ene-00;11-ene-00;10-ene-00
14-ene-25;19-abr-00;23-abr-00;21-abr-00;21-feb-00;25-feb-00;24-feb-00;2-feb-00;5-feb-00;3-feb-00;10-ene-00;11-ene-00;10-ene-00
15-ene-25;19-abr-00;23-abr-00;21-abr-00;21-feb-00;25-feb-00;24-feb-00;2-feb-00;5-feb-00;3-feb-00;10-ene-00;11-ene-00;10-ene-00
16-ene-25;19-abr-00;23-abr-00;21-abr-00;21-feb-00;25-feb-00;23-feb-00;2-feb-00;5-feb-00;3-feb-00;10-ene-00;11-ene-00;10-ene-00
17-ene-25;18-abr-00;22-abr-00;21-abr-00;22-feb-00;26-feb-00;24-feb-00;3-feb-00;6-feb-00;4-feb-00;10-ene-00;11-ene-00;10-ene-00
20-ene-25;21-abr-00;25-abr-00;23-abr-00;24-feb-00;28-feb-00;26-feb-00;3-feb-00;6-feb-00;4-feb-00;10-ene-00;11-ene-00;10-ene-00
21-ene-25;21-abr-00;25-abr-00;23-abr-00;24-feb-00;28-feb-00;26-feb-00;3-feb-00;6-feb-00;4-feb-00;10-ene-00;11-ene-00;10-ene-00
22-ene-25;23-abr-00;27-abr-00;25-abr-00;25-feb-00;29-feb-00;28-feb-00;3-feb-00;6-feb-00;4-feb-00;10-ene-00;11-ene-00;10-ene-00
23-ene-25;23-abr-00;27-abr-00;25-abr-00;25-feb-00;29-feb-00;28-feb-00;3-feb-00;6-feb-00;4-feb-00;10-ene-00;11-ene-00;10-ene-00
24-ene-25;25-abr-00;29-abr-00;27-abr-00;24-feb-00;28-feb-00;27-feb-00;3-feb-00;6-feb-00;4-feb-00;10-ene-00;11-ene-00;10-ene-00
27-ene-25;27-abr-00;1-may-00;29-abr-00;25-feb-00;29-feb-00;27-feb-00;2-feb-00;5-feb-00;3-feb-00;10-ene-00;11-ene-00;10-ene-00
28-ene-25;26-abr-00;30-abr-00;29-abr-00;25-feb-00;29-feb-00;27-feb-00;2-feb-00;5-feb-00;3-feb-00;10-ene-00;11-ene-00;10-ene-00
29-ene-25;28-abr-00;1-may-00;30-abr-00;25-feb-00;29-feb-00;27-feb-00;1-feb-00;4-feb-00;2-feb-00;10-ene-00;11-ene-00;10-ene-00
30-ene-25;28-abr-00;1-may-00;30-abr-00;25-feb-00;29-feb-00;27-feb-00;1-feb-00;4-feb-00;2-feb-00;10-ene-00;11-ene-00;10-ene-00
31-ene-25;28-abr-00;2-may-00;30-abr-00;26-feb-00;1-mar-00;28-feb-00;1-feb-00;4-feb-00;2-feb-00;10-ene-00;11-ene-00;10-ene-00
D.F. : Centro de distribución Rayón;;;;;;;;;;;;
2-ene-25;22-abr-00;26-abr-00;24-abr-00;21-feb-00;26-feb-00;25-feb-00;2-feb-00;5-feb-00;4-feb-00;10-ene-00;11-ene-00;10-ene-00
3-ene-25;22-abr-00;26-abr-00;24-abr-00;21-feb-00;26-feb-00;25-feb-00;2-feb-00;5-feb-00;4-feb-00;10-ene-00;11-ene-00;10-ene-00
6-ene-25;22-abr-00;26-abr-00;25-abr-00;22-feb-00;26-feb-00;24-feb-00;1-feb-00;4-feb-00;3-feb-00;10-ene-00;11-ene-00;10-ene-00
7-ene-25;21-abr-00;25-abr-00;24-abr-00;21-feb-00;25-feb-00;23-feb-00;1-feb-00;4-feb-00;3-feb-00;10-ene-00;11-ene-00;10-ene-00
8-ene-25;21-abr-00;25-abr-00;24-abr-00;21-feb-00;25-feb-00;23-feb-00;1-feb-00;4-feb-00;3-feb-00;10-ene-00;11-ene-00;10-ene-00
9-ene-25;20-abr-00;24-abr-00;23-abr-00;20-feb-00;24-feb-00;22-feb-00;1-feb-00;4-feb-00;3-feb-00;10-ene-00;11-ene-00;10-ene-00
10-ene-25;19-abr-00;23-abr-00;22-abr-00;21-feb-00;25-feb-00;23-feb-00;31-ene-00;3-feb-00;2-feb-00;10-ene-00;11-ene-00;10-ene-00
13-ene-25;18-abr-00;22-abr-00;21-abr-00;21-feb-00;25-feb-00;24-feb-00;1-feb-00;4-feb-00;3-feb-00;10-ene-00;11-ene-00;10-ene-00
14-ene-25;18-abr-00;22-abr-00;21-abr-00;21-feb-00;25-feb-00;24-feb-00;1-feb-00;4-feb-00;3-feb-00;10-ene-00;11-ene-00;10-ene-00
15-ene-25;18-abr-00;22-abr-00;21-abr-00;21-feb-00;25-feb-00;24-feb-00;1-feb-00;4-feb-00;2-feb-00;10-ene-00;11-ene-00;10-ene-00
16-ene-25;18-abr-00;22-abr-00;21-abr-00;20-feb-00;24-feb-00;23-feb-00;1-feb-00;4-feb-00;3-feb-00;10-ene-00;11-ene-00;10-ene-00
17-ene-25;18-abr-00;22-abr-00;20-abr-00;21-feb-00;25-feb-00;24-feb-00;2-feb-00;5-feb-00;4-feb-00;10-ene-00;11-ene-00;10-ene-00
20-ene-25;20-abr-00;24-abr-00;23-abr-00;23-feb-00;27-feb-00;25-feb-00;2-feb-00;5-feb-00;4-feb-00;10-ene-00;11-ene-00;10-ene-00
21-ene-25;20-abr-00;24-abr-00;23-abr-00;23-feb-00;27-feb-00;25-feb-00;2-feb-00;5-feb-00;4-feb-00;10-ene-00;11-ene-00;10-ene-00
22-ene-25;22-abr-00;26-abr-00;24-abr-00;24-feb-00;28-feb-00;27-feb-00;2-feb-00;5-feb-00;4-feb-00;10-ene-00;11-ene-00;10-ene-00
23-ene-25;22-abr-00;26-abr-00;24-abr-00;24-feb-00;28-feb-00;27-feb-00;2-feb-00;5-feb-00;4-feb-00;10-ene-00;11-ene-00;10-ene-00
24-ene-25;24-abr-00;28-abr-00;27-abr-00;24-feb-00;28-feb-00;26-feb-00;2-feb-00;5-feb-00;3-feb-00;10-ene-00;11-ene-00;10-ene-00
27-ene-25;26-abr-00;30-abr-00;29-abr-00;24-feb-00;28-feb-00;27-feb-00;1-feb-00;4-feb-00;3-feb-00;10-ene-00;11-ene-00;10-ene-00
28-ene-25;26-abr-00;30-abr-00;28-abr-00;24-feb-00;28-feb-00;27-feb-00;1-feb-00;4-feb-00;3-feb-00;10-ene-00;11-ene-00;10-ene-00
29-ene-25;27-abr-00;1-may-00;29-abr-00;24-feb-00;28-feb-00;27-feb-00;31-ene-00;3-feb-00;2-feb-00;10-ene-00;11-ene-00;10-ene-00
30-ene-25;27-abr-00;1-may-00;29-abr-00;24-feb-00;28-feb-00;27-feb-00;31-ene-00;3-feb-00;2-feb-00;10-ene-00;11-ene-00;10-ene-00
31-ene-25;27-abr-00;1-may-00;29-abr-00;25-feb-00;29-feb-00;28-feb-00;31-ene-00;3-feb-00;2-feb-00;10-ene-00;11-ene-00;10-ene-00
D.F. : Centro de distribución San Juan;;;;;;;;;;;;
2-ene-25;22-abr-00;26-abr-00;23-abr-00;21-feb-00;25-feb-00;24-feb-00;2-feb-00;5-feb-00;3-feb-00;10-ene-00;11-ene-00;10-ene-00
3-ene-25;22-abr-00;26-abr-00;23-abr-00;21-feb-00;25-feb-00;24-feb-00;2-feb-00;5-feb-00;3-feb-00;10-ene-00;11-ene-00;10-ene-00
6-ene-25;22-abr-00;26-abr-00;24-abr-00;22-feb-00;26-feb-00;24-feb-00;1-feb-00;4-feb-00;2-feb-00;10-ene-00;11-ene-00;10-ene-00
7-ene-25;21-abr-00;25-abr-00;23-abr-00;20-feb-00;24-feb-00;23-feb-00;1-feb-00;4-feb-00;2-feb-00;10-ene-00;11-ene-00;10-ene-00
8-ene-25;21-abr-00;25-abr-00;23-abr-00;20-feb-00;24-feb-00;23-feb-00;1-feb-00;4-feb-00;2-feb-00;10-ene-00;11-ene-00;10-ene-00
9-ene-25;20-abr-00;24-abr-00;22-abr-00;20-feb-00;23-feb-00;21-feb-00;1-feb-00;4-feb-00;2-feb-00;10-ene-00;11-ene-00;10-ene-00
10-ene-25;19-abr-00;23-abr-00;21-abr-00;20-feb-00;24-feb-00;23-feb-00;31-ene-00;3-feb-00;1-feb-00;10-ene-00;11-ene-00;10-ene-00
13-ene-25;19-abr-00;22-abr-00;20-abr-00;20-feb-00;24-feb-00;23-feb-00;1-feb-00;4-feb-00;2-feb-00;10-ene-00;11-ene-00;10-ene-00
14-ene-25;18-abr-00;22-abr-00;20-abr-00;20-feb-00;24-feb-00;23-feb-00;1-feb-00;4-feb-00;2-feb-00;10-ene-00;11-ene-00;10-ene-00
15-ene-25;18-abr-00;22-abr-00;20-abr-00;20-feb-00;24-feb-00;23-feb-00;31-ene-00;3-feb-00;2-feb-00;10-ene-00;11-ene-00;10-ene-00
16-ene-25;18-abr-00;22-abr-00;20-abr-00;20-feb-00;24-feb-00;22-feb-00;1-feb-00;4-feb-00;2-feb-00;10-ene-00;11-ene-00;10-ene-00
17-ene-25;17-abr-00;21-abr-00;20-abr-00;21-feb-00;25-feb-00;23-feb-00;1-feb-00;4-feb-00;3-feb-00;10-ene-00;11-ene-00;10-ene-00
20-ene-25;20-abr-00;24-abr-00;22-abr-00;23-feb-00;27-feb-00;25-feb-00;2-feb-00;5-feb-00;3-feb-00;10-ene-00;11-ene-00;10-ene-00
21-ene-25;20-abr-00;24-abr-00;22-abr-00;23-feb-00;27-feb-00;25-feb-00;2-feb-00;5-feb-00;3-feb-00;10-ene-00;11-ene-00;10-ene-00
22-ene-25;21-abr-00;25-abr-00;23-abr-00;24-feb-00;28-feb-00;26-feb-00;1-feb-00;4-feb-00;3-feb-00;10-ene-00;11-ene-00;10-ene-00
23-ene-25;21-abr-00;25-abr-00;23-abr-00;24-feb-00;28-feb-00;26-feb-00;2-feb-00;5-feb-00;4-feb-00;10-ene-00;11-ene-00;10-ene-00
24-ene-25;24-abr-00;28-abr-00;26-abr-00;23-feb-00;27-feb-00;26-feb-00;2-feb-00;5-feb-00;3-feb-00;10-ene-00;11-ene-00;10-ene-00
27-ene-25;25-abr-00;29-abr-00;28-abr-00;24-feb-00;28-feb-00;26-feb-00;1-feb-00;4-feb-00;2-feb-00;10-ene-00;11-ene-00;10-ene-00
28-ene-25;25-abr-00;29-abr-00;28-abr-00;24-feb-00;28-feb-00;26-feb-00;1-feb-00;4-feb-00;2-feb-00;10-ene-00;11-ene-00;10-ene-00
29-ene-25;26-abr-00;30-abr-00;29-abr-00;24-feb-00;28-feb-00;26-feb-00;31-ene-00;3-feb-00;1-feb-00;10-ene-00;11-ene-00;10-ene-00
30-ene-25;26-abr-00;30-abr-00;29-abr-00;24-feb-00;28-feb-00;26-feb-00;31-ene-00;3-feb-00;1-feb-00;10-ene-00;11-ene-00;10-ene-00
31-ene-25;27-abr-00;1-may-00;28-abr-00;25-feb-00;29-feb-00;27-feb-00;31-ene-00;3-feb-00;1-feb-00;10-ene-00;11-ene-00;10-ene-00
Nay: Centros de Distribución de Nayarit;;;;;;;;;;;;
6-ene-25;17-abr-00;19-abr-00;18-abr-00;18-mar-00;20-mar-00;19-mar-00;15-feb-00;17-feb-00;16-feb-00;12-feb-00;14-feb-00;13-feb-00
7-ene-25;17-abr-00;19-abr-00;18-abr-00;18-mar-00;20-mar-00;19-mar-00;15-feb-00;17-feb-00;16-feb-00;12-feb-00;14-feb-00;13-feb-00
Qro. : Centros de distribución de Querétaro;;;;;;;;;;;;
2-ene-25;30-mar-00;4-abr-00;4-abr-00;16-feb-00;19-feb-00;19-feb-00;25-ene-00;28-ene-00;28-ene-00;2-feb-00;4-feb-00;4-feb-00
3-ene-25;30-mar-00;4-abr-00;4-abr-00;16-feb-00;19-feb-00;19-feb-00;25-ene-00;28-ene-00;28-ene-00;2-feb-00;4-feb-00;4-feb-00
6-ene-25;30-mar-00;4-abr-00;4-abr-00;16-feb-00;19-feb-00;19-feb-00;25-ene-00;28-ene-00;28-ene-00;2-feb-00;4-feb-00;4-feb-00
7-ene-25;30-mar-00;4-abr-00;4-abr-00;16-feb-00;19-feb-00;19-feb-00;25-ene-00;28-ene-00;28-ene-00;2-feb-00;4-feb-00;4-feb-00
8-ene-25;30-mar-00;4-abr-00;4-abr-00;16-feb-00;19-feb-00;19-feb-00;25-ene-00;28-ene-00;28-ene-00;2-feb-00;4-feb-00;4-feb-00
9-ene-25;30-mar-00;4-abr-00;4-abr-00;16-feb-00;19-feb-00;19-feb-00;25-ene-00;28-ene-00;28-ene-00;2-feb-00;4-feb-00;4-feb-00
10-ene-25;4-abr-00;9-abr-00;9-abr-00;22-feb-00;29-feb-00;29-feb-00;25-ene-00;28-ene-00;28-ene-00;4-feb-00;6-feb-00;6-feb-00
13-ene-25;4-abr-00;9-abr-00;9-abr-00;22-feb-00;29-feb-00;29-feb-00;25-ene-00;28-ene-00;28-ene-00;4-feb-00;6-feb-00;6-feb-00
14-ene-25;4-abr-00;9-abr-00;9-abr-00;22-feb-00;29-feb-00;29-feb-00;25-ene-00;28-ene-00;28-ene-00;4-feb-00;6-feb-00;6-feb-00
15-ene-25;4-abr-00;9-abr-00;9-abr-00;22-feb-00;29-feb-00;29-feb-00;25-ene-00;28-ene-00;28-ene-00;4-feb-00;6-feb-00;6-feb-00
16-ene-25;4-abr-00;9-abr-00;9-abr-00;22-feb-00;29-feb-00;29-feb-00;25-ene-00;28-ene-00;28-ene-00;4-feb-00;6-feb-00;6-feb-00
17-ene-25;4-abr-00;9-abr-00;9-abr-00;25-feb-00;29-feb-00;29-feb-00;25-ene-00;28-ene-00;28-ene-00;4-feb-00;6-feb-00;6-feb-00
20-ene-25;4-abr-00;9-abr-00;9-abr-00;25-feb-00;29-feb-00;29-feb-00;25-ene-00;28-ene-00;28-ene-00;4-feb-00;6-feb-00;6-feb-00
21-ene-25;4-abr-00;9-abr-00;9-abr-00;25-feb-00;29-feb-00;29-feb-00;25-ene-00;28-ene-00;28-ene-00;4-feb-00;6-feb-00;6-feb-00
22-ene-25;4-abr-00;9-abr-00;9-abr-00;25-feb-00;29-feb-00;29-feb-00;25-ene-00;28-ene-00;28-ene-00;4-feb-00;6-feb-00;6-feb-00
23-ene-25;4-abr-00;9-abr-00;9-abr-00;25-feb-00;29-feb-00;29-feb-00;25-ene-00;28-ene-00;28-ene-00;4-feb-00;7-feb-00;7-feb-00
24-ene-25;4-abr-00;9-abr-00;9-abr-00;25-feb-00;29-feb-00;29-feb-00;25-ene-00;28-ene-00;28-ene-00;4-feb-00;7-feb-00;7-feb-00
27-ene-25;4-abr-00;9-abr-00;9-abr-00;25-feb-00;29-feb-00;29-feb-00;25-ene-00;28-ene-00;28-ene-00;4-feb-00;7-feb-00;7-feb-00
28-ene-25;4-abr-00;9-abr-00;9-abr-00;25-feb-00;29-feb-00;29-feb-00;25-ene-00;28-ene-00;28-ene-00;4-feb-00;7-feb-00;7-feb-00
29-ene-25;4-abr-00;9-abr-00;9-abr-00;25-feb-00;29-feb-00;29-feb-00;25-ene-00;28-ene-00;28-ene-00;4-feb-00;7-feb-00;7-feb-00
30-ene-25;30-mar-00;9-abr-00;9-abr-00;25-feb-00;29-feb-00;29-feb-00;25-ene-00;28-ene-00;28-ene-00;4-feb-00;7-feb-00;7-feb-00
31-ene-25;7-abr-00;19-abr-00;19-abr-00;25-feb-00;29-feb-00;29-feb-00;25-ene-00;28-ene-00;28-ene-00;4-feb-00;7-feb-00;7-feb-00
Zac: Mercado de Abasto de Zacatecas;;;;;;;;;;;;
2-ene-25;13-abr-00;13-abr-00;13-abr-00;13-feb-00;13-feb-00;13-feb-00;15-ene-00;15-ene-00;15-ene-00;-;-;-
3-ene-25;13-abr-00;13-abr-00;13-abr-00;13-feb-00;13-feb-00;13-feb-00;15-ene-00;15-ene-00;15-ene-00;-;-;-
6-ene-25;13-abr-00;13-abr-00;13-abr-00;13-feb-00;13-feb-00;13-feb-00;15-ene-00;15-ene-00;15-ene-00;-;-;-
7-ene-25;13-abr-00;13-abr-00;13-abr-00;13-feb-00;13-feb-00;13-feb-00;15-ene-00;15-ene-00;15-ene-00;-;-;-
8-ene-25;13-abr-00;13-abr-00;13-abr-00;13-feb-00;13-feb-00;13-feb-00;15-ene-00;15-ene-00;15-ene-00;-;-;-
9-ene-25;13-abr-00;13-abr-00;13-abr-00;13-feb-00;13-feb-00;13-feb-00;15-ene-00;15-ene-00;15-ene-00;-;-;-
10-ene-25;13-abr-00;13-abr-00;13-abr-00;13-feb-00;13-feb-00;13-feb-00;15-ene-00;15-ene-00;15-ene-00;-;-;-
13-ene-25;13-abr-00;13-abr-00;13-abr-00;13-feb-00;13-feb-00;13-feb-00;15-ene-00;15-ene-00;15-ene-00;-;-;-
14-ene-25;13-abr-00;13-abr-00;13-abr-00;13-feb-00;13-feb-00;13-feb-00;15-ene-00;15-ene-00;15-ene-00;-;-;-
15-ene-25;13-abr-00;13-abr-00;13-abr-00;13-feb-00;13-feb-00;13-feb-00;15-ene-00;15-ene-00;15-ene-00;-;-;-
16-ene-25;13-abr-00;13-abr-00;13-abr-00;13-feb-00;13-feb-00;13-feb-00;15-ene-00;15-ene-00;15-ene-00;-;-;-
17-ene-25;13-abr-00;13-abr-00;13-abr-00;13-feb-00;13-feb-00;13-feb-00;15-ene-00;15-ene-00;15-ene-00;-;-;-
20-ene-25;13-abr-00;13-abr-00;13-abr-00;13-feb-00;13-feb-00;13-feb-00;15-ene-00;15-ene-00;15-ene-00;-;-;-
21-ene-25;13-abr-00;13-abr-00;13-abr-00;13-feb-00;13-feb-00;13-feb-00;15-ene-00;15-ene-00;15-ene-00;-;-;-
22-ene-25;7-abr-00;7-abr-00;7-abr-00;13-feb-00;13-feb-00;13-feb-00;15-ene-00;15-ene-00;15-ene-00;-;-;-
23-ene-25;7-abr-00;7-abr-00;7-abr-00;13-feb-00;13-feb-00;13-feb-00;15-ene-00;15-ene-00;15-ene-00;-;-;-
24-ene-25;7-abr-00;7-abr-00;7-abr-00;13-feb-00;13-feb-00;13-feb-00;15-ene-00;15-ene-00;15-ene-00;-;-;-
27-ene-25;7-abr-00;7-abr-00;7-abr-00;13-feb-00;13-feb-00;13-feb-00;15-ene-00;15-ene-00;15-ene-00;-;-;-
28-ene-25;7-abr-00;7-abr-00;7-abr-00;13-feb-00;13-feb-00;13-feb-00;15-ene-00;15-ene-00;15-ene-00;-;-;-
29-ene-25;7-abr-00;7-abr-00;7-abr-00;13-feb-00;13-feb-00;13-feb-00;15-ene-00;15-ene-00;15-ene-00;-;-;-
30-ene-25;7-abr-00;7-abr-00;7-abr-00;13-feb-00;13-feb-00;13-feb-00;15-ene-00;15-ene-00;15-ene-00;-;-;-
31-ene-25;7-abr-00;7-abr-00;7-abr-00;13-feb-00;13-feb-00;13-feb-00;15-ene-00;15-ene-00;15-ene-00;-;-;-
;;;;;;;;;;;;
;;;;;;;;;;;;
04/02/25;$104.00;$104.00;$104.00;$40.00;$40.00;$40.00;$35.00;$35.00;$35.00;$47.00;$47.00;$47.00
05/02/25;$104.00;$104.00;$104.00;$40.00;$40.00;$40.00;$35.00;$35.00;$35.00;$47.00;$47.00;$47.00
06/02/25;$104.00;$104.00;$104.00;$40.00;$40.00;$40.00;$35.00;$35.00;$35.00;$47.00;$47.00;$47.00
07/02/25;$104.00;$104.00;$104.00;$40.00;$40.00;$40.00;$35.00;$35.00;$35.00;$47.00;$47.00;$47.00
10/02/25;$104.00;$104.00;$104.00;$40.00;$40.00;$40.00;$35.00;$35.00;$35.00;$47.00;$47.00;$47.00
11/02/25;$104.00;$104.00;$104.00;$40.00;$40.00;$40.00;$35.00;$35.00;$35.00;$47.00;$47.00;$47.00
12/02/25;$104.00;$104.00;$104.00;$40.00;$40.00;$40.00;$35.00;$35.00;$35.00;$47.00;$47.00;$47.00
13/02/25;$104.00;$104.00;$104.00;$40.00;$40.00;$40.00;$35.00;$35.00;$35.00;$47.00;$47.00;$47.00
14/02/25;$104.00;$104.00;$104.00;$40.00;$40.00;$40.00;$35.00;$35.00;$35.00;$47.00;$47.00;$47.00
17/02/25;$104.00;$104.00;$104.00;$40.00;$40.00;$40.00;$35.00;$35.00;$35.00;$47.00;$47.00;$47.00
19/02/25;$104.00;$104.00;$104.00;$40.00;$40.00;$40.00;$35.00;$35.00;$35.00;$47.00;$47.00;$47.00
20/02/25;$110.00;$110.00;$110.00;$40.00;$40.00;$40.00;$35.00;$35.00;$35.00;$47.00;$47.00;$47.00
21/02/25;$110.00;$110.00;$110.00;$40.00;$40.00;$40.00;$35.00;$35.00;$35.00;$47.00;$47.00;$47.00
24/02/25;$110.00;$110.00;$110.00;$40.00;$40.00;$40.00;$35.00;$35.00;$35.00;$47.00;$47.00;$47.00
25/02/25;$110.00;$110.00;$110.00;$40.00;$40.00;$40.00;$35.00;$35.00;$35.00;$47.00;$47.00;$47.00
26/02/25;$110.00;$110.00;$110.00;$40.00;$40.00;$40.00;$35.00;$35.00;$35.00;$47.00;$47.00;$47.00
27/02/25;$110.00;$110.00;$110.00;$40.00;$40.00;$40.00;$35.00;$35.00;$35.00;$47.00;$47.00;$47.00
28/02/25;$110.00;$110.00;$110.00;$40.00;$40.00;$40.00;$35.00;$35.00;$35.00;$47.00;$47.00;$47.00
D.F. : Centro de distribución Becerra;;;;;;;;;;;;
04/02/25;$120.00;$124.00;$123.00;$57.00;$61.00;$60.00;$32.00;$35.00;$34.00;$10.00;$11.00;$10.00
05/02/25;$120.00;$124.00;$123.00;$57.00;$61.00;$60.00;$32.00;$35.00;$34.00;$10.00;$11.00;$10.00
06/02/25;$120.00;$124.00;$123.00;$57.00;$61.00;$60.00;$32.00;$35.00;$34.00;$10.00;$11.00;$10.00
07/02/25;$120.00;$124.00;$123.00;$57.00;$61.00;$60.00;$31.00;$34.00;$33.00;$10.00;$11.00;$10.00
10/02/25;$120.00;$124.00;$123.00;$57.00;$61.00;$60.00;$30.00;$33.00;$32.00;$10.00;$11.00;$10.00
11/02/25;$118.00;$123.00;$121.00;$56.00;$60.00;$58.00;$29.00;$32.00;$31.00;$10.00;$11.00;$10.00
12/02/25;$116.00;$120.00;$119.00;$55.00;$59.00;$58.00;$29.00;$32.00;$31.00;$10.00;$11.00;$10.00
13/02/25;$116.00;$120.00;$119.00;$55.00;$59.00;$58.00;$29.00;$32.00;$31.00;$10.00;$11.00;$10.00
14/02/25;$114.00;$118.00;$117.00;$54.00;$58.00;$57.00;$29.00;$32.00;$31.00;$10.00;$11.00;$10.00
17/02/25;$112.00;$116.00;$115.00;$54.00;$58.00;$57.00;$29.00;$32.00;$31.00;$10.00;$11.00;$10.00
18/02/25;$110.00;$114.00;$113.00;$54.00;$58.00;$57.00;$30.00;$33.00;$32.00;$10.00;$11.00;$10.00
19/02/25;$109.00;$113.00;$112.00;$54.00;$58.00;$57.00;$32.00;$35.00;$34.00;$10.00;$11.00;$10.00
20/02/25;$108.00;$112.00;$111.00;$53.00;$57.00;$56.00;$32.00;$35.00;$34.00;$10.00;$11.00;$10.00
21/02/25;$108.00;$112.00;$111.00;$53.00;$57.00;$56.00;$32.00;$35.00;$34.00;$10.00;$11.00;$10.00
24/02/25;$106.00;$110.00;$109.00;$50.00;$54.00;$53.00;$31.00;$34.00;$33.00;$10.00;$11.00;$10.00
25/02/25;$105.00;$109.00;$108.00;$50.00;$54.00;$53.00;$30.00;$33.00;$32.00;$10.00;$11.00;$10.00
26/02/25;$105.00;$109.00;$108.00;$50.00;$54.00;$53.00;$30.00;$33.00;$32.00;$10.00;$11.00;$10.00
27/02/25;$104.00;$108.00;$107.00;$49.00;$53.00;$52.00;$29.00;$32.00;$31.00;$10.00;$11.00;$10.00
28/02/25;$104.00;$108.00;$107.00;$49.00;$53.00;$52.00;$29.00;$32.00;$31.00;$10.00;$11.00;$10.00
D.F. : Centro de distribución Nuevo San Juan;;;;;;;;;;;;
04/02/25;$119.00;$123.00;$122.00;$56.00;$60.00;$59.00;$32.00;$35.00;$33.00;$10.00;$11.00;$10.00
05/02/25;$119.00;$123.00;$122.00;$56.00;$60.00;$59.00;$32.00;$35.00;$33.00;$10.00;$11.00;$10.00
06/02/25;$119.00;$123.00;$122.00;$56.00;$60.00;$59.00;$32.00;$35.00;$33.00;$10.00;$11.00;$10.00
07/02/25;$119.00;$123.00;$122.00;$56.00;$60.00;$59.00;$31.00;$34.00;$32.00;$10.00;$11.00;$10.00
10/02/25;$120.00;$124.00;$122.00;$57.00;$61.00;$59.00;$30.00;$33.00;$31.00;$10.00;$11.00;$10.00
11/02/25;$117.00;$121.00;$120.00;$56.00;$60.00;$58.00;$29.00;$32.00;$30.00;$10.00;$11.00;$10.00
12/02/25;$116.00;$120.00;$118.00;$55.00;$59.00;$57.00;$29.00;$32.00;$30.00;$10.00;$11.00;$10.00
13/02/25;$116.00;$120.00;$118.00;$55.00;$59.00;$57.00;$29.00;$32.00;$30.00;$10.00;$11.00;$10.00
14/02/25;$113.00;$117.00;$116.00;$53.00;$57.00;$56.00;$28.00;$31.00;$30.00;$10.00;$11.00;$10.00
17/02/25;$112.00;$116.00;$114.00;$54.00;$58.00;$56.00;$29.00;$32.00;$30.00;$10.00;$11.00;$10.00
18/02/25;$110.00;$114.00;$112.00;$53.00;$57.00;$56.00;$30.00;$33.00;$31.00;$10.00;$11.00;$10.00
19/02/25;$109.00;$113.00;$111.00;$54.00;$58.00;$56.00;$32.00;$35.00;$33.00;$10.00;$11.00;$10.00
20/02/25;$108.00;$112.00;$110.00;$52.00;$56.00;$55.00;$32.00;$35.00;$33.00;$10.00;$11.00;$10.00
21/02/25;$107.00;$111.00;$110.00;$53.00;$57.00;$55.00;$32.00;$35.00;$33.00;$10.00;$11.00;$10.00
24/02/25;$105.00;$109.00;$108.00;$50.00;$54.00;$52.00;$31.00;$34.00;$32.00;$10.00;$11.00;$10.00
25/02/25;$105.00;$109.00;$107.00;$50.00;$54.00;$52.00;$30.00;$33.00;$31.00;$10.00;$11.00;$10.00
26/02/25;$105.00;$109.00;$107.00;$50.00;$54.00;$52.00;$30.00;$33.00;$31.00;$10.00;$11.00;$10.00
27/02/25;$104.00;$108.00;$106.00;$49.00;$53.00;$51.00;$29.00;$32.00;$30.00;$10.00;$11.00;$10.00
28/02/25;$104.00;$108.00;$106.00;$48.00;$52.00;$51.00;$29.00;$32.00;$30.00;$10.00;$11.00;$10.00
D.F. : Centro de distribución Rayón;;;;;;;;;;;;
04/02/25;$119.00;$123.00;$121.00;$56.00;$60.00;$58.00;$31.00;$34.00;$33.00;$10.00;$11.00;$10.00
05/02/25;$119.00;$123.00;$121.00;$56.00;$60.00;$58.00;$31.00;$34.00;$33.00;$10.00;$11.00;$10.00
06/02/25;$119.00;$123.00;$121.00;$56.00;$60.00;$58.00;$31.00;$34.00;$33.00;$10.00;$11.00;$10.00
07/02/25;$118.00;$122.00;$121.00;$56.00;$60.00;$58.00;$30.00;$33.00;$32.00;$10.00;$11.00;$10.00
10/02/25;$119.00;$123.00;$121.00;$56.00;$60.00;$59.00;$29.00;$32.00;$31.00;$10.00;$11.00;$10.00
11/02/25;$116.00;$120.00;$119.00;$55.00;$59.00;$58.00;$28.00;$31.00;$30.00;$10.00;$11.00;$10.00
12/02/25;$115.00;$119.00;$118.00;$54.00;$58.00;$57.00;$28.00;$31.00;$30.00;$10.00;$11.00;$10.00
13/02/25;$115.00;$119.00;$118.00;$54.00;$58.00;$57.00;$28.00;$31.00;$30.00;$10.00;$11.00;$10.00
14/02/25;$112.00;$116.00;$115.00;$53.00;$57.00;$55.00;$28.00;$31.00;$30.00;$10.00;$11.00;$10.00
17/02/25;$111.00;$115.00;$114.00;$53.00;$57.00;$56.00;$28.00;$31.00;$30.00;$10.00;$11.00;$10.00
18/02/25;$109.00;$113.00;$112.00;$53.00;$57.00;$55.00;$29.00;$32.00;$31.00;$10.00;$11.00;$10.00
19/02/25;$108.00;$112.00;$111.00;$53.00;$57.00;$56.00;$31.00;$34.00;$33.00;$10.00;$11.00;$10.00
20/02/25;$107.00;$111.00;$110.00;$52.00;$56.00;$54.00;$31.00;$34.00;$33.00;$10.00;$11.00;$10.00
21/02/25;$107.00;$111.00;$109.00;$52.00;$56.00;$55.00;$31.00;$34.00;$33.00;$10.00;$11.00;$10.00
24/02/25;$105.00;$109.00;$107.00;$50.00;$53.00;$52.00;$30.00;$33.00;$32.00;$10.00;$11.00;$10.00
25/02/25;$104.00;$108.00;$107.00;$49.00;$53.00;$52.00;$29.00;$32.00;$31.00;$10.00;$11.00;$10.00
26/02/25;$104.00;$108.00;$107.00;$49.00;$53.00;$52.00;$29.00;$32.00;$31.00;$10.00;$11.00;$10.00
27/02/25;$103.00;$107.00;$106.00;$48.00;$52.00;$51.00;$28.00;$31.00;$30.00;$10.00;$11.00;$10.00
28/02/25;$103.00;$107.00;$106.00;$48.00;$52.00;$50.00;$28.00;$31.00;$30.00;$10.00;$11.00;$10.00
D.F. : Centro de distribución San Juan;;;;;;;;;;;;
04/02/25;$118.00;$122.00;$121.00;$55.00;$59.00;$58.00;$31.00;$34.00;$32.00;$10.00;$11.00;$10.00
05/02/25;$118.00;$122.00;$121.00;$55.00;$59.00;$58.00;$31.00;$34.00;$32.00;$10.00;$11.00;$10.00
06/02/25;$118.00;$122.00;$121.00;$55.00;$59.00;$58.00;$31.00;$34.00;$32.00;$10.00;$11.00;$10.00
07/02/25;$118.00;$122.00;$120.00;$55.00;$59.00;$58.00;$30.00;$33.00;$32.00;$10.00;$11.00;$10.00
10/02/25;$119.00;$123.00;$120.00;$55.00;$59.00;$58.00;$29.00;$32.00;$30.00;$10.00;$11.00;$10.00
11/02/25;$116.00;$120.00;$118.00;$55.00;$58.00;$57.00;$28.00;$31.00;$29.00;$10.00;$11.00;$10.00
12/02/25;$115.00;$119.00;$117.00;$54.00;$58.00;$56.00;$28.00;$31.00;$30.00;$10.00;$11.00;$10.00
13/02/25;$115.00;$119.00;$117.00;$54.00;$58.00;$56.00;$28.00;$31.00;$30.00;$10.00;$11.00;$10.00
14/02/25;$111.00;$115.00;$114.00;$52.00;$56.00;$55.00;$27.00;$30.00;$29.00;$10.00;$11.00;$10.00
17/02/25;$111.00;$115.00;$113.00;$53.00;$57.00;$55.00;$28.00;$31.00;$29.00;$10.00;$11.00;$10.00
18/02/25;$109.00;$113.00;$111.00;$52.00;$56.00;$55.00;$29.00;$32.00;$30.00;$10.00;$11.00;$10.00
19/02/25;$108.00;$112.00;$110.00;$53.00;$57.00;$55.00;$31.00;$34.00;$32.00;$10.00;$11.00;$10.00
20/02/25;$107.00;$111.00;$109.00;$51.00;$55.00;$54.00;$31.00;$34.00;$32.00;$10.00;$11.00;$10.00
21/02/25;$106.00;$110.00;$109.00;$52.00;$56.00;$54.00;$31.00;$34.00;$32.00;$10.00;$11.00;$10.00
24/02/25;$104.00;$108.00;$107.00;$49.00;$53.00;$51.00;$30.00;$33.00;$31.00;$10.00;$11.00;$10.00
25/02/25;$104.00;$108.00;$106.00;$49.00;$53.00;$51.00;$29.00;$32.00;$30.00;$10.00;$11.00;$10.00
26/02/25;$104.00;$108.00;$106.00;$49.00;$53.00;$51.00;$29.00;$32.00;$30.00;$10.00;$11.00;$10.00
27/02/25;$103.00;$107.00;$105.00;$48.00;$52.00;$50.00;$28.00;$31.00;$30.00;$10.00;$11.00;$10.00
28/02/25;$102.00;$106.00;$105.00;$48.00;$52.00;$50.00;$28.00;$31.00;$30.00;$10.00;$11.00;$10.00
Qro. : Centros de distribución de Querétaro;;;;;;;;;;;;
04/02/25;$98.00;$110.00;$110.00;$56.00;$60.00;$60.00;$25.00;$28.00;$28.00;$35.00;$38.00;$38.00
05/02/25;$98.00;$110.00;$110.00;$56.00;$60.00;$60.00;$25.00;$28.00;$28.00;$35.00;$38.00;$38.00
06/02/25;$98.00;$110.00;$110.00;$56.00;$60.00;$60.00;$25.00;$28.00;$28.00;$35.00;$38.00;$38.00
07/02/25;$98.00;$110.00;$110.00;$56.00;$60.00;$60.00;$25.00;$28.00;$28.00;$35.00;$38.00;$38.00
10/02/25;$98.00;$110.00;$110.00;$56.00;$60.00;$60.00;$25.00;$28.00;$28.00;$35.00;$38.00;$38.00
11/02/25;$98.00;$110.00;$110.00;$56.00;$60.00;$60.00;$25.00;$28.00;$28.00;$35.00;$38.00;$38.00
12/02/25;$98.00;$110.00;$110.00;$56.00;$60.00;$60.00;$25.00;$28.00;$28.00;$35.00;$38.00;$38.00
13/02/25;$93.00;$110.00;$110.00;$48.00;$55.00;$55.00;$25.00;$28.00;$28.00;$35.00;$37.00;$37.00
14/02/25;$93.00;$110.00;$110.00;$48.00;$55.00;$55.00;$25.00;$28.00;$28.00;$35.00;$37.00;$37.00
17/02/25;$93.00;$110.00;$110.00;$48.00;$55.00;$55.00;$25.00;$28.00;$28.00;$35.00;$37.00;$37.00
18/02/25;$93.00;$110.00;$110.00;$48.00;$55.00;$55.00;$25.00;$28.00;$28.00;$35.00;$37.00;$37.00
19/02/25;$93.00;$110.00;$110.00;$48.00;$55.00;$55.00;$25.00;$28.00;$28.00;$35.00;$37.00;$37.00
20/02/25;$93.00;$110.00;$110.00;$50.00;$55.00;$55.00;$25.00;$28.00;$28.00;$35.00;$37.00;$37.00
21/02/25;$93.00;$110.00;$110.00;$50.00;$55.00;$55.00;$25.00;$28.00;$28.00;$35.00;$37.00;$37.00
24/02/25;$93.00;$110.00;$110.00;$50.00;$55.00;$55.00;$25.00;$28.00;$28.00;$35.00;$37.00;$37.00
25/02/25;$93.00;$110.00;$110.00;$50.00;$55.00;$55.00;$25.00;$28.00;$28.00;$35.00;$37.00;$37.00
26/02/25;$93.00;$110.00;$110.00;$50.00;$55.00;$55.00;$25.00;$28.00;$28.00;$35.00;$37.00;$37.00
27/02/25;$90.00;$100.00;$100.00;$49.00;$55.00;$55.00;$25.00;$28.00;$28.00;$33.00;$37.00;$37.00
28/02/25;$90.00;$100.00;$100.00;$49.00;$55.00;$55.00;$25.00;$28.00;$28.00;$33.00;$37.00;$37.00
Zac: Mercado de Abasto de Zacatecas;;;;;;;;;;;;
04/02/25;$98.00;$98.00;$98.00;$44.00;$44.00;$44.00;$15.00;$15.00;$15.00;-;-;-
05/02/25;$98.00;$98.00;$98.00;$44.00;$44.00;$44.00;$15.00;$15.00;$15.00;-;-;-
06/02/25;$98.00;$98.00;$98.00;$44.00;$44.00;$44.00;$15.00;$15.00;$15.00;-;-;-
07/02/25;$98.00;$98.00;$98.00;$44.00;$44.00;$44.00;$15.00;$15.00;$15.00;-;-;-
10/02/25;$98.00;$98.00;$98.00;$44.00;$44.00;$44.00;$15.00;$15.00;$15.00;-;-;-
11/02/25;$98.00;$98.00;$98.00;$44.00;$44.00;$44.00;$15.00;$15.00;$15.00;-;-;-
12/02/25;$98.00;$98.00;$98.00;$44.00;$44.00;$44.00;$15.00;$15.00;$15.00;-;-;-
13/02/25;$98.00;$98.00;$98.00;$44.00;$44.00;$44.00;$15.00;$15.00;$15.00;-;-;-
14/02/25;$98.00;$98.00;$98.00;$44.00;$44.00;$44.00;$15.00;$15.00;$15.00;-;-;-
17/02/25;$98.00;$98.00;$98.00;$44.00;$44.00;$44.00;$15.00;$15.00;$15.00;-;-;-
18/02/25;$98.00;$98.00;$98.00;$44.00;$44.00;$44.00;$15.00;$15.00;$15.00;-;-;-
19/02/25;$98.00;$98.00;$98.00;$44.00;$44.00;$44.00;$15.00;$15.00;$15.00;-;-;-
20/02/25;$98.00;$98.00;$98.00;$44.00;$44.00;$44.00;$15.00;$15.00;$15.00;-;-;-
21/02/25;$98.00;$98.00;$98.00;$44.00;$44.00;$44.00;$15.00;$15.00;$15.00;-;-;-
24/02/25;$98.00;$98.00;$98.00;$44.00;$44.00;$44.00;$15.00;$15.00;$15.00;-;-;-
25/02/25;$98.00;$98.00;$98.00;$44.00;$44.00;$44.00;$15.00;$15.00;$15.00;-;-;-
26/02/25;$98.00;$98.00;$98.00;$44.00;$44.00;$44.00;$15.00;$15.00;$15.00;-;-;-
27/02/25;$98.00;$98.00;$98.00;$44.00;$44.00;$44.00;$15.00;$15.00;$15.00;-;-;-
28/02/25;$98.00;$98.00;$98.00;$44.00;$44.00;$44.00;$15.00;$15.00;$15.00;-;-;-
;;;;;;;;;;;;
B.C.S: Diversos establecimientos de La Paz;;;;;;;;;;;;
3-mar-25;$110.00;$110.00;$110.00;$40.00;$40.00;$40.00;$35.00;$35.00;$35.00;$47.00;$47.00;$47.00
4-mar-25;$110.00;$110.00;$110.00;$40.00;$40.00;$40.00;$35.00;$35.00;$35.00;$47.00;$47.00;$47.00
5-mar-25;$110.00;$110.00;$110.00;$40.00;$40.00;$40.00;$35.00;$35.00;$35.00;$47.00;$47.00;$47.00
6-mar-25;$110.00;$110.00;$110.00;$40.00;$40.00;$40.00;$35.00;$35.00;$35.00;$47.00;$47.00;$47.00
7-mar-25;$110.00;$110.00;$110.00;$40.00;$40.00;$40.00;$35.00;$35.00;$35.00;$47.00;$47.00;$47.00
10-mar-25;$110.00;$110.00;$110.00;$40.00;$40.00;$40.00;$35.00;$35.00;$35.00;$47.00;$47.00;$47.00
12-mar-25;$110.00;$110.00;$110.00;$40.00;$40.00;$40.00;-;-;-;-;-;-
13-mar-25;$110.00;$110.00;$110.00;$40.00;$40.00;$40.00;-;-;-;-;-;-
14-mar-25;$110.00;$110.00;$110.00;$40.00;$40.00;$40.00;-;-;-;-;-;-
18-mar-25;$110.00;$110.00;$110.00;$40.00;$40.00;$40.00;-;-;-;-;-;-
19-mar-25;$110.00;$110.00;$110.00;$40.00;$40.00;$40.00;-;-;-;-;-;-
20-mar-25;$110.00;$110.00;$110.00;$40.00;$40.00;$40.00;-;-;-;-;-;-
21-mar-25;$110.00;$110.00;$110.00;$40.00;$40.00;$40.00;-;-;-;-;-;-
24-mar-25;$110.00;$110.00;$110.00;$40.00;$40.00;$40.00;-;-;-;-;-;-
25-mar-25;$110.00;$110.00;$110.00;$40.00;$40.00;$40.00;-;-;-;-;-;-
26-mar-25;$110.00;$110.00;$110.00;$40.00;$40.00;$40.00;-;-;-;-;-;-
27-mar-25;$110.00;$110.00;$110.00;$40.00;$40.00;$40.00;-;-;-;-;-;-
28-mar-25;$110.00;$110.00;$110.00;$40.00;$40.00;$40.00;-;-;-;-;-;-
31-mar-25;$110.00;$110.00;$110.00;$40.00;$40.00;$40.00;-;-;-;-;-;-
D.F. : Centro de distribuci?n Becerra;;;;;;;;;;;;
3-mar-25;$104.00;$108.00;$107.00;$49.00;$53.00;$52.00;$29.00;$32.00;$31.00;$10.00;$11.00;$10.00
4-mar-25;$104.00;$108.00;$107.00;$49.00;$53.00;$52.00;$29.00;$32.00;$31.00;$10.00;$11.00;$10.00
5-mar-25;$102.00;$106.00;$105.00;$49.00;$53.00;$52.00;$29.00;$32.00;$31.00;$10.00;$11.00;$10.00
6-mar-25;$102.00;$106.00;$105.00;$49.00;$53.00;$52.00;$30.00;$33.00;$32.00;$10.00;$11.00;$10.00
7-mar-25;$104.00;$108.00;$107.00;$50.00;$54.00;$53.00;$30.00;$33.00;$32.00;$10.00;$11.00;$10.00
10-mar-25;$104.00;$108.00;$107.00;$51.00;$55.00;$54.00;$30.00;$33.00;$32.00;$10.00;$11.00;$10.00
11-mar-25;$104.00;$108.00;$107.00;$52.00;$56.00;$55.00;$30.00;$33.00;$32.00;$10.00;$11.00;$10.00
12-mar-25;$104.00;$108.00;$107.00;$52.00;$56.00;$55.00;$30.00;$33.00;$32.00;$10.00;$11.00;$10.00
13-mar-25;$104.00;$108.00;$107.00;$52.00;$56.00;$55.00;$30.00;$33.00;$32.00;$10.00;$11.00;$10.00
14-mar-25;$105.00;$109.00;$108.00;$50.00;$53.00;$52.00;$29.00;$32.00;$31.00;$10.00;$11.00;$10.00
18-mar-25;$105.00;$109.00;$108.00;$53.00;$57.00;$56.00;$28.00;$31.00;$30.00;$10.00;$11.00;$10.00
19-mar-25;$106.00;$110.00;$109.00;$52.00;$56.00;$55.00;$28.00;$31.00;$30.00;$10.00;$11.00;$10.00
20-mar-25;$106.00;$110.00;$109.00;$52.00;$56.00;$54.00;$27.00;$30.00;$29.00;$10.00;$11.00;$10.00
21-mar-25;$106.00;$110.00;$109.00;$52.00;$56.00;$54.00;$27.00;$30.00;$29.00;$10.00;$11.00;$10.00
24-mar-25;$107.00;$111.00;$110.00;$52.00;$56.00;$55.00;$29.00;$32.00;$31.00;$10.00;$11.00;$10.00
25-mar-25;$107.00;$111.00;$110.00;$52.00;$56.00;$55.00;$30.00;$33.00;$32.00;$10.00;$11.00;$10.00
26-mar-25;$107.00;$111.00;$110.00;$52.00;$56.00;$55.00;$31.00;$34.00;$33.00;$10.00;$11.00;$10.00
27-mar-25;$107.00;$112.00;$110.00;$52.00;$56.00;$55.00;$31.00;$34.00;$33.00;$10.00;$11.00;$10.00
28-mar-25;$107.00;$111.00;$110.00;$53.00;$57.00;$56.00;$31.00;$34.00;$33.00;$10.00;$11.00;$10.00
31-mar-25;$106.00;$110.00;$109.00;$53.00;$57.00;$56.00;$31.00;$34.00;$33.00;$10.00;$11.00;$10.00
D.F. : Centro de distribuci?n Nuevo San Juan;;;;;;;;;;;;
3-mar-25;$104.00;$108.00;$106.00;$48.00;$52.00;$51.00;$29.00;$32.00;$30.00;$10.00;$11.00;$10.00
4-mar-25;$104.00;$108.00;$106.00;$48.00;$52.00;$51.00;$29.00;$32.00;$30.00;$10.00;$11.00;$10.00
5-mar-25;$102.00;$106.00;$104.00;$48.00;$52.00;$51.00;$29.00;$32.00;$30.00;$10.00;$11.00;$10.00
6-mar-25;$102.00;$106.00;$104.00;$49.00;$53.00;$51.00;$30.00;$33.00;$31.00;$10.00;$11.00;$10.00
7-mar-25;$104.00;$108.00;$106.00;$50.00;$54.00;$52.00;$30.00;$33.00;$31.00;$10.00;$11.00;$10.00
10-mar-25;$104.00;$108.00;$106.00;$51.00;$55.00;$53.00;$30.00;$33.00;$31.00;$10.00;$11.00;$10.00
11-mar-25;$104.00;$108.00;$106.00;$51.00;$55.00;$54.00;$30.00;$33.00;$31.00;$10.00;$11.00;$10.00
12-mar-25;$104.00;$108.00;$106.00;$51.00;$55.00;$54.00;$30.00;$33.00;$31.00;$10.00;$11.00;$10.00
13-mar-25;$104.00;$108.00;$106.00;$51.00;$55.00;$54.00;$30.00;$33.00;$31.00;$10.00;$11.00;$10.00
14-mar-25;$105.00;$109.00;$107.00;$52.00;$56.00;$55.00;$29.00;$32.00;$30.00;$10.00;$11.00;$10.00
18-mar-25;$105.00;$109.00;$107.00;$52.00;$56.00;$55.00;$28.00;$31.00;$29.00;$10.00;$11.00;$10.00
19-mar-25;$106.00;$110.00;$108.00;$52.00;$56.00;$54.00;$27.00;$30.00;$29.00;$10.00;$11.00;$10.00
20-mar-25;$105.00;$109.00;$108.00;$51.00;$55.00;$54.00;$28.00;$31.00;$29.00;$10.00;$11.00;$10.00
21-mar-25;$105.00;$109.00;$108.00;$51.00;$55.00;$54.00;$28.00;$31.00;$29.00;$10.00;$11.00;$10.00
24-mar-25;$107.00;$111.00;$109.00;$52.00;$56.00;$54.00;$29.00;$32.00;$30.00;$10.00;$11.00;$10.00
25-mar-25;$107.00;$111.00;$109.00;$52.00;$56.00;$54.00;$29.00;$32.00;$31.00;$10.00;$11.00;$10.00
26-mar-25;$107.00;$111.00;$109.00;$52.00;$56.00;$54.00;$31.00;$34.00;$32.00;$10.00;$11.00;$10.00
27-mar-25;$107.00;$111.00;$109.00;$52.00;$56.00;$54.00;$31.00;$34.00;$32.00;$10.00;$11.00;$10.00
28-mar-25;$107.00;$111.00;$109.00;$53.00;$57.00;$55.00;$32.00;$35.00;$33.00;$10.00;$11.00;$10.00
31-mar-25;$106.00;$110.00;$108.00;$53.00;$57.00;$55.00;$32.00;$35.00;$33.00;$10.00;$11.00;$10.00
D.F. : Centro de distribuci?n Ray?n;;;;;;;;;;;;
3-mar-25;$103.00;$107.00;$106.00;$48.00;$52.00;$50.00;$28.00;$31.00;$30.00;$10.00;$11.00;$10.00
4-mar-25;$103.00;$107.00;$106.00;$48.00;$52.00;$50.00;$28.00;$31.00;$30.00;$10.00;$11.00;$10.00
5-mar-25;$101.00;$105.00;$104.00;$47.00;$51.00;$50.00;$28.00;$31.00;$30.00;$10.00;$11.00;$10.00
6-mar-25;$101.00;$105.00;$104.00;$48.00;$52.00;$51.00;$29.00;$32.00;$31.00;$10.00;$11.00;$10.00
7-mar-25;$103.00;$107.00;$106.00;$49.00;$53.00;$52.00;$29.00;$31.00;$31.00;$10.00;$11.00;$10.00
10-mar-25;$103.00;$107.00;$106.00;$50.00;$55.00;$54.00;$29.00;$32.00;$31.00;$10.00;$11.00;$10.00
11-mar-25;$103.00;$107.00;$106.00;$51.00;$55.00;$53.00;$29.00;$32.00;$31.00;$10.00;$11.00;$10.00
12-mar-25;$103.00;$107.00;$106.00;$51.00;$55.00;$53.00;$29.00;$32.00;$31.00;$10.00;$11.00;$10.00
13-mar-25;$103.00;$107.00;$105.00;$51.00;$55.00;$53.00;$29.00;$32.00;$31.00;$10.00;$11.00;$10.00
14-mar-25;$104.00;$108.00;$107.00;$52.00;$56.00;$54.00;$28.00;$31.00;$30.00;$10.00;$11.00;$10.00
18-mar-25;$104.00;$108.00;$107.00;$52.00;$56.00;$54.00;$27.00;$30.00;$29.00;$10.00;$11.00;$10.00
19-mar-25;$105.00;$109.00;$108.00;$51.00;$55.00;$54.00;$27.00;$30.00;$28.00;$10.00;$11.00;$10.00
20-mar-25;$105.00;$109.00;$107.00;$51.00;$55.00;$53.00;$27.00;$30.00;$29.00;$10.00;$11.00;$10.00
21-mar-25;$105.00;$109.00;$107.00;$51.00;$55.00;$53.00;$27.00;$30.00;$29.00;$10.00;$11.00;$10.00
24-mar-25;$106.00;$110.00;$109.00;$51.00;$55.00;$54.00;$28.00;$31.00;$30.00;$10.00;$11.00;$10.00
25-mar-25;$106.00;$110.00;$109.00;$51.00;$55.00;$54.00;$29.00;$32.00;$31.00;$10.00;$11.00;$10.00
26-mar-25;$106.00;$110.00;$109.00;$51.00;$55.00;$54.00;$30.00;$33.00;$32.00;$10.00;$11.00;$10.00
27-mar-25;$106.00;$110.00;$109.00;$51.00;$55.00;$54.00;$30.00;$33.00;$32.00;$10.00;$11.00;$10.00
28-mar-25;$106.00;$110.00;$109.00;$52.00;$56.00;$55.00;$31.00;$34.00;$33.00;$10.00;$11.00;$10.00
31-mar-25;$105.00;$109.00;$108.00;$52.00;$56.00;$55.00;$31.00;$34.00;$33.00;$10.00;$11.00;$10.00
D.F. : Centro de distribuci?n San Juan;;;;;;;;;;;;
3-mar-25;$102.00;$106.00;$105.00;$48.00;$52.00;$50.00;$28.00;$31.00;$30.00;$10.00;$11.00;$10.00
4-mar-25;$102.00;$106.00;$105.00;$48.00;$52.00;$50.00;$28.00;$31.00;$30.00;$10.00;$11.00;$10.00
5-mar-25;$101.00;$105.00;$103.00;$47.00;$51.00;$49.00;$28.00;$31.00;$30.00;$10.00;$11.00;$10.00
6-mar-25;$101.00;$104.00;$103.00;$48.00;$52.00;$50.00;$29.00;$32.00;$31.00;$10.00;$11.00;$10.00
7-mar-25;$103.00;$107.00;$105.00;$49.00;$53.00;$51.00;$29.00;$32.00;$31.00;$10.00;$11.00;$10.00
10-mar-25;$103.00;$107.00;$105.00;$50.00;$54.00;$52.00;$29.00;$32.00;$30.00;$10.00;$11.00;$10.00
11-mar-25;$102.00;$106.00;$105.00;$50.00;$54.00;$53.00;$29.00;$32.00;$30.00;$10.00;$11.00;$10.00
12-mar-25;$103.00;$107.00;$105.00;$50.00;$54.00;$53.00;$29.00;$32.00;$30.00;$10.00;$11.00;$10.00
13-mar-25;$103.00;$107.00;$105.00;$50.00;$54.00;$52.00;$29.00;$32.00;$30.00;$10.00;$11.00;$10.00
14-mar-25;$103.00;$107.00;$106.00;$51.00;$55.00;$54.00;$28.00;$31.00;$30.00;$10.00;$11.00;$10.00
18-mar-25;$104.00;$108.00;$106.00;$51.00;$55.00;$54.00;$27.00;$30.00;$29.00;$10.00;$11.00;$10.00
19-mar-25;$105.00;$109.00;$107.00;$51.00;$55.00;$53.00;$26.00;$29.00;$28.00;$10.00;$11.00;$10.00
20-mar-25;$104.00;$108.00;$107.00;$50.00;$54.00;$53.00;$27.00;$30.00;$28.00;$10.00;$11.00;$10.00
21-mar-25;$104.00;$108.00;$107.00;$50.00;$54.00;$53.00;$27.00;$30.00;$28.00;$10.00;$11.00;$10.00
24-mar-25;$106.00;$110.00;$108.00;$51.00;$55.00;$53.00;$28.00;$31.00;$30.00;$10.00;$11.00;$10.00
25-mar-25;$108.00;$110.00;$108.00;$51.00;$55.00;$53.00;$28.00;$32.00;$30.00;$10.00;$11.00;$10.00
26-mar-25;$106.00;$110.00;$108.00;$51.00;$55.00;$53.00;$30.00;$33.00;$31.00;$10.00;$11.00;$10.00
27-mar-25;$106.00;$110.00;$108.00;$51.00;$55.00;$53.00;$30.00;$33.00;$31.00;$10.00;$11.00;$10.00
28-mar-25;$105.00;$109.00;$108.00;$52.00;$56.00;$54.00;$31.00;$34.00;$32.00;$10.00;$11.00;$10.00
31-mar-25;$105.00;$109.00;$107.00;$52.00;$56.00;$54.00;$31.00;$34.00;$33.00;$10.00;$11.00;$10.00
Qro. : Centros de distribuci?n de Quer?taro;;;;;;;;;;;;
3-mar-25;$90.00;$100.00;$100.00;$43.00;$50.00;$50.00;$25.00;$28.00;$28.00;$34.00;$38.00;$38.00
4-mar-25;$90.00;$100.00;$100.00;$43.00;$50.00;$50.00;$25.00;$28.00;$28.00;$34.00;$38.00;$38.00
5-mar-25;$90.00;$100.00;$100.00;$40.00;$45.00;$45.00;$25.00;$28.00;$28.00;$35.00;$38.00;$38.00
6-mar-25;$90.00;$100.00;$100.00;$40.00;$45.00;$45.00;$25.00;$28.00;$28.00;$35.00;$38.00;$38.00
7-mar-25;$90.00;$100.00;$100.00;$40.00;$45.00;$45.00;$25.00;$28.00;$28.00;$35.00;$38.00;$38.00
10-mar-25;$90.00;$100.00;$100.00;$40.00;$45.00;$45.00;$25.00;$28.00;$28.00;$35.00;$38.00;$38.00
11-mar-25;$100.00;$110.00;$110.00;$35.00;$40.00;$40.00;$25.00;$28.00;$28.00;$35.00;$38.00;$38.00
12-mar-25;$100.00;$110.00;$110.00;$35.00;$40.00;$40.00;$25.00;$28.00;$28.00;$35.00;$38.00;$38.00
13-mar-25;$100.00;$110.00;$110.00;$35.00;$40.00;$40.00;$25.00;$28.00;$28.00;$35.00;$38.00;$38.00
14-mar-25;$100.00;$110.00;$110.00;$40.00;$45.00;$45.00;$25.00;$28.00;$28.00;$35.00;$38.00;$38.00
18-mar-25;$100.00;$110.00;$110.00;$40.00;$45.00;$45.00;$25.00;$28.00;$28.00;$35.00;$38.00;$38.00
19-mar-25;$100.00;$110.00;$110.00;$40.00;$45.00;$45.00;$25.00;$28.00;$28.00;$35.00;$38.00;$38.00
20-mar-25;$100.00;$110.00;$110.00;$40.00;$45.00;$45.00;$25.00;$28.00;$28.00;$35.00;$38.00;$38.00
21-mar-25;$100.00;$110.00;$110.00;$40.00;$45.00;$45.00;$25.00;$28.00;$28.00;$35.00;$38.00;$38.00
24-mar-25;$100.00;$115.00;$115.00;$40.00;$45.00;$45.00;$25.00;$28.00;$28.00;$35.00;$38.00;$38.00
25-mar-25;$100.00;$115.00;$115.00;$40.00;$49.00;$49.00;$25.00;$28.00;$28.00;$35.00;$38.00;$38.00
26-mar-25;$100.00;$115.00;$115.00;$40.00;$49.00;$49.00;$25.00;$28.00;$28.00;$35.00;$38.00;$38.00
27-mar-25;$100.00;$115.00;$115.00;$40.00;$49.00;$49.00;$25.00;$28.00;$28.00;$35.00;$38.00;$38.00
28-mar-25;$100.00;$115.00;$115.00;$40.00;$49.00;$49.00;$25.00;$28.00;$28.00;$35.00;$38.00;$38.00
31-mar-25;$100.00;$110.00;$110.00;$40.00;$44.00;$44.00;$25.00;$28.00;$28.00;$35.00;$38.00;$38.00
Zac: Mercado de Abasto de Zacatecas;;;;;;;;;;;;
3-mar-25;$98.00;$98.00;$98.00;$44.00;$44.00;$44.00;$15.00;$15.00;$15.00;-;-;-
4-mar-25;$98.00;$98.00;$98.00;$44.00;$44.00;$44.00;$15.00;$15.00;$15.00;-;-;-
5-mar-25;$98.00;$98.00;$98.00;$44.00;$44.00;$44.00;$15.00;$15.00;$15.00;-;-;-
6-mar-25;$98.00;$98.00;$98.00;$44.00;$44.00;$44.00;$15.00;$15.00;$15.00;-;-;-
7-mar-25;$98.00;$98.00;$98.00;$44.00;$44.00;$44.00;$15.00;$15.00;$15.00;-;-;-
10-mar-25;$98.00;$98.00;$98.00;$44.00;$44.00;$44.00;$15.00;$15.00;$15.00;-;-;-
11-mar-25;$98.00;$98.00;$98.00;$44.00;$44.00;$44.00;$15.00;$15.00;$15.00;-;-;-
12-mar-25;$98.00;$98.00;$98.00;$44.00;$44.00;$44.00;$15.00;$15.00;$15.00;-;-;-
13-mar-25;$98.00;$98.00;$98.00;$44.00;$44.00;$44.00;$15.00;$15.00;$15.00;-;-;-
14-mar-25;$98.00;$98.00;$98.00;$44.00;$44.00;$44.00;$15.00;$15.00;$15.00;-;-;-
18-mar-25;$98.00;$98.00;$98.00;$44.00;$44.00;$44.00;$15.00;$15.00;$15.00;-;-;-
19-mar-25;$98.00;$98.00;$98.00;$44.00;$44.00;$44.00;$15.00;$15.00;$15.00;-;-;-
20-mar-25;$98.00;$98.00;$98.00;$44.00;$44.00;$44.00;$15.00;$15.00;$15.00;-;-;-
21-mar-25;$98.00;$98.00;$98.00;$44.00;$44.00;$44.00;$15.00;$15.00;$15.00;-;-;-
24-mar-25;$98.00;$98.00;$98.00;$44.00;$44.00;$44.00;$15.00;$15.00;$15.00;-;-;-
25-mar-25;$98.00;$98.00;$98.00;$44.00;$44.00;$44.00;$15.00;$15.00;$15.00;-;-;-
26-mar-25;$98.00;$98.00;$98.00;$44.00;$44.00;$44.00;$15.00;$15.00;$15.00;-;-;-
27-mar-25;$98.00;$98.00;$98.00;$44.00;$44.00;$44.00;$15.00;$15.00;$15.00;-;-;-
28-mar-25;$98.00;$98.00;$98.00;$44.00;$44.00;$44.00;$15.00;$15.00;$15.00;-;-;-
31-mar-25;$98.00;$98.00;$98.00;$44.00;$44.00;$44.00;$15.00;$15.00;$15.00;-;-;-
;;;;;;;;;;;;
B.C.S: Diversos establecimientos de La Paz;;;;;;;;;;;;
1/4/2025;$110.00;$110.00;$110.00;$40.00;$40.00;$40.00;-;-;-;-;-;-
2/4/2025;$110.00;$110.00;$110.00;$40.00;$40.00;$40.00;-;-;-;-;-;-
3/4/2025;$110.00;$110.00;$110.00;$40.00;$40.00;$40.00;-;-;-;-;-;-
4/4/2025;$110.00;$110.00;$110.00;$40.00;$40.00;$40.00;-;-;-;-;-;-
7/4/2025;$110.00;$110.00;$110.00;$40.00;$40.00;$40.00;-;-;-;-;-;-
8/4/2025;$110.00;$110.00;$110.00;$40.00;$40.00;$40.00;-;-;-;-;-;-
9/4/2025;$120.00;$120.00;$120.00;$36.00;$36.00;$36.00;-;-;-;-;-;-
10/4/2025;$120.00;$120.00;$120.00;$36.00;$36.00;$36.00;-;-;-;-;-;-
11/4/2025;$120.00;$120.00;$120.00;$36.00;$36.00;$36.00;-;-;-;-;-;-
14/4/2025;$120.00;$120.00;$120.00;$36.00;$36.00;$36.00;-;-;-;-;-;-
15/4/2025;$120.00;$120.00;$120.00;$36.00;$36.00;$36.00;-;-;-;-;-;-
16/4/2025;$120.00;$120.00;$120.00;$36.00;$36.00;$36.00;-;-;-;-;-;-
21/4/2025;$120.00;$120.00;$120.00;$36.00;$36.00;$36.00;-;-;-;-;-;-
22/4/2025;$120.00;$120.00;$120.00;$36.00;$36.00;$36.00;-;-;-;-;-;-
23/4/2025;$110.00;$110.00;$110.00;$36.00;$36.00;$36.00;-;-;-;-;-;-
24/4/2025;$110.00;$110.00;$110.00;$36.00;$36.00;$36.00;-;-;-;-;-;-
25/4/2025;$110.00;$110.00;$110.00;$36.00;$36.00;$36.00;-;-;-;-;-;-
28/4/2025;$110.00;$110.00;$110.00;$36.00;$36.00;$36.00;-;-;-;-;-;-
29/4/2025;$110.00;$110.00;$110.00;$36.00;$36.00;$36.00;-;-;-;-;-;-
30/4/2025;$110.00;$110.00;$110.00;$36.00;$36.00;$36.00;-;-;-;-;-;-
D.F. : Centro de distribuci?n Becerra;;;;;;;;;;;;
1/4/2025;$106.00;$110.00;$109.00;$53.00;$57.00;$56.00;$32.00;$35.00;$34.00;$10.00;$11.00;$10.00
2/4/2025;$107.00;$111.00;$110.00;$53.00;$57.00;$56.00;$32.00;$35.00;$34.00;$10.00;$11.00;$10.00
3/4/2025;$107.00;$111.00;$110.00;$53.00;$57.00;$56.00;$32.00;$35.00;$34.00;$10.00;$11.00;$10.00
4/4/2025;$108.00;$112.00;$111.00;$53.00;$57.00;$56.00;$32.00;$35.00;$34.00;$10.00;$11.00;$10.00
7/4/2025;$108.00;$112.00;$111.00;$53.00;$57.00;$56.00;$32.00;$35.00;$34.00;$10.00;$11.00;$10.00
8/4/2025;$108.00;$112.00;$110.00;$53.00;$57.00;$56.00;$31.00;$34.00;$33.00;$10.00;$11.00;$10.00
9/4/2025;$108.00;$112.00;$111.00;$53.00;$57.00;$56.00;$31.00;$34.00;$33.00;$10.00;$11.00;$10.00
10/4/2025;$108.00;$112.00;$111.00;$53.00;$57.00;$55.00;$31.00;$34.00;$33.00;$10.00;$11.00;$10.00
11/4/2025;$108.00;$112.00;$111.00;$51.00;$55.00;$54.00;$31.00;$34.00;$33.00;$10.00;$11.00;$10.00
14/4/2025;$108.00;$112.00;$111.00;$51.00;$55.00;$54.00;$32.00;$35.00;$34.00;$10.00;$11.00;$10.00
15/4/2025;$108.00;$112.00;$111.00;$51.00;$55.00;$54.00;$32.00;$35.00;$34.00;$10.00;$11.00;$10.00
16/4/2025;$109.00;$112.00;$111.00;$52.00;$56.00;$55.00;$33.00;$36.00;$35.00;$10.00;$11.00;$10.00
21/4/2025;$108.00;$112.00;$111.00;$51.00;$55.00;$54.00;$33.00;$36.00;$35.00;$10.00;$11.00;$10.00
22/4/2025;$107.00;$111.00;$110.00;$51.00;$55.00;$54.00;$32.00;$35.00;$34.00;$10.00;$11.00;$10.00
23/4/2025;$107.00;$111.00;$110.00;$51.00;$55.00;$54.00;$31.00;$34.00;$33.00;$10.00;$11.00;$10.00
24/4/2025;$107.00;$111.00;$110.00;$51.00;$55.00;$54.00;$31.00;$34.00;$33.00;$10.00;$11.00;$10.00
25/4/2025;$109.00;$113.00;$112.00;$52.00;$56.00;$55.00;$32.00;$35.00;$34.00;$10.00;$11.00;$10.00
28/4/2025;$110.00;$114.00;$113.00;$53.00;$57.00;$56.00;$32.00;$35.00;$34.00;$10.00;$11.00;$10.00
29/4/2025;$110.00;$114.00;$113.00;$53.00;$57.00;$56.00;$32.00;$35.00;$34.00;$10.00;$11.00;$10.00
30/4/2025;$113.00;$117.00;$116.00;$54.00;$58.00;$57.00;$33.00;$36.00;$35.00;$10.00;$11.00;$10.00
D.F. : Centro de distribuci?n Nuevo San Juan;;;;;;;;;;;;
1/4/2025;$106.00;$110.00;$108.00;$53.00;$57.00;$55.00;$32.00;$35.00;$33.00;$10.00;$11.00;$10.00
2/4/2025;$107.00;$111.00;$109.00;$52.00;$56.00;$55.00;$32.00;$35.00;$33.00;$10.00;$11.00;$10.00
3/4/2025;$107.00;$111.00;$109.00;$52.00;$56.00;$55.00;$32.00;$35.00;$33.00;$10.00;$11.00;$10.00
4/4/2025;$107.00;$111.00;$109.00;$53.00;$57.00;$55.00;$31.00;$34.00;$33.00;$10.00;$11.00;$10.00
7/4/2025;$108.00;$112.00;$110.00;$53.00;$57.00;$55.00;$31.00;$34.00;$33.00;$10.00;$11.00;$10.00
8/4/2025;$108.00;$112.00;$110.00;$52.00;$56.00;$55.00;$30.00;$33.00;$32.00;$10.00;$11.00;$10.00
9/4/2025;$108.00;$112.00;$110.00;$51.00;$55.00;$54.00;$30.00;$33.00;$31.00;$10.00;$11.00;$10.00
10/4/2025;$108.00;$112.00;$110.00;$51.00;$55.00;$54.00;$30.00;$33.00;$31.00;$10.00;$11.00;$10.00
11/4/2025;$107.00;$111.00;$110.00;$50.00;$54.00;$53.00;$30.00;$33.00;$32.00;$10.00;$11.00;$10.00
14/4/2025;$108.00;$112.00;$110.00;$51.00;$55.00;$53.00;$32.00;$35.00;$33.00;$10.00;$11.00;$10.00
15/4/2025;$108.00;$112.00;$110.00;$51.00;$55.00;$53.00;$32.00;$35.00;$33.00;$10.00;$11.00;$10.00
16/4/2025;$109.00;$112.00;$110.00;$52.00;$56.00;$54.00;$33.00;$36.00;$34.00;$10.00;$11.00;$10.00
21/4/2025;$108.00;$112.00;$110.00;$51.00;$55.00;$53.00;$33.00;$36.00;$34.00;$10.00;$11.00;$10.00
22/4/2025;$107.00;$111.00;$109.00;$51.00;$55.00;$53.00;$32.00;$35.00;$33.00;$10.00;$11.00;$10.00
23/4/2025;$106.00;$110.00;$109.00;$51.00;$55.00;$53.00;$31.00;$34.00;$32.00;$10.00;$11.00;$10.00
24/4/2025;$106.00;$110.00;$109.00;$51.00;$55.00;$53.00;$31.00;$34.00;$32.00;$10.00;$11.00;$10.00
25/4/2025;$109.00;$113.00;$111.00;$51.00;$55.00;$54.00;$32.00;$35.00;$33.00;$10.00;$11.00;$10.00
28/4/2025;$110.00;$114.00;$112.00;$53.00;$57.00;$55.00;$32.00;$35.00;$33.00;$10.00;$11.00;$10.00
29/4/2025;$110.00;$114.00;$112.00;$53.00;$57.00;$55.00;$32.00;$35.00;$33.00;$10.00;$11.00;$10.00
30/4/2025;$113.00;$117.00;$115.00;$54.00;$58.00;$56.00;$33.00;$36.00;$34.00;$10.00;$11.00;$10.00
D.F. : Centro de distribuci?n Ray?n;;;;;;;;;;;;
1/4/2025;$105.00;$109.00;$108.00;$52.00;$56.00;$55.00;$31.00;$34.00;$33.00;$10.00;$11.00;$10.00
2/4/2025;$106.00;$109.00;$108.00;$52.00;$56.00;$54.00;$31.00;$34.00;$33.00;$10.00;$11.00;$10.00
3/4/2025;$106.00;$110.00;$109.00;$52.00;$56.00;$54.00;$31.00;$34.00;$33.00;$10.00;$11.00;$10.00
4/4/2025;$106.00;$110.00;$109.00;$52.00;$56.00;$55.00;$31.00;$34.00;$32.00;$10.00;$11.00;$10.00
7/4/2025;$107.00;$111.00;$110.00;$52.00;$56.00;$55.00;$31.00;$34.00;$32.00;$10.00;$11.00;$10.00
8/4/2025;$107.00;$111.00;$110.00;$52.00;$56.00;$55.00;$30.00;$33.00;$31.00;$10.00;$11.00;$10.00
9/4/2025;$107.00;$111.00;$110.00;$51.00;$55.00;$53.00;$29.00;$32.00;$31.00;$10.00;$11.00;$10.00
10/4/2025;$107.00;$111.00;$110.00;$51.00;$55.00;$53.00;$29.00;$32.00;$31.00;$10.00;$11.00;$10.00
11/4/2025;$107.00;$111.00;$109.00;$50.00;$54.00;$52.00;$30.00;$33.00;$31.00;$10.00;$11.00;$10.00
14/4/2025;$107.00;$111.00;$110.00;$50.00;$54.00;$53.00;$32.00;$35.00;$33.00;$10.00;$11.00;$10.00
15/4/2025;$107.00;$111.00;$110.00;$50.00;$54.00;$53.00;$32.00;$35.00;$33.00;$10.00;$11.00;$10.00
16/4/2025;$108.00;$111.00;$110.00;$51.00;$55.00;$54.00;$32.00;$35.00;$34.00;$10.00;$11.00;$10.00
21/4/2025;$107.00;$111.00;$110.00;$50.00;$54.00;$53.00;$32.00;$35.00;$34.00;$10.00;$11.00;$10.00
22/4/2025;$106.00;$110.00;$109.00;$50.00;$54.00;$53.00;$31.00;$34.00;$33.00;$10.00;$11.00;$10.00
23/4/2025;$105.00;$109.00;$108.00;$50.00;$54.00;$53.00;$30.00;$33.00;$32.00;$10.00;$11.00;$10.00
24/4/2025;$105.00;$109.00;$108.00;$50.00;$54.00;$53.00;$30.00;$33.00;$32.00;$10.00;$11.00;$10.00
25/4/2025;$108.00;$112.00;$111.00;$51.00;$55.00;$53.00;$31.00;$34.00;$33.00;$10.00;$11.00;$10.00
28/4/2025;$109.00;$113.00;$112.00;$52.00;$56.00;$55.00;$31.00;$34.00;$33.00;$10.00;$11.00;$10.00
29/4/2025;$109.00;$113.00;$112.00;$52.00;$56.00;$55.00;$31.00;$34.00;$33.00;$10.00;$11.00;$10.00
30/4/2025;$112.00;$116.00;$115.00;$53.00;$57.00;$56.00;$32.00;$35.00;$34.00;$10.00;$11.00;$10.00
D.F. : Centro de distribuci?n San Juan;;;;;;;;;;;;
1/4/2025;$105.00;$109.00;$107.00;$52.00;$56.00;$54.00;$31.00;$34.00;$32.00;$10.00;$11.00;$10.00
2/4/2025;$106.00;$110.00;$108.00;$51.00;$55.00;$54.00;$31.00;$34.00;$32.00;$10.00;$11.00;$10.00
3/4/2025;$106.00;$110.00;$108.00;$51.00;$55.00;$54.00;$31.00;$34.00;$32.00;$10.00;$11.00;$10.00
4/4/2025;$106.00;$110.00;$108.00;$52.00;$56.00;$55.00;$30.00;$33.00;$32.00;$10.00;$11.00;$10.00
7/4/2025;$106.00;$110.00;$109.00;$52.00;$56.00;$54.00;$30.00;$33.00;$32.00;$10.00;$11.00;$10.00
8/4/2025;$107.00;$111.00;$109.00;$51.00;$55.00;$54.00;$29.00;$32.00;$31.00;$10.00;$11.00;$10.00
9/4/2025;$106.00;$110.00;$109.00;$50.00;$54.00;$53.00;$29.00;$32.00;$30.00;$10.00;$11.00;$10.00
10/4/2025;$106.00;$110.00;$109.00;$50.00;$54.00;$53.00;$29.00;$32.00;$30.00;$10.00;$11.00;$10.00
11/4/2025;$107.00;$111.00;$109.00;$49.00;$53.00;$52.00;$29.00;$32.00;$31.00;$10.00;$11.00;$10.00
14/4/2025;$106.00;$110.00;$109.00;$50.00;$54.00;$52.00;$31.00;$34.00;$32.00;$10.00;$11.00;$10.00
15/4/2025;$106.00;$110.00;$109.00;$50.00;$54.00;$52.00;$31.00;$34.00;$32.00;$10.00;$11.00;$10.00
16/4/2025;$108.00;$111.00;$110.00;$51.00;$55.00;$53.00;$32.00;$35.00;$34.00;$10.00;$11.00;$10.00
21/4/2025;$107.00;$111.00;$109.00;$50.00;$54.00;$52.00;$32.00;$35.00;$33.00;$10.00;$11.00;$10.00
22/4/2025;$106.00;$110.00;$109.00;$50.00;$54.00;$52.00;$31.00;$34.00;$32.00;$10.00;$11.00;$10.00
23/4/2025;$105.00;$109.00;$107.00;$50.00;$54.00;$52.00;$30.00;$33.00;$31.00;$10.00;$11.00;$10.00
24/4/2025;$105.00;$109.00;$107.00;$50.00;$54.00;$52.00;$30.00;$33.00;$31.00;$10.00;$11.00;$10.00
25/4/2025;$108.00;$112.00;$110.00;$50.00;$54.00;$53.00;$31.00;$34.00;$33.00;$10.00;$11.00;$10.00
28/4/2025;$109.00;$112.00;$111.00;$52.00;$56.00;$54.00;$31.00;$34.00;$33.00;$10.00;$11.00;$10.00
29/4/2025;$109.00;$112.00;$111.00;$52.00;$56.00;$54.00;$31.00;$34.00;$33.00;$10.00;$11.00;$10.00
30/4/2025;$112.00;$116.00;$114.00;$53.00;$57.00;$55.00;$32.00;$35.00;$34.00;$10.00;$11.00;$10.00
Qro. : Centros de distribuci?n de Quer?taro;;;;;;;;;;;;
1/4/2025;$100.00;$110.00;$110.00;$40.00;$44.00;$44.00;$25.00;$28.00;$28.00;$35.00;$38.00;$38.00
2/4/2025;$100.00;$110.00;$110.00;$40.00;$44.00;$44.00;$25.00;$28.00;$28.00;$35.00;$38.00;$38.00
3/4/2025;$100.00;$110.00;$110.00;$40.00;$44.00;$44.00;$25.00;$28.00;$28.00;$35.00;$38.00;$38.00
4/4/2025;$100.00;$110.00;$110.00;$40.00;$44.00;$44.00;$25.00;$28.00;$28.00;$35.00;$38.00;$38.00
7/4/2025;$100.00;$110.00;$110.00;$40.00;$44.00;$44.00;$25.00;$28.00;$28.00;$35.00;$38.00;$38.00
8/4/2025;$95.00;$110.00;$110.00;$45.00;$49.00;$49.00;$25.00;$28.00;$28.00;$35.00;$38.00;$38.00
9/4/2025;$95.00;$105.00;$105.00;$45.00;$49.00;$49.00;$25.00;$28.00;$28.00;$35.00;$37.00;$37.00
10/4/2025;$95.00;$105.00;$105.00;$45.00;$49.00;$49.00;$25.00;$28.00;$28.00;$35.00;$37.00;$37.00
11/4/2025;$95.00;$105.00;$105.00;$45.00;$49.00;$49.00;$25.00;$28.00;$28.00;$35.00;$37.00;$37.00
14/4/2025;$95.00;$105.00;$105.00;$45.00;$49.00;$49.00;$25.00;$28.00;$28.00;$35.00;$37.00;$37.00
15/4/2025;$95.00;$105.00;$105.00;$45.00;$49.00;$49.00;$25.00;$28.00;$28.00;$35.00;$37.00;$37.00
16/4/2025;$95.00;$105.00;$105.00;$45.00;$48.00;$48.00;$25.00;$28.00;$28.00;$35.00;$37.00;$37.00
21/4/2025;$95.00;$105.00;$105.00;$45.00;$48.00;$48.00;$25.00;$28.00;$28.00;$35.00;$37.00;$37.00
22/4/2025;$95.00;$105.00;$105.00;$45.00;$48.00;$48.00;$25.00;$28.00;$28.00;$35.00;$37.00;$37.00
23/4/2025;$95.00;$105.00;$105.00;$45.00;$48.00;$48.00;$25.00;$28.00;$28.00;$35.00;$37.00;$37.00
24/4/2025;$95.00;$105.00;$105.00;$45.00;$48.00;$48.00;$25.00;$28.00;$28.00;$35.00;$37.00;$37.00
25/4/2025;$95.00;$105.00;$105.00;$48.00;$50.00;$50.00;$25.00;$28.00;$28.00;$35.00;$37.00;$37.00
28/4/2025;$95.00;$105.00;$105.00;$48.00;$50.00;$50.00;$25.00;$28.00;$28.00;$35.00;$37.00;$37.00
29/4/2025;$95.00;$105.00;$105.00;$48.00;$50.00;$50.00;$25.00;$28.00;$28.00;$35.00;$37.00;$37.00
30/4/2025;$95.00;$105.00;$105.00;$48.00;$50.00;$50.00;$25.00;$28.00;$28.00;$35.00;$37.00;$37.00
Zac: Mercado de Abasto de Zacatecas;;;;;;;;;;;;
1/4/2025;$98.00;$98.00;$98.00;$44.00;$44.00;$44.00;$15.00;$15.00;$15.00;-;-;-
2/4/2025;$98.00;$98.00;$98.00;$44.00;$44.00;$44.00;$15.00;$15.00;$15.00;-;-;-
3/4/2025;$98.00;$98.00;$98.00;$44.00;$44.00;$44.00;$15.00;$15.00;$15.00;-;-;-
4/4/2025;$98.00;$98.00;$98.00;$44.00;$44.00;$44.00;$15.00;$15.00;$15.00;-;-;-
7/4/2025;$98.00;$98.00;$98.00;$44.00;$44.00;$44.00;$15.00;$15.00;$15.00;-;-;-
8/4/2025;$98.00;$98.00;$98.00;$44.00;$44.00;$44.00;$15.00;$15.00;$15.00;-;-;-
9/4/2025;$98.00;$98.00;$98.00;$44.00;$44.00;$44.00;$15.00;$15.00;$15.00;-;-;-
10/4/2025;$98.00;$98.00;$98.00;$44.00;$44.00;$44.00;$15.00;$15.00;$15.00;-;-;-
11/4/2025;$98.00;$98.00;$98.00;$44.00;$44.00;$44.00;$15.00;$15.00;$15.00;-;-;-
14/4/2025;$98.00;$98.00;$98.00;$44.00;$44.00;$44.00;$15.00;$15.00;$15.00;-;-;-
15/4/2025;$98.00;$98.00;$98.00;$44.00;$44.00;$44.00;$15.00;$15.00;$15.00;-;-;-
16/4/2025;$98.00;$98.00;$98.00;$44.00;$44.00;$44.00;$15.00;$15.00;$15.00;-;-;-
22/4/2025;$98.00;$98.00;$98.00;$44.00;$44.00;$44.00;$15.00;$15.00;$15.00;-;-;-
23/4/2025;$98.00;$98.00;$98.00;$44.00;$44.00;$44.00;$15.00;$15.00;$15.00;-;-;-
24/4/2025;$98.00;$98.00;$98.00;$44.00;$44.00;$44.00;$15.00;$15.00;$15.00;-;-;-
25/4/2025;$98.00;$98.00;$98.00;$44.00;$44.00;$44.00;$15.00;$15.00;$15.00;-;-;-
28/4/2025;$98.00;$98.00;$98.00;$44.00;$44.00;$44.00;$15.00;$15.00;$15.00;-;-;-
29/4/2025;$98.00;$98.00;$98.00;$44.00;$44.00;$44.00;$15.00;$15.00;$15.00;-;-;-
30/4/2025;$98.00;$98.00;$98.00;$44.00;$44.00;$44.00;$15.00;$15.00;$15.00;-;-;-
;;;;;;;;;;;;
B.C.S: Diversos establecimientos de La Paz;;;;;;;;;;;;
2/5/2025;$110.00;$110.00;$110.00;$36.00;$36.00;$36.00;-;-;-;-;-;-
6/5/2025;$110.00;$110.00;$110.00;$36.00;$36.00;$36.00;-;-;-;-;-;-
7/5/2025;$110.00;$110.00;$110.00;$36.00;$36.00;$36.00;-;-;-;-;-;-
8/5/2025;$110.00;$110.00;$110.00;$36.00;$36.00;$36.00;-;-;-;-;-;-
9/5/2025;$110.00;$110.00;$110.00;$36.00;$36.00;$36.00;-;-;-;-;-;-
12/5/2025;$110.00;$110.00;$110.00;$36.00;$36.00;$36.00;-;-;-;-;-;-
13/5/2025;$110.00;$110.00;$110.00;$36.00;$36.00;$36.00;-;-;-;-;-;-
14/5/2025;$110.00;$110.00;$110.00;$36.00;$36.00;$36.00;-;-;-;-;-;-
15/5/2025;$110.00;$110.00;$110.00;$36.00;$36.00;$36.00;-;-;-;-;-;-
16/5/2025;$110.00;$110.00;$110.00;$36.00;$36.00;$36.00;-;-;-;-;-;-
19/5/2025;$110.00;$110.00;$110.00;$36.00;$36.00;$36.00;-;-;-;-;-;-
20/5/2025;$110.00;$110.00;$110.00;$36.00;$36.00;$36.00;-;-;-;-;-;-
21/5/2025;$110.00;$110.00;$110.00;$36.00;$36.00;$36.00;-;-;-;-;-;-
22/5/2025;$110.00;$110.00;$110.00;$36.00;$36.00;$36.00;-;-;-;-;-;-
23/5/2025;$110.00;$110.00;$110.00;$36.00;$36.00;$36.00;-;-;-;-;-;-
26/5/2025;$110.00;$110.00;$110.00;$36.00;$36.00;$36.00;-;-;-;-;-;-
27/5/2025;$110.00;$110.00;$110.00;$36.00;$36.00;$36.00;-;-;-;-;-;-
28/5/2025;$110.00;$110.00;$110.00;$36.00;$36.00;$36.00;-;-;-;-;-;-
29/5/2025;$110.00;$110.00;$110.00;$36.00;$36.00;$36.00;-;-;-;-;-;-
30/5/2025;$110.00;$110.00;$110.00;$36.00;$36.00;$36.00;-;-;-;-;-;-
D.F. : Centro de distribuci?n Becerra;;;;;;;;;;;;
2/5/2025;$113.00;$117.00;$116.00;$54.00;$58.00;$57.00;$33.00;$36.00;$35.00;$10.00;$11.00;$10.00
6/5/2025;$115.00;$119.00;$118.00;$56.00;$60.00;$59.00;$33.00;$36.00;$35.00;$10.00;$11.00;$10.00
7/5/2025;$116.00;$120.00;$119.00;$56.00;$60.00;$59.00;$33.00;$36.00;$35.00;$10.00;$11.00;$10.00
8/5/2025;$116.00;$120.00;$119.00;$56.00;$60.00;$59.00;$33.00;$36.00;$35.00;$10.00;$11.00;$10.00
9/5/2025;$117.00;$121.00;$120.00;$56.00;$60.00;$59.00;$33.00;$36.00;$35.00;$10.00;$11.00;$10.00
12/5/2025;$117.00;$121.00;$120.00;$57.00;$61.00;$60.00;$33.00;$36.00;$35.00;$10.00;$12.00;$11.00
13/5/2025;$117.00;$121.00;$120.00;$57.00;$61.00;$60.00;$33.00;$36.00;$35.00;$10.00;$12.00;$11.00
14/5/2025;$117.00;$121.00;$120.00;$56.00;$60.00;$59.00;$33.00;$36.00;$35.00;$10.00;$11.00;$10.00
15/5/2025;$117.00;$121.00;$120.00;$56.00;$60.00;$59.00;$33.00;$36.00;$35.00;$11.00;$12.00;$11.00
16/5/2025;$118.00;$122.00;$121.00;$57.00;$61.00;$60.00;$33.00;$36.00;$34.00;$10.00;$12.00;$11.00
19/5/2025;$118.00;$122.00;$121.00;$58.00;$62.00;$61.00;$33.00;$36.00;$35.00;$10.00;$12.00;$11.00
20/5/2025;$118.00;$122.00;$121.00;$58.00;$62.00;$61.00;$33.00;$36.00;$35.00;$10.00;$12.00;$11.00
21/5/2025;$118.00;$122.00;$121.00;$58.00;$62.00;$61.00;$33.00;$36.00;$35.00;$10.00;$11.00;$10.00
22/5/2025;$118.00;$122.00;$121.00;$58.00;$62.00;$61.00;$33.00;$36.00;$35.00;$10.00;$12.00;$11.00
23/5/2025;$119.00;$123.00;$122.00;$58.00;$62.00;$61.00;$33.00;$36.00;$35.00;$10.00;$12.00;$11.00
26/5/2025;$120.00;$124.00;$123.00;$59.00;$63.00;$62.00;$34.00;$37.00;$36.00;$10.00;$12.00;$11.00
27/5/2025;$120.00;$124.00;$123.00;$59.00;$63.00;$62.00;$34.00;$37.00;$35.00;$10.00;$12.00;$11.00
28/5/2025;$120.00;$124.00;$123.00;$60.00;$64.00;$63.00;$35.00;$38.00;$37.00;$10.00;$12.00;$11.00
29/5/2025;$120.00;$124.00;$123.00;$60.00;$64.00;$63.00;$35.00;$38.00;$37.00;$10.00;$12.00;$11.00
30/5/2025;$120.00;$124.00;$123.00;$60.00;$64.00;$63.00;$35.00;$38.00;$37.00;$10.00;$12.00;$11.00
D.F. : Centro de distribuci?n Nuevo San Juan;;;;;;;;;;;;
2/5/2025;$113.00;$117.00;$115.00;$54.00;$58.00;$56.00;$32.00;$36.00;$34.00;$10.00;$11.00;$10.00
6/5/2025;$115.00;$119.00;$117.00;$56.00;$60.00;$58.00;$33.00;$36.00;$34.00;$10.00;$11.00;$10.00
7/5/2025;$116.00;$120.00;$118.00;$56.00;$60.00;$58.00;$33.00;$36.00;$34.00;$10.00;$11.00;$10.00
8/5/2025;$116.00;$120.00;$118.00;$56.00;$60.00;$58.00;$33.00;$36.00;$34.00;$10.00;$11.00;$10.00
9/5/2025;$117.00;$121.00;$119.00;$55.00;$59.00;$58.00;$33.00;$36.00;$34.00;$10.00;$11.00;$10.00
12/5/2025;$117.00;$121.00;$119.00;$57.00;$61.00;$59.00;$33.00;$36.00;$34.00;$10.00;$12.00;$11.00
13/5/2025;$117.00;$121.00;$119.00;$57.00;$61.00;$59.00;$32.00;$35.00;$34.00;$10.00;$12.00;$11.00
14/5/2025;$116.00;$120.00;$119.00;$55.00;$59.00;$58.00;$32.00;$35.00;$34.00;$10.00;$11.00;$10.00
15/5/2025;$116.00;$120.00;$119.00;$55.00;$59.00;$58.00;$32.00;$35.00;$34.00;$11.00;$12.00;$11.00
16/5/2025;$117.00;$121.00;$120.00;$57.00;$61.00;$59.00;$32.00;$35.00;$33.00;$10.00;$12.00;$11.00
19/5/2025;$118.00;$122.00;$120.00;$58.00;$62.00;$60.00;$33.00;$36.00;$34.00;$10.00;$12.00;$11.00
20/5/2025;$117.00;$121.00;$120.00;$58.00;$62.00;$60.00;$33.00;$36.00;$35.00;$10.00;$12.00;$11.00
21/5/2025;$117.00;$121.00;$120.00;$58.00;$62.00;$60.00;$33.00;$36.00;$35.00;$10.00;$11.00;$10.00
22/5/2025;$117.00;$121.00;$120.00;$57.00;$61.00;$60.00;$33.00;$36.00;$34.00;$10.00;$12.00;$11.00
23/5/2025;$118.00;$122.00;$121.00;$58.00;$62.00;$60.00;$33.00;$36.00;$34.00;$10.00;$12.00;$11.00
26/5/2025;$120.00;$124.00;$122.00;$59.00;$63.00;$61.00;$34.00;$37.00;$36.00;$10.00;$12.00;$11.00
27/5/2025;$120.00;$124.00;$122.00;$59.00;$63.00;$61.00;$34.00;$37.00;$35.00;$10.00;$12.00;$11.00
28/5/2025;$120.00;$124.00;$122.00;$60.00;$64.00;$62.00;$35.00;$38.00;$36.00;$10.00;$12.00;$11.00
29/5/2025;$119.00;$123.00;$122.00;$59.00;$63.00;$61.00;$35.00;$38.00;$36.00;$10.00;$12.00;$11.00
30/5/2025;$119.00;$124.00;$122.00;$59.00;$63.00;$61.00;$35.00;$38.00;$36.00;$10.00;$12.00;$11.00
D.F. : Centro de distribuci?n Ray?n;;;;;;;;;;;;
2/5/2025;$112.00;$116.00;$115.00;$53.00;$57.00;$56.00;$32.00;$35.00;$34.00;$10.00;$11.00;$10.00
6/5/2025;$114.00;$118.00;$117.00;$55.00;$59.00;$58.00;$32.00;$35.00;$34.00;$10.00;$11.00;$10.00
7/5/2025;$115.00;$119.00;$118.00;$55.00;$59.00;$58.00;$32.00;$35.00;$34.00;$10.00;$11.00;$10.00
8/5/2025;$115.00;$119.00;$118.00;$55.00;$59.00;$58.00;$32.00;$35.00;$34.00;$10.00;$11.00;$10.00
9/5/2025;$116.00;$120.00;$119.00;$55.00;$59.00;$57.00;$32.00;$35.00;$34.00;$10.00;$11.00;$10.00
12/5/2025;$116.00;$120.00;$119.00;$56.00;$60.00;$59.00;$32.00;$35.00;$34.00;$10.00;$12.00;$11.00
13/5/2025;$116.00;$120.00;$119.00;$56.00;$60.00;$59.00;$32.00;$35.00;$34.00;$10.00;$12.00;$11.00
14/5/2025;$116.00;$120.00;$118.00;$55.00;$59.00;$57.00;$32.00;$35.00;$34.00;$10.00;$11.00;$10.00
15/5/2025;$116.00;$120.00;$118.00;$55.00;$59.00;$57.00;$32.00;$35.00;$34.00;$11.00;$12.00;$11.00
16/5/2025;$117.00;$121.00;$119.00;$56.00;$60.00;$59.00;$31.00;$34.00;$33.00;$10.00;$12.00;$11.00
19/5/2025;$117.00;$121.00;$120.00;$57.00;$61.00;$60.00;$32.00;$35.00;$34.00;$10.00;$12.00;$11.00
20/5/2025;$117.00;$121.00;$119.00;$57.00;$61.00;$60.00;$32.00;$35.00;$34.00;$10.00;$12.00;$11.00
21/5/2025;$117.00;$121.00;$119.00;$57.00;$61.00;$60.00;$32.00;$35.00;$34.00;$10.00;$11.00;$10.00
22/5/2025;$117.00;$121.00;$119.00;$56.00;$60.00;$59.00;$32.00;$35.00;$34.00;$10.00;$12.00;$11.00
23/5/2025;$118.00;$122.00;$120.00;$57.00;$61.00;$60.00;$32.00;$35.00;$34.00;$10.00;$12.00;$11.00
26/5/2025;$119.00;$123.00;$122.00;$58.00;$62.00;$61.00;$33.00;$36.00;$35.00;$10.00;$12.00;$11.00
27/5/2025;$119.00;$123.00;$122.00;$58.00;$62.00;$61.00;$33.00;$36.00;$35.00;$10.00;$12.00;$11.00
28/5/2025;$119.00;$123.00;$122.00;$59.00;$63.00;$62.00;$34.00;$37.00;$36.00;$10.00;$12.00;$11.00
29/5/2025;$119.00;$123.00;$122.00;$58.00;$62.00;$60.00;$34.00;$37.00;$36.00;$10.00;$12.00;$11.00
30/5/2025;$119.00;$123.00;$122.00;$58.00;$62.00;$61.00;$34.00;$37.00;$36.00;$10.00;$12.00;$11.00
D.F. : Centro de distribuci?n San Juan;;;;;;;;;;;;
2/5/2025;$111.00;$115.00;$114.00;$52.00;$56.00;$55.00;$32.00;$36.00;$34.00;$10.00;$11.00;$10.00
6/5/2025;$114.00;$118.00;$116.00;$55.00;$59.00;$57.00;$32.00;$35.00;$33.00;$10.00;$11.00;$10.00
7/5/2025;$114.00;$118.00;$117.00;$55.00;$59.00;$57.00;$32.00;$35.00;$33.00;$10.00;$11.00;$10.00
8/5/2025;$114.00;$118.00;$117.00;$55.00;$59.00;$57.00;$32.00;$35.00;$33.00;$10.00;$11.00;$10.00
9/5/2025;$115.00;$119.00;$118.00;$54.00;$58.00;$57.00;$32.00;$35.00;$33.00;$10.00;$11.00;$10.00
12/5/2025;$116.00;$120.00;$118.00;$56.00;$60.00;$58.00;$32.00;$35.00;$34.00;$10.00;$12.00;$11.00
13/5/2025;$116.00;$120.00;$118.00;$56.00;$60.00;$58.00;$31.00;$34.00;$33.00;$10.00;$12.00;$11.00
14/5/2025;$115.00;$119.00;$118.00;$54.00;$58.00;$57.00;$31.00;$34.00;$33.00;$10.00;$11.00;$10.00
15/5/2025;$115.00;$119.00;$118.00;$54.00;$58.00;$57.00;$31.00;$34.00;$33.00;$11.00;$12.00;$11.00
16/5/2025;$116.00;$120.00;$118.00;$56.00;$60.00;$58.00;$31.00;$34.00;$33.00;$10.00;$12.00;$11.00
19/5/2025;$117.00;$121.00;$120.00;$57.00;$61.00;$59.00;$32.00;$35.00;$33.00;$10.00;$12.00;$11.00
20/5/2025;$116.00;$120.00;$119.00;$57.00;$61.00;$59.00;$32.00;$35.00;$34.00;$10.00;$12.00;$11.00
21/5/2025;$116.00;$120.00;$119.00;$57.00;$61.00;$59.00;$32.00;$35.00;$34.00;$10.00;$11.00;$10.00
22/5/2025;$116.00;$120.00;$119.00;$56.00;$60.00;$58.00;$32.00;$35.00;$33.00;$10.00;$12.00;$11.00
23/5/2025;$117.00;$121.00;$120.00;$56.00;$60.00;$59.00;$32.00;$35.00;$33.00;$10.00;$12.00;$11.00
26/5/2025;$119.00;$123.00;$121.00;$58.00;$62.00;$60.00;$33.00;$36.00;$35.00;$10.00;$12.00;$11.00
27/5/2025;$119.00;$123.00;$121.00;$58.00;$62.00;$60.00;$33.00;$36.00;$35.00;$10.00;$12.00;$11.00
28/5/2025;$119.00;$123.00;$121.00;$59.00;$63.00;$61.00;$34.00;$37.00;$36.00;$10.00;$12.00;$11.00
29/5/2025;$118.00;$122.00;$121.00;$58.00;$62.00;$60.00;$34.00;$37.00;$35.00;$10.00;$12.00;$11.00
30/5/2025;$118.00;$122.00;$121.00;$58.00;$62.00;$60.00;$34.00;$37.00;$35.00;$10.00;$12.00;$11.00
Qro. : Centros de distribuci?n de Quer?taro;;;;;;;;;;;;
2/5/2025;$95.00;$105.00;$105.00;$48.00;$50.00;$50.00;$25.00;$28.00;$28.00;$35.00;$37.00;$37.00
6/5/2025;$95.00;$105.00;$105.00;$48.00;$50.00;$50.00;$25.00;$28.00;$28.00;$35.00;$37.00;$37.00
7/5/2025;$95.00;$105.00;$105.00;$48.00;$50.00;$50.00;$25.00;$28.00;$28.00;$35.00;$37.00;$37.00
8/5/2025;$120.00;$135.00;$135.00;$55.00;$65.00;$65.00;$25.00;$28.00;$28.00;$35.00;$37.00;$37.00
9/5/2025;$120.00;$135.00;$135.00;$55.00;$65.00;$65.00;$25.00;$28.00;$28.00;$35.00;$37.00;$37.00
12/5/2025;$120.00;$135.00;$135.00;$55.00;$65.00;$65.00;$25.00;$28.00;$28.00;$35.00;$37.00;$37.00
13/5/2025;$120.00;$135.00;$135.00;$55.00;$65.00;$65.00;$25.00;$28.00;$28.00;$35.00;$37.00;$37.00
14/5/2025;$120.00;$135.00;$135.00;$55.00;$65.00;$65.00;$25.00;$28.00;$28.00;$35.00;$37.00;$37.00
15/5/2025;$120.00;$135.00;$135.00;$60.00;$68.00;$68.00;$25.00;$28.00;$28.00;$35.00;$37.00;$37.00
16/5/2025;$120.00;$135.00;$135.00;$60.00;$68.00;$68.00;$25.00;$28.00;$28.00;$35.00;$37.00;$37.00
19/5/2025;$125.00;$135.00;$135.00;$60.00;$70.00;$70.00;$25.00;$28.00;$28.00;$35.00;$38.00;$38.00
20/5/2025;$125.00;$135.00;$135.00;$60.00;$70.00;$70.00;$25.00;$28.00;$28.00;$35.00;$38.00;$38.00
21/5/2025;$125.00;$135.00;$135.00;$60.00;$70.00;$70.00;$25.00;$28.00;$28.00;$35.00;$38.00;$38.00
22/5/2025;$125.00;$135.00;$135.00;$60.00;$70.00;$70.00;$25.00;$28.00;$28.00;$35.00;$38.00;$38.00
23/5/2025;$125.00;$135.00;$135.00;$60.00;$70.00;$70.00;$25.00;$28.00;$28.00;$35.00;$38.00;$38.00
26/5/2025;$130.00;$140.00;$140.00;$55.00;$65.00;$65.00;$25.00;$28.00;$28.00;$35.00;$38.00;$38.00
27/5/2025;$130.00;$140.00;$140.00;$55.00;$65.00;$65.00;$25.00;$28.00;$28.00;$35.00;$38.00;$38.00
28/5/2025;$130.00;$140.00;$140.00;$55.00;$60.00;$60.00;$25.00;$28.00;$28.00;$35.00;$38.00;$38.00
29/5/2025;$130.00;$140.00;$140.00;$55.00;$65.00;$65.00;$25.00;$28.00;$28.00;$35.00;$38.00;$38.00
30/5/2025;$130.00;$140.00;$140.00;$55.00;$65.00;$65.00;$25.00;$28.00;$28.00;$35.00;$38.00;$38.00
Zac: Mercado de Abasto de Zacatecas;;;;;;;;;;;;
2/5/2025;$98.00;$98.00;$98.00;$44.00;$44.00;$44.00;$15.00;$15.00;$15.00;-;-;-
6/5/2025;$98.00;$98.00;$98.00;$44.00;$44.00;$44.00;$15.00;$15.00;$15.00;-;-;-
7/5/2025;$110.00;$110.00;$110.00;$44.00;$44.00;$44.00;$15.00;$15.00;$15.00;-;-;-
8/5/2025;$110.00;$110.00;$110.00;$44.00;$44.00;$44.00;$15.00;$15.00;$15.00;-;-;-
9/5/2025;$110.00;$110.00;$110.00;$44.00;$44.00;$44.00;$15.00;$15.00;$15.00;-;-;-
12/5/2025;$110.00;$110.00;$110.00;$44.00;$44.00;$44.00;$15.00;$15.00;$15.00;-;-;-
13/5/2025;$110.00;$110.00;$110.00;$44.00;$44.00;$44.00;$15.00;$15.00;$15.00;-;-;-
14/5/2025;$110.00;$110.00;$110.00;$46.00;$46.00;$46.00;$15.00;$15.00;$15.00;-;-;-
15/5/2025;$110.00;$110.00;$110.00;$46.00;$46.00;$46.00;$15.00;$15.00;$15.00;-;-;-
16/5/2025;$110.00;$110.00;$110.00;$46.00;$46.00;$46.00;$15.00;$15.00;$15.00;-;-;-
19/5/2025;$110.00;$110.00;$110.00;$46.00;$46.00;$46.00;$15.00;$15.00;$15.00;-;-;-
20/5/2025;$110.00;$110.00;$110.00;$46.00;$46.00;$46.00;$15.00;$15.00;$15.00;-;-;-
21/5/2025;$110.00;$110.00;$110.00;$46.00;$46.00;$46.00;$15.00;$15.00;$15.00;-;-;-
22/5/2025;$110.00;$110.00;$110.00;$46.00;$46.00;$46.00;$15.00;$15.00;$15.00;-;-;-
23/5/2025;$110.00;$110.00;$110.00;$46.00;$46.00;$46.00;$15.00;$15.00;$15.00;-;-;-
26/5/2025;$110.00;$110.00;$110.00;$46.00;$46.00;$46.00;$15.00;$15.00;$15.00;-;-;-
27/5/2025;$110.00;$110.00;$110.00;$46.00;$46.00;$46.00;$15.00;$15.00;$15.00;-;-;-
28/5/2025;$110.00;$110.00;$110.00;$46.00;$46.00;$46.00;$15.00;$15.00;$15.00;-;-;-
29/5/2025;$110.00;$110.00;$110.00;$46.00;$46.00;$46.00;$15.00;$15.00;$15.00;-;-;-
30/5/2025;$110.00;$110.00;$110.00;$46.00;$46.00;$46.00;$15.00;$15.00;$15.00;-;-;-
;;;;;;;;;;;;
;;;;;;;;;;;;
B.C.S: Diversos establecimientos de La Paz;;;;;;;;;;;;
2/6/2025;$110.00;$110.00;$110.00;$36.00;$36.00;$36.00;-;-;-;-;-;-
3/6/2025;$110.00;$110.00;$110.00;$36.00;$36.00;$36.00;-;-;-;-;-;-
4/6/2025;$110.00;$110.00;$110.00;$36.00;$36.00;$36.00;-;-;-;-;-;-
5/6/2025;$110.00;$110.00;$110.00;$36.00;$36.00;$36.00;-;-;-;-;-;-
6/6/2025;$110.00;$110.00;$110.00;$36.00;$36.00;$36.00;-;-;-;-;-;-
9/6/2025;$110.00;$110.00;$110.00;$36.00;$36.00;$36.00;-;-;-;-;-;-
10/6/2025;$110.00;$110.00;$110.00;$36.00;$36.00;$36.00;-;-;-;-;-;-
11/6/2025;$110.00;$110.00;$110.00;$36.00;$36.00;$36.00;-;-;-;-;-;-
12/6/2025;$110.00;$110.00;$110.00;$36.00;$36.00;$36.00;-;-;-;-;-;-
13/6/2025;$110.00;$110.00;$110.00;$36.00;$36.00;$36.00;-;-;-;-;-;-
16/6/2025;$110.00;$110.00;$110.00;$36.00;$36.00;$36.00;-;-;-;-;-;-
17/6/2025;$110.00;$110.00;$110.00;$36.00;$36.00;$36.00;-;-;-;-;-;-
18/6/2025;$120.00;$120.00;$120.00;$36.00;$36.00;$36.00;-;-;-;-;-;-
19/6/2025;$120.00;$120.00;$120.00;$36.00;$36.00;$36.00;-;-;-;-;-;-
20/6/2025;$120.00;$120.00;$120.00;$36.00;$36.00;$36.00;-;-;-;-;-;-
23/6/2025;$120.00;$120.00;$120.00;$36.00;$36.00;$36.00;-;-;-;-;-;-
24/6/2025;$120.00;$120.00;$120.00;$36.00;$36.00;$36.00;-;-;-;-;-;-
25/6/2025;$120.00;$120.00;$120.00;$36.00;$36.00;$36.00;-;-;-;-;-;-
26/6/2025;$120.00;$120.00;$120.00;$36.00;$36.00;$36.00;-;-;-;-;-;-
27/6/2025;$120.00;$120.00;$120.00;$36.00;$36.00;$36.00;-;-;-;-;-;-
30/6/2025;$120.00;$120.00;$120.00;$36.00;$36.00;$36.00;-;-;-;-;-;-
D.F. : Centro de distribuci?n Becerra;;;;;;;;;;;;
2/6/2025;$121.00;$125.00;$124.00;$60.00;$64.00;$63.00;$35.00;$38.00;$37.00;$10.00;$12.00;$11.00
3/6/2025;$121.00;$125.00;$124.00;$60.00;$64.00;$63.00;$35.00;$38.00;$37.00;$10.00;$12.00;$11.00
4/6/2025;$123.00;$127.00;$126.00;$61.00;$65.00;$64.00;$37.00;$40.00;$39.00;$10.00;$12.00;$11.00
5/6/2025;$122.00;$126.00;$125.00;$62.00;$66.00;$65.00;$37.00;$40.00;$39.00;$10.00;$12.00;$11.00
6/6/2025;$122.00;$126.00;$125.00;$62.00;$66.00;$65.00;$37.00;$40.00;$39.00;$10.00;$12.00;$11.00
9/6/2025;$123.00;$127.00;$126.00;$63.00;$67.00;$66.00;$37.00;$40.00;$39.00;$10.00;$12.00;$11.00
10/6/2025;$123.00;$127.00;$126.00;$63.00;$67.00;$66.00;$37.00;$40.00;$39.00;$10.00;$12.00;$11.00
11/6/2025;$123.00;$127.00;$126.00;$63.00;$67.00;$66.00;$37.00;$40.00;$39.00;$10.00;$12.00;$11.00
12/6/2025;$123.00;$127.00;$126.00;$63.00;$67.00;$66.00;$37.00;$40.00;$39.00;$10.00;$12.00;$11.00
13/6/2025;$123.00;$127.00;$126.00;$63.00;$67.00;$66.00;$38.00;$41.00;$40.00;$10.00;$12.00;$11.00
16/6/2025;$124.00;$128.00;$127.00;$62.00;$67.00;$66.00;$39.00;$42.00;$41.00;$10.00;$12.00;$11.00
17/6/2025;$124.00;$128.00;$127.00;$63.00;$67.00;$66.00;$39.00;$42.00;$41.00;$10.00;$12.00;$11.00
18/6/2025;$124.00;$128.00;$127.00;$63.00;$67.00;$66.00;$39.00;$42.00;$41.00;$10.00;$12.00;$11.00
19/6/2025;$124.00;$128.00;$127.00;$63.00;$67.00;$66.00;$39.00;$42.00;$41.00;$10.00;$12.00;$11.00
20/6/2025;$124.00;$128.00;$127.00;$62.00;$67.00;$66.00;$39.00;$42.00;$41.00;$10.00;$12.00;$11.00
23/6/2025;$125.00;$129.00;$128.00;$64.00;$68.00;$67.00;$40.00;$43.00;$42.00;$10.00;$12.00;$11.00
24/6/2025;$125.00;$129.00;$128.00;$64.00;$68.00;$67.00;$40.00;$43.00;$42.00;$10.00;$12.00;$11.00
25/6/2025;$123.00;$127.00;$126.00;$64.00;$68.00;$67.00;$40.00;$43.00;$42.00;$10.00;$12.00;$11.00
26/6/2025;$123.00;$127.00;$126.00;$64.00;$68.00;$67.00;$40.00;$43.00;$42.00;$10.00;$12.00;$11.00
27/6/2025;$124.00;$128.00;$127.00;$64.00;$68.00;$67.00;$40.00;$43.00;$42.00;$10.00;$12.00;$11.00
30/6/2025;$124.00;$128.00;$127.00;$63.00;$67.00;$66.00;$40.00;$43.00;$42.00;$10.00;$12.00;$11.00
D.F. : Centro de distribuci?n Nuevo San Juan;;;;;;;;;;;;
2/6/2025;$121.00;$125.00;$123.00;$59.00;$63.00;$62.00;$35.00;$38.00;$36.00;$10.00;$12.00;$11.00
3/6/2025;$121.00;$125.00;$123.00;$59.00;$63.00;$62.00;$35.00;$38.00;$36.00;$10.00;$12.00;$11.00
4/6/2025;$123.00;$127.00;$125.00;$61.00;$65.00;$63.00;$37.00;$40.00;$38.00;$10.00;$12.00;$11.00
5/6/2025;$122.00;$126.00;$124.00;$62.00;$66.00;$64.00;$37.00;$40.00;$38.00;$10.00;$12.00;$11.00
6/6/2025;$122.00;$126.00;$124.00;$62.00;$66.00;$64.00;$37.00;$40.00;$38.00;$10.00;$12.00;$11.00
9/6/2025;$123.00;$127.00;$125.00;$62.00;$66.00;$65.00;$37.00;$40.00;$38.00;$10.00;$12.00;$11.00
10/6/2025;$123.00;$127.00;$125.00;$62.00;$66.00;$65.00;$37.00;$40.00;$38.00;$10.00;$12.00;$11.00
11/6/2025;$122.00;$126.00;$125.00;$62.00;$66.00;$65.00;$36.00;$39.00;$38.00;$10.00;$12.00;$11.00
12/6/2025;$122.00;$126.00;$125.00;$62.00;$66.00;$65.00;$36.00;$39.00;$38.00;$10.00;$12.00;$11.00
13/6/2025;$123.00;$127.00;$125.00;$62.00;$66.00;$65.00;$38.00;$41.00;$39.00;$10.00;$12.00;$11.00
16/6/2025;$124.00;$128.00;$126.00;$63.00;$67.00;$65.00;$39.00;$42.00;$40.00;$10.00;$12.00;$11.00
17/6/2025;$124.00;$128.00;$126.00;$63.00;$67.00;$65.00;$39.00;$42.00;$40.00;$10.00;$12.00;$11.00
18/6/2025;$124.00;$128.00;$126.00;$62.00;$66.00;$65.00;$38.00;$41.00;$40.00;$10.00;$12.00;$11.00
19/6/2025;$124.00;$128.00;$126.00;$62.00;$66.00;$65.00;$38.00;$41.00;$40.00;$10.00;$12.00;$11.00
20/6/2025;$123.00;$127.00;$126.00;$63.00;$67.00;$66.00;$39.00;$42.00;$40.00;$10.00;$12.00;$11.00
23/6/2025;$124.00;$129.00;$126.00;$63.00;$67.00;$65.00;$40.00;$43.00;$41.00;$10.00;$12.00;$11.00
24/6/2025;$125.00;$129.00;$127.00;$63.00;$67.00;$66.00;$40.00;$43.00;$41.00;$10.00;$12.00;$11.00
25/6/2025;$123.00;$127.00;$125.00;$63.00;$67.00;$66.00;$40.00;$43.00;$41.00;$10.00;$12.00;$11.00
26/6/2025;$123.00;$127.00;$125.00;$63.00;$67.00;$66.00;$40.00;$43.00;$41.00;$10.00;$12.00;$11.00
27/6/2025;$124.00;$128.00;$126.00;$63.00;$67.00;$66.00;$40.00;$43.00;$41.00;$10.00;$12.00;$11.00
30/6/2025;$123.00;$127.00;$126.00;$62.00;$66.00;$65.00;$40.00;$43.00;$41.00;$10.00;$12.00;$11.00
D.F. : Centro de distribuci?n Ray?n;;;;;;;;;;;;
2/6/2025;$120.00;$124.00;$123.00;$59.00;$63.00;$61.00;$34.00;$37.00;$36.00;$10.00;$12.00;$11.00
3/6/2025;$120.00;$124.00;$123.00;$59.00;$63.00;$61.00;$34.00;$37.00;$36.00;$10.00;$12.00;$11.00
4/6/2025;$122.00;$126.00;$125.00;$60.00;$64.00;$63.00;$36.00;$39.00;$38.00;$10.00;$12.00;$11.00
5/6/2025;$121.00;$125.00;$124.00;$61.00;$65.00;$64.00;$36.00;$39.00;$38.00;$10.00;$12.00;$11.00
6/6/2025;$121.00;$125.00;$124.00;$61.00;$65.00;$64.00;$36.00;$39.00;$38.00;$10.00;$12.00;$11.00
9/6/2025;$122.00;$126.00;$125.00;$62.00;$66.00;$64.00;$36.00;$39.00;$38.00;$10.00;$12.00;$11.00
10/6/2025;$122.00;$126.00;$125.00;$62.00;$66.00;$64.00;$36.00;$39.00;$38.00;$10.00;$12.00;$11.00
11/6/2025;$122.00;$126.00;$124.00;$62.00;$66.00;$64.00;$36.00;$39.00;$37.00;$10.00;$12.00;$11.00
12/6/2025;$122.00;$126.00;$124.00;$62.00;$66.00;$64.00;$36.00;$39.00;$37.00;$10.00;$12.00;$11.00
13/6/2025;$122.00;$126.00;$125.00;$62.00;$66.00;$64.00;$37.00;$40.00;$39.00;$10.00;$12.00;$11.00
16/6/2025;$123.00;$127.00;$126.00;$62.00;$66.00;$65.00;$38.00;$41.00;$40.00;$10.00;$12.00;$11.00
17/6/2025;$123.00;$127.00;$126.00;$62.00;$66.00;$65.00;$38.00;$41.00;$40.00;$10.00;$12.00;$11.00
18/6/2025;$123.00;$127.00;$126.00;$62.00;$66.00;$64.00;$38.00;$41.00;$39.00;$10.00;$12.00;$11.00
19/6/2025;$123.00;$127.00;$126.00;$62.00;$66.00;$64.00;$38.00;$41.00;$39.00;$10.00;$12.00;$11.00
20/6/2025;$122.00;$126.00;$125.00;$62.00;$66.00;$65.00;$39.00;$42.00;$40.00;$10.00;$12.00;$11.00
23/6/2025;$123.00;$127.00;$126.00;$62.00;$66.00;$65.00;$39.00;$42.00;$41.00;$10.00;$12.00;$11.00
24/6/2025;$124.00;$128.00;$127.00;$63.00;$67.00;$65.00;$39.00;$42.00;$41.00;$10.00;$12.00;$11.00
25/6/2025;$122.00;$126.00;$125.00;$63.00;$67.00;$65.00;$39.00;$42.00;$41.00;$10.00;$12.00;$11.00
26/6/2025;$122.00;$126.00;$125.00;$63.00;$67.00;$65.00;$39.00;$42.00;$41.00;$10.00;$12.00;$11.00
27/6/2025;$123.00;$127.00;$126.00;$63.00;$67.00;$65.00;$39.00;$42.00;$41.00;$10.00;$12.00;$11.00
30/6/2025;$123.00;$127.00;$125.00;$62.00;$66.00;$64.00;$39.00;$42.00;$41.00;$10.00;$12.00;$11.00
D.F. : Centro de distribuci?n San Juan;;;;;;;;;;;;
2/6/2025;$120.00;$124.00;$122.00;$58.00;$62.00;$61.00;$34.00;$37.00;$35.00;$10.00;$12.00;$11.00
3/6/2025;$120.00;$124.00;$122.00;$58.00;$62.00;$62.00;$34.00;$35.00;$35.00;$10.00;$12.00;$11.00
4/6/2025;$122.00;$126.00;$124.00;$60.00;$64.00;$62.00;$36.00;$39.00;$38.00;$10.00;$12.00;$11.00
5/6/2025;$121.00;$125.00;$123.00;$61.00;$65.00;$63.00;$36.00;$39.00;$37.00;$10.00;$12.00;$11.00
6/6/2025;$121.00;$125.00;$123.00;$61.00;$65.00;$63.00;$36.00;$39.00;$37.00;$10.00;$12.00;$11.00
9/6/2025;$122.00;$126.00;$124.00;$61.00;$65.00;$63.00;$36.00;$39.00;$37.00;$10.00;$12.00;$11.00
10/6/2025;$122.00;$126.00;$124.00;$61.00;$65.00;$63.00;$36.00;$39.00;$37.00;$10.00;$12.00;$11.00
11/6/2025;$121.00;$125.00;$124.00;$61.00;$65.00;$63.00;$35.00;$38.00;$37.00;$10.00;$12.00;$11.00
12/6/2025;$121.00;$125.00;$124.00;$61.00;$65.00;$63.00;$35.00;$38.00;$37.00;$10.00;$12.00;$11.00
13/6/2025;$122.00;$126.00;$124.00;$61.00;$65.00;$64.00;$37.00;$40.00;$38.00;$10.00;$12.00;$11.00
16/6/2025;$123.00;$127.00;$125.00;$62.00;$66.00;$64.00;$38.00;$41.00;$39.00;$10.00;$12.00;$11.00
17/6/2025;$123.00;$127.00;$125.00;$62.00;$66.00;$64.00;$38.00;$41.00;$39.00;$10.00;$12.00;$11.00
18/6/2025;$123.00;$127.00;$125.00;$61.00;$65.00;$64.00;$37.00;$40.00;$39.00;$10.00;$12.00;$11.00
19/6/2025;$123.00;$127.00;$125.00;$61.00;$65.00;$64.00;$37.00;$40.00;$39.00;$10.00;$12.00;$11.00
20/6/2025;$122.00;$126.00;$124.00;$61.00;$65.00;$64.00;$39.00;$42.00;$40.00;$10.00;$12.00;$11.00
23/6/2025;$123.00;$127.00;$125.00;$62.00;$66.00;$64.00;$39.00;$42.00;$40.00;$10.00;$12.00;$11.00
24/6/2025;$124.00;$128.00;$126.00;$62.00;$66.00;$64.00;$38.00;$42.00;$40.00;$10.00;$12.00;$11.00
25/6/2025;$122.00;$126.00;$124.00;$62.00;$66.00;$65.00;$39.00;$42.00;$40.00;$10.00;$12.00;$11.00
26/6/2025;$122.00;$126.00;$124.00;$62.00;$66.00;$65.00;$39.00;$42.00;$40.00;$10.00;$12.00;$11.00
27/6/2025;$123.00;$127.00;$125.00;$62.00;$66.00;$64.00;$38.00;$41.00;$40.00;$10.00;$12.00;$11.00
30/6/2025;$122.00;$126.00;$125.00;$61.00;$65.00;$63.00;$39.00;$42.00;$41.00;$10.00;$12.00;$11.00
Qro. : Centros de distribuci?n de Quer?taro;;;;;;;;;;;;
2/6/2025;$130.00;$140.00;$140.00;$55.00;$65.00;$65.00;$25.00;$28.00;$28.00;$35.00;$38.00;$38.00
3/6/2025;$130.00;$135.00;$135.00;$53.00;$60.00;$60.00;$25.00;$28.00;$28.00;$35.00;$38.00;$38.00
4/6/2025;$130.00;$135.00;$135.00;$53.00;$60.00;$60.00;$25.00;$28.00;$28.00;$35.00;$38.00;$38.00
5/6/2025;$130.00;$135.00;$135.00;$53.00;$60.00;$60.00;$25.00;$28.00;$28.00;$35.00;$38.00;$38.00
6/6/2025;$125.00;$135.00;$135.00;$52.00;$60.00;$60.00;$25.00;$28.00;$28.00;$35.00;$38.00;$38.00
9/6/2025;$125.00;$135.00;$135.00;$52.00;$60.00;$60.00;$25.00;$28.00;$28.00;$35.00;$38.00;$38.00
10/6/2025;$125.00;$135.00;$135.00;$52.00;$60.00;$60.00;$25.00;$28.00;$28.00;$35.00;$38.00;$38.00
11/6/2025;$125.00;$135.00;$135.00;$52.00;$60.00;$60.00;$25.00;$28.00;$28.00;$35.00;$38.00;$38.00
12/6/2025;$110.00;$128.00;$128.00;$52.00;$60.00;$60.00;$25.00;$28.00;$28.00;$35.00;$38.00;$38.00
13/6/2025;$110.00;$128.00;$128.00;$52.00;$60.00;$60.00;$25.00;$28.00;$28.00;$35.00;$38.00;$38.00
16/6/2025;$110.00;$128.00;$128.00;$52.00;$60.00;$60.00;$25.00;$28.00;$28.00;$35.00;$38.00;$38.00
17/6/2025;$110.00;$128.00;$128.00;$52.00;$60.00;$60.00;$25.00;$28.00;$28.00;$35.00;$38.00;$38.00
18/6/2025;$110.00;$128.00;$128.00;$52.00;$60.00;$60.00;$25.00;$28.00;$28.00;$35.00;$38.00;$38.00
19/6/2025;$105.00;$115.00;$115.00;$52.00;$60.00;$60.00;$25.00;$28.00;$28.00;$35.00;$38.00;$38.00
20/6/2025;$105.00;$115.00;$115.00;$52.00;$60.00;$60.00;$25.00;$28.00;$28.00;$35.00;$38.00;$38.00
23/6/2025;$105.00;$115.00;$115.00;$52.00;$60.00;$60.00;$25.00;$28.00;$28.00;$35.00;$38.00;$38.00
24/6/2025;$105.00;$115.00;$115.00;$52.00;$60.00;$60.00;$25.00;$28.00;$28.00;$35.00;$38.00;$38.00
25/6/2025;$105.00;$115.00;$115.00;$52.00;$60.00;$60.00;$25.00;$28.00;$28.00;$35.00;$38.00;$38.00
26/6/2025;$98.00;$110.00;$110.00;$52.00;$60.00;$60.00;$25.00;$28.00;$28.00;$35.00;$38.00;$38.00
27/6/2025;$98.00;$110.00;$110.00;$52.00;$60.00;$60.00;$25.00;$28.00;$28.00;$35.00;$38.00;$38.00
30/6/2025;$98.00;$110.00;$110.00;$52.00;$60.00;$60.00;$25.00;$28.00;$28.00;$35.00;$38.00;$38.00
Zac: Mercado de Abasto de Zacatecas;;;;;;;;;;;;
2/6/2025;$110.00;$110.00;$110.00;$46.00;$46.00;$46.00;$15.00;$15.00;$15.00;-;-;-
3/6/2025;$110.00;$110.00;$110.00;$46.00;$46.00;$46.00;$15.00;$15.00;$15.00;-;-;-
4/6/2025;$110.00;$110.00;$110.00;$46.00;$46.00;$46.00;$15.00;$15.00;$15.00;-;-;-
5/6/2025;$110.00;$110.00;$110.00;$46.00;$46.00;$46.00;$15.00;$15.00;$15.00;-;-;-
6/6/2025;$110.00;$110.00;$110.00;$46.00;$46.00;$46.00;$15.00;$15.00;$15.00;-;-;-
9/6/2025;$110.00;$110.00;$110.00;$46.00;$46.00;$46.00;$15.00;$15.00;$15.00;-;-;-
10/6/2025;$110.00;$110.00;$110.00;$46.00;$46.00;$46.00;$15.00;$15.00;$15.00;-;-;-
11/6/2025;$110.00;$110.00;$110.00;$46.00;$46.00;$46.00;$15.00;$15.00;$15.00;-;-;-
12/6/2025;$110.00;$110.00;$110.00;$46.00;$46.00;$46.00;$15.00;$15.00;$15.00;-;-;-
13/6/2025;$110.00;$110.00;$110.00;$46.00;$46.00;$46.00;$15.00;$15.00;$15.00;-;-;-
16/6/2025;$110.00;$110.00;$110.00;$46.00;$46.00;$46.00;$15.00;$15.00;$15.00;-;-;-
17/6/2025;$110.00;$110.00;$110.00;$46.00;$46.00;$46.00;$15.00;$15.00;$15.00;-;-;-
18/6/2025;$110.00;$110.00;$110.00;$46.00;$46.00;$46.00;$15.00;$15.00;$15.00;-;-;-
19/6/2025;$110.00;$110.00;$110.00;$46.00;$46.00;$46.00;$15.00;$15.00;$15.00;-;-;-
20/6/2025;$110.00;$110.00;$110.00;$46.00;$46.00;$46.00;$15.00;$15.00;$15.00;-;-;-
23/6/2025;$110.00;$110.00;$110.00;$46.00;$46.00;$46.00;$15.00;$15.00;$15.00;-;-;-
24/6/2025;$110.00;$110.00;$110.00;$46.00;$46.00;$46.00;$15.00;$15.00;$15.00;-;-;-
25/6/2025;$110.00;$110.00;$110.00;$44.00;$44.00;$44.00;$15.00;$15.00;$15.00;-;-;-
26/6/2025;$110.00;$110.00;$110.00;$44.00;$44.00;$44.00;$15.00;$15.00;$15.00;-;-;-
27/6/2025;$110.00;$110.00;$110.00;$44.00;$44.00;$44.00;$15.00;$15.00;$15.00;-;-;-
30/6/2025;$110.00;$110.00;$110.00;$44.00;$44.00;$44.00;$15.00;$15.00;$15.00;-;-;-
;;;;;;;;;;;;
;;;;;;;;;;;;
B.C.S: Diversos establecimientos de La Paz;;;;;;;;;;;;
1/7/2025;$110.00;$110.00;$110.00;$36.00;$36.00;$36.00;-;-;-;-;-;-
2/7/2025;$110.00;$110.00;$110.00;$36.00;$36.00;$36.00;-;-;-;-;-;-
3/7/2025;$110.00;$110.00;$110.00;$36.00;$36.00;$36.00;-;-;-;-;-;-
4/7/2025;$110.00;$110.00;$110.00;$36.00;$36.00;$36.00;-;-;-;-;-;-
7/7/2025;$110.00;$110.00;$110.00;$36.00;$36.00;$36.00;-;-;-;-;-;-
8/7/2025;$110.00;$110.00;$110.00;$36.00;$36.00;$36.00;-;-;-;-;-;-
9/7/2025;$110.00;$110.00;$110.00;$36.00;$36.00;$36.00;-;-;-;-;-;-
10/7/2025;$110.00;$110.00;$110.00;$36.00;$36.00;$36.00;-;-;-;-;-;-
11/7/2025;$110.00;$110.00;$110.00;$36.00;$36.00;$36.00;-;-;-;-;-;-
14/7/2025;$110.00;$110.00;$110.00;$36.00;$36.00;$36.00;-;-;-;-;-;-
15/7/2025;$110.00;$110.00;$110.00;$36.00;$36.00;$36.00;-;-;-;-;-;-
16/7/2025;$100.00;$100.00;$100.00;$36.00;$36.00;$36.00;-;-;-;-;-;-
17/7/2025;$100.00;$100.00;$100.00;$36.00;$36.00;$36.00;-;-;-;-;-;-
18/7/2025;$100.00;$100.00;$100.00;$36.00;$36.00;$36.00;-;-;-;-;-;-
21/7/2025;$100.00;$100.00;$100.00;$36.00;$36.00;$36.00;-;-;-;-;-;-
22/7/2025;$100.00;$100.00;$100.00;$36.00;$36.00;$36.00;-;-;-;-;-;-
23/7/2025;$100.00;$100.00;$100.00;$36.00;$36.00;$36.00;-;-;-;-;-;-
24/7/2025;$100.00;$100.00;$100.00;$36.00;$36.00;$36.00;-;-;-;-;-;-
25/7/2025;$100.00;$100.00;$100.00;$36.00;$36.00;$36.00;-;-;-;-;-;-
28/7/2025;$100.00;$100.00;$100.00;$36.00;$36.00;$36.00;-;-;-;-;-;-
29/7/2025;$100.00;$100.00;$100.00;$36.00;$36.00;$36.00;-;-;-;-;-;-
30/7/2025;$100.00;$100.00;$100.00;$36.00;$36.00;$36.00;-;-;-;-;-;-
31/7/2025;$100.00;$100.00;$100.00;$36.00;$36.00;$36.00;-;-;-;-;-;-
D.F. : Centro de distribuci?n Becerra;;;;;;;;;;;;
1/7/2025;$124.00;$128.00;$127.00;$63.00;$67.00;$66.00;$40.00;$43.00;$42.00;$10.00;$12.00;$11.00
2/7/2025;$124.00;$128.00;$127.00;$63.00;$67.00;$66.00;$40.00;$43.00;$42.00;$10.00;$12.00;$11.00
3/7/2025;$124.00;$128.00;$127.00;$63.00;$67.00;$66.00;$40.00;$43.00;$42.00;$10.00;$12.00;$11.00
4/7/2025;$126.00;$130.00;$129.00;$67.00;$71.00;$70.00;$42.00;$45.00;$43.00;$10.00;$12.00;$11.00
7/7/2025;$127.00;$131.00;$130.00;$68.00;$72.00;$71.00;$43.00;$47.00;$45.00;$10.00;$12.00;$11.00
8/7/2025;$127.00;$131.00;$130.00;$69.00;$73.00;$72.00;$43.00;$46.00;$45.00;$10.00;$12.00;$11.00
9/7/2025;$127.00;$129.00;$128.00;$69.00;$73.00;$72.00;$43.00;$46.00;$45.00;$10.00;$11.00;$10.00
10/7/2025;$125.00;$128.00;$127.00;$69.00;$73.00;$72.00;$43.00;$46.00;$45.00;$10.00;$12.00;$11.00
11/7/2025;$122.00;$126.00;$125.00;$70.00;$74.00;$73.00;$42.00;$46.00;$44.00;$10.00;$12.00;$11.00
14/7/2025;$121.00;$125.00;$124.00;$60.00;$64.00;$63.00;$41.00;$44.00;$43.00;$10.00;$12.00;$11.00
15/7/2025;$121.00;$125.00;$124.00;$71.00;$75.00;$74.00;$41.00;$44.00;$43.00;$10.00;$12.00;$11.00
16/7/2025;$120.00;$124.00;$123.00;$71.00;$75.00;$74.00;$41.00;$44.00;$43.00;$10.00;$12.00;$11.00
17/7/2025;$119.00;$123.00;$122.00;$71.00;$75.00;$74.00;$41.00;$44.00;$43.00;$10.00;$12.00;$11.00
18/7/2025;$118.00;$122.00;$121.00;$71.00;$75.00;$74.00;$41.00;$44.00;$43.00;$10.00;$12.00;$11.00
21/7/2025;$117.00;$121.00;$120.00;$70.00;$74.00;$73.00;$41.00;$44.00;$43.00;$10.00;$12.00;$11.00
22/7/2025;$116.00;$120.00;$119.00;$68.00;$72.00;$71.00;$40.00;$43.00;$42.00;$10.00;$12.00;$11.00
23/7/2025;$115.00;$119.00;$118.00;$68.00;$72.00;$71.00;$39.00;$42.00;$41.00;$10.00;$12.00;$11.00
24/7/2025;$115.00;$119.00;$118.00;$68.00;$72.00;$71.00;$39.00;$42.00;$41.00;$10.00;$12.00;$11.00
25/7/2025;$115.00;$119.00;$118.00;$67.00;$71.00;$70.00;$39.00;$42.00;$41.00;$10.00;$12.00;$11.00
28/7/2025;$114.00;$118.00;$117.00;$66.00;$70.00;$69.00;$38.00;$41.00;$40.00;$10.00;$12.00;$11.00
29/7/2025;$114.00;$118.00;$117.00;$66.00;$70.00;$69.00;$38.00;$41.00;$40.00;$10.00;$12.00;$11.00
30/7/2025;$113.00;$117.00;$116.00;$65.00;$69.00;$68.00;$38.00;$41.00;$40.00;$10.00;$12.00;$11.00
31/7/2025;$113.00;$117.00;$116.00;$64.00;$68.00;$67.00;$38.00;$41.00;$40.00;$10.00;$12.00;$11.00
D.F. : Centro de distribuci?n Nuevo San Juan;;;;;;;;;;;;
1/7/2025;$123.00;$127.00;$126.00;$62.00;$66.00;$65.00;$40.00;$43.00;$41.00;$10.00;$12.00;$11.00
2/7/2025;$123.00;$127.00;$126.00;$62.00;$66.00;$65.00;$39.00;$43.00;$41.00;$10.00;$12.00;$11.00
3/7/2025;$123.00;$127.00;$126.00;$62.00;$66.00;$65.00;$39.00;$42.00;$41.00;$10.00;$12.00;$11.00
4/7/2025;$126.00;$130.00;$128.00;$67.00;$71.00;$69.00;$42.00;$45.00;$43.00;$10.00;$12.00;$11.00
7/7/2025;$127.00;$131.00;$129.00;$68.00;$72.00;$70.00;$42.00;$46.00;$44.00;$10.00;$12.00;$11.00
8/7/2025;$127.00;$131.00;$129.00;$69.00;$73.00;$71.00;$43.00;$46.00;$44.00;$10.00;$12.00;$11.00
9/7/2025;$127.00;$131.00;$129.00;$69.00;$73.00;$71.00;$43.00;$46.00;$44.00;$10.00;$12.00;$11.00
10/7/2025;$125.00;$129.00;$127.00;$69.00;$73.00;$71.00;$43.00;$46.00;$44.00;$10.00;$12.00;$11.00
11/7/2025;$121.00;$125.00;$124.00;$70.00;$74.00;$72.00;$42.00;$45.00;$43.00;$10.00;$12.00;$11.00
14/7/2025;$121.00;$125.00;$123.00;$60.00;$64.00;$62.00;$42.00;$45.00;$43.00;$10.00;$12.00;$11.00
15/7/2025;$121.00;$125.00;$123.00;$71.00;$75.00;$73.00;$41.00;$44.00;$42.00;$10.00;$12.00;$11.00
16/7/2025;$120.00;$124.00;$122.00;$71.00;$75.00;$73.00;$40.00;$43.00;$42.00;$10.00;$12.00;$11.00
17/7/2025;$119.00;$123.00;$121.00;$70.00;$74.00;$73.00;$41.00;$44.00;$42.00;$10.00;$12.00;$11.00
18/7/2025;$118.00;$122.00;$120.00;$71.00;$75.00;$73.00;$41.00;$44.00;$42.00;$10.00;$12.00;$11.00
21/7/2025;$117.00;$121.00;$119.00;$70.00;$74.00;$72.00;$41.00;$44.00;$42.00;$10.00;$12.00;$11.00
22/7/2025;$116.00;$120.00;$118.00;$68.00;$72.00;$70.00;$40.00;$43.00;$41.00;$10.00;$12.00;$11.00
23/7/2025;$115.00;$119.00;$117.00;$68.00;$72.00;$70.00;$39.00;$42.00;$40.00;$10.00;$12.00;$11.00
24/7/2025;$114.00;$118.00;$117.00;$68.00;$72.00;$70.00;$39.00;$42.00;$40.00;$10.00;$12.00;$11.00
25/7/2025;$114.00;$118.00;$117.00;$66.00;$70.00;$69.00;$39.00;$42.00;$40.00;$10.00;$12.00;$11.00
28/7/2025;$114.00;$118.00;$116.00;$66.00;$70.00;$68.00;$38.00;$41.00;$39.00;$10.00;$12.00;$11.00
29/7/2025;$113.00;$117.00;$116.00;$65.00;$69.00;$68.00;$37.00;$40.00;$39.00;$10.00;$12.00;$11.00
30/7/2025;$113.00;$117.00;$115.00;$65.00;$69.00;$68.00;$38.00;$41.00;$39.00;$10.00;$12.00;$11.00
31/7/2025;$112.00;$116.00;$115.00;$64.00;$68.00;$66.00;$38.00;$41.00;$39.00;$10.00;$12.00;$11.00
D.F. : Centro de distribuci?n Ray?n;;;;;;;;;;;;
1/7/2025;$123.00;$127.00;$125.00;$62.00;$66.00;$64.00;$39.00;$42.00;$41.00;$10.00;$12.00;$11.00
2/7/2025;$123.00;$127.00;$125.00;$62.00;$66.00;$64.00;$39.00;$42.00;$41.00;$10.00;$12.00;$11.00
3/7/2025;$123.00;$127.00;$125.00;$62.00;$66.00;$64.00;$39.00;$42.00;$41.00;$10.00;$12.00;$11.00
4/7/2025;$125.00;$129.00;$128.00;$66.00;$70.00;$69.00;$41.00;$44.00;$43.00;$10.00;$12.00;$11.00
7/7/2025;$126.00;$130.00;$129.00;$67.00;$71.00;$70.00;$42.00;$45.00;$44.00;$10.00;$12.00;$11.00
8/7/2025;$126.00;$130.00;$129.00;$68.00;$72.00;$71.00;$42.00;$45.00;$44.00;$10.00;$12.00;$11.00
9/7/2025;$126.00;$130.00;$129.00;$68.00;$72.00;$71.00;$42.00;$45.00;$44.00;$10.00;$12.00;$11.00
10/7/2025;$124.00;$128.00;$127.00;$68.00;$72.00;$71.00;$42.00;$45.00;$44.00;$10.00;$12.00;$11.00
11/7/2025;$121.00;$125.00;$123.00;$69.00;$73.00;$72.00;$41.00;$45.00;$43.00;$10.00;$12.00;$11.00
14/7/2025;$120.00;$124.00;$123.00;$69.00;$73.00;$72.00;$40.00;$43.00;$41.00;$10.00;$12.00;$11.00
15/7/2025;$120.00;$124.00;$123.00;$70.00;$74.00;$73.00;$40.00;$44.00;$43.00;$10.00;$12.00;$11.00
16/7/2025;$119.00;$123.00;$122.00;$70.00;$74.00;$73.00;$40.00;$43.00;$41.00;$10.00;$12.00;$11.00
17/7/2025;$118.00;$122.00;$121.00;$70.00;$74.00;$72.00;$40.00;$43.00;$42.00;$10.00;$12.00;$11.00
18/7/2025;$117.00;$121.00;$120.00;$70.00;$74.00;$73.00;$40.00;$43.00;$41.00;$10.00;$12.00;$11.00
21/7/2025;$117.00;$120.00;$119.00;$69.00;$73.00;$72.00;$40.00;$43.00;$42.00;$10.00;$12.00;$11.00
22/7/2025;$115.00;$119.00;$118.00;$66.00;$70.00;$69.00;$39.00;$43.00;$41.00;$10.00;$12.00;$11.00
23/7/2025;$114.00;$118.00;$117.00;$67.00;$71.00;$70.00;$38.00;$41.00;$40.00;$10.00;$12.00;$11.00
24/7/2025;$114.00;$118.00;$116.00;$67.00;$74.00;$70.00;$38.00;$41.00;$40.00;$10.00;$12.00;$11.00
25/7/2025;$113.00;$117.00;$116.00;$66.00;$70.00;$68.00;$38.00;$41.00;$40.00;$10.00;$12.00;$11.00
28/7/2025;$113.00;$117.00;$116.00;$65.00;$69.00;$68.00;$37.00;$40.00;$39.00;$10.00;$12.00;$11.00
29/7/2025;$113.00;$117.00;$115.00;$65.00;$69.00;$67.00;$37.00;$40.00;$38.00;$10.00;$12.00;$11.00
30/7/2025;$112.00;$116.00;$115.00;$62.00;$68.00;$64.00;$37.00;$40.00;$39.00;$10.00;$12.00;$11.00
31/7/2025;$112.00;$116.00;$114.00;$63.00;$67.00;$66.00;$37.00;$40.00;$39.00;$10.00;$12.00;$11.00
D.F. : Centro de distribuci?n San Juan;;;;;;;;;;;;
1/7/2025;$122.00;$126.00;$125.00;$61.00;$65.00;$64.00;$39.00;$42.00;$41.00;$10.00;$12.00;$11.00
2/7/2025;$122.00;$126.00;$125.00;$61.00;$65.00;$64.00;$38.00;$42.00;$41.00;$10.00;$12.00;$11.00
3/7/2025;$122.00;$126.00;$125.00;$61.00;$65.00;$64.00;$38.00;$42.00;$41.00;$10.00;$12.00;$11.00
4/7/2025;$125.00;$129.00;$127.00;$66.00;$70.00;$68.00;$41.00;$44.00;$43.00;$10.00;$12.00;$11.00
7/7/2025;$126.00;$130.00;$128.00;$67.00;$71.00;$69.00;$42.00;$45.00;$43.00;$10.00;$12.00;$11.00
8/7/2025;$126.00;$130.00;$128.00;$68.00;$72.00;$70.00;$42.00;$46.00;$43.00;$10.00;$12.00;$11.00
9/7/2025;$126.00;$130.00;$128.00;$68.00;$72.00;$70.00;$42.00;$46.00;$43.00;$10.00;$12.00;$11.00
10/7/2025;$124.00;$129.00;$127.00;$68.00;$72.00;$70.00;$42.00;$46.00;$43.00;$10.00;$12.00;$10.00
11/7/2025;$120.00;$124.00;$123.00;$69.00;$73.00;$71.00;$41.00;$44.00;$42.00;$10.00;$12.00;$11.00
14/7/2025;$120.00;$124.00;$122.00;$69.00;$73.00;$71.00;$39.00;$42.00;$41.00;$10.00;$12.00;$11.00
15/7/2025;$120.00;$124.00;$122.00;$70.00;$74.00;$72.00;$40.00;$43.00;$41.00;$10.00;$12.00;$11.00
16/7/2025;$119.00;$123.00;$122.00;$70.00;$74.00;$72.00;$39.00;$42.00;$41.00;$10.00;$12.00;$11.00
17/7/2025;$118.00;$122.00;$120.00;$69.00;$73.00;$72.00;$40.00;$43.00;$41.00;$10.00;$12.00;$11.00
18/7/2025;$117.00;$121.00;$119.00;$69.00;$73.00;$72.00;$40.00;$43.00;$41.00;$10.00;$12.00;$11.00
21/7/2025;$116.00;$120.00;$118.00;$69.00;$73.00;$71.00;$40.00;$43.00;$41.00;$10.00;$12.00;$11.00
22/7/2025;$115.00;$119.00;$117.00;$67.00;$71.00;$69.00;$39.00;$42.00;$41.00;$10.00;$12.00;$11.00
23/7/2025;$115.00;$119.00;$117.00;$67.00;$71.00;$69.00;$38.00;$41.00;$40.00;$10.00;$12.00;$11.00
24/7/2025;$113.00;$117.00;$116.00;$67.00;$71.00;$69.00;$38.00;$41.00;$40.00;$10.00;$12.00;$11.00
25/7/2025;$113.00;$117.00;$115.00;$65.00;$69.00;$68.00;$38.00;$41.00;$39.00;$10.00;$12.00;$11.00
28/7/2025;$113.00;$117.00;$115.00;$65.00;$69.00;$67.00;$37.00;$40.00;$38.00;$10.00;$12.00;$11.00
29/7/2025;$112.00;$116.00;$115.00;$64.00;$68.00;$67.00;$36.00;$39.00;$38.00;$10.00;$12.00;$11.00
30/7/2025;$112.00;$116.00;$114.00;$64.00;$68.00;$66.00;$37.00;$40.00;$39.00;$10.00;$12.00;$11.00
31/7/2025;$111.00;$115.00;$114.00;$63.00;$67.00;$65.00;$37.00;$40.00;$38.00;$10.00;$12.00;$11.00
Nay: Centros de Distribuci?n de Nayarit;;;;;;;;;;;;
31/7/2025;$108.00;$110.00;$109.00;$73.00;$75.00;$74.00;$43.00;$45.00;$44.00;$33.00;$35.00;$34.00
Qro. : Centros de distribuci?n de Quer?taro;;;;;;;;;;;;
1/7/2025;$98.00;$110.00;$110.00;$52.00;$60.00;$60.00;$25.00;$28.00;$28.00;$35.00;$38.00;$38.00
2/7/2025;$98.00;$110.00;$110.00;$52.00;$60.00;$60.00;$25.00;$28.00;$28.00;$35.00;$38.00;$38.00
3/7/2025;$98.00;$110.00;$110.00;$58.00;$65.00;$65.00;$25.00;$28.00;$28.00;$35.00;$38.00;$38.00
4/7/2025;$95.00;$100.00;$100.00;$65.00;$70.00;$70.00;$25.00;$28.00;$28.00;$25.00;$38.00;$38.00
7/7/2025;$95.00;$100.00;$100.00;$65.00;$70.00;$70.00;$25.00;$28.00;$28.00;$25.00;$38.00;$38.00
8/7/2025;$90.00;$100.00;$100.00;$65.00;$70.00;$70.00;$25.00;$28.00;$28.00;$35.00;$38.00;$38.00
9/7/2025;$90.00;$100.00;$100.00;$65.00;$70.00;$70.00;$25.00;$28.00;$28.00;$35.00;$38.00;$38.00
10/7/2025;$86.00;$100.00;$100.00;$65.00;$70.00;$70.00;$25.00;$28.00;$28.00;$35.00;$38.00;$38.00
11/7/2025;$85.00;$90.00;$90.00;$60.00;$65.00;$65.00;$25.00;$28.00;$28.00;$35.00;$38.00;$38.00
14/7/2025;$85.00;$90.00;$90.00;$60.00;$65.00;$65.00;$25.00;$28.00;$28.00;$35.00;$38.00;$38.00
15/7/2025;$85.00;$90.00;$90.00;$60.00;$65.00;$65.00;$25.00;$28.00;$28.00;$35.00;$38.00;$38.00
16/7/2025;$85.00;$90.00;$90.00;$60.00;$65.00;$65.00;$25.00;$28.00;$28.00;$35.00;$38.00;$38.00
17/7/2025;$80.00;$90.00;$90.00;$52.00;$60.00;$60.00;$25.00;$28.00;$28.00;$35.00;$38.00;$38.00
18/7/2025;$78.00;$85.00;$85.00;$50.00;$55.00;$55.00;$25.00;$28.00;$28.00;$35.00;$38.00;$38.00
21/7/2025;$78.00;$85.00;$85.00;$50.00;$55.00;$55.00;$25.00;$28.00;$28.00;$35.00;$38.00;$38.00
22/7/2025;$78.00;$85.00;$85.00;$50.00;$55.00;$55.00;$25.00;$28.00;$28.00;$35.00;$38.00;$38.00
23/7/2025;$75.00;$85.00;$85.00;$50.00;$60.00;$60.00;$25.00;$28.00;$28.00;$35.00;$38.00;$38.00
24/7/2025;$75.00;$85.00;$85.00;$50.00;$60.00;$60.00;$25.00;$28.00;$28.00;$35.00;$38.00;$38.00
25/7/2025;$75.00;$85.00;$85.00;$50.00;$60.00;$60.00;$25.00;$28.00;$28.00;$35.00;$38.00;$38.00
28/7/2025;$75.00;$85.00;$85.00;$50.00;$55.00;$55.00;$25.00;$28.00;$28.00;$35.00;$38.00;$38.00
29/7/2025;$75.00;$85.00;$85.00;$50.00;$55.00;$55.00;$25.00;$28.00;$28.00;$35.00;$38.00;$38.00
30/7/2025;$75.00;$85.00;$85.00;$46.00;$50.00;$50.00;$25.00;$28.00;$28.00;$35.00;$38.00;$38.00
31/7/2025;$75.00;$85.00;$85.00;$46.00;$50.00;$50.00;$25.00;$28.00;$28.00;$35.00;$38.00;$38.00
Zac: Mercado de Abasto de Zacatecas;;;;;;;;;;;;
1/7/2025;$110.00;$110.00;$110.00;$44.00;$44.00;$44.00;$15.00;$15.00;$15.00;-;-;-
2/7/2025;$110.00;$110.00;$110.00;$44.00;$44.00;$44.00;$15.00;$15.00;$15.00;-;-;-
3/7/2025;$110.00;$110.00;$110.00;$44.00;$44.00;$44.00;$15.00;$15.00;$15.00;-;-;-
4/7/2025;$110.00;$110.00;$110.00;$44.00;$44.00;$44.00;$15.00;$15.00;$15.00;-;-;-
7/7/2025;$110.00;$110.00;$110.00;$44.00;$44.00;$44.00;$15.00;$15.00;$15.00;-;-;-
8/7/2025;$110.00;$110.00;$110.00;$44.00;$44.00;$44.00;$15.00;$15.00;$15.00;-;-;-
9/7/2025;$110.00;$110.00;$110.00;$44.00;$44.00;$44.00;$15.00;$15.00;$15.00;-;-;-
10/7/2025;$110.00;$110.00;$110.00;$44.00;$44.00;$44.00;$15.00;$15.00;$15.00;-;-;-
11/7/2025;$110.00;$110.00;$110.00;$44.00;$44.00;$44.00;$15.00;$15.00;$15.00;-;-;-
14/7/2025;$110.00;$110.00;$110.00;$44.00;$44.00;$44.00;$15.00;$15.00;$15.00;-;-;-
15/7/2025;$110.00;$110.00;$110.00;$44.00;$44.00;$44.00;$15.00;$15.00;$15.00;-;-;-
16/7/2025;$110.00;$110.00;$110.00;$44.00;$44.00;$44.00;$15.00;$15.00;$15.00;-;-;-
17/7/2025;$110.00;$110.00;$110.00;$44.00;$44.00;$44.00;$15.00;$15.00;$15.00;-;-;-
18/7/2025;$110.00;$110.00;$110.00;$44.00;$44.00;$44.00;$15.00;$15.00;$15.00;-;-;-
21/7/2025;$110.00;$110.00;$110.00;$44.00;$44.00;$44.00;$15.00;$15.00;$15.00;-;-;-
22/7/2025;$110.00;$110.00;$110.00;$44.00;$44.00;$44.00;$15.00;$15.00;$15.00;-;-;-
23/7/2025;$114.00;$114.00;$114.00;$46.00;$46.00;$46.00;$15.00;$15.00;$15.00;-;-;-
24/7/2025;$114.00;$114.00;$114.00;$46.00;$46.00;$46.00;$15.00;$15.00;$15.00;-;-;-
25/7/2025;$114.00;$114.00;$114.00;$46.00;$46.00;$46.00;$15.00;$15.00;$15.00;-;-;-
28/7/2025;$114.00;$114.00;$114.00;$46.00;$46.00;$46.00;$15.00;$15.00;$15.00;-;-;-
29/7/2025;$114.00;$114.00;$114.00;$46.00;$46.00;$46.00;$15.00;$15.00;$15.00;-;-;-
30/7/2025;$114.00;$114.00;$114.00;$46.00;$46.00;$46.00;$15.00;$15.00;$15.00;-;-;-
31/7/2025;$114.00;$114.00;$114.00;$46.00;$46.00;$46.00;$15.00;$15.00;$15.00;-;-;-
;;;;;;;;;;;;
B.C.S: Diversos establecimientos de La Paz;;;;;;;;;;;;
1/8/2025;$100.00;$100.00;$100.00;$36.00;$36.00;$36.00;-;-;-;-;-;-
4/8/2025;$100.00;$100.00;$100.00;$36.00;$36.00;$36.00;-;-;-;-;-;-
5/8/2025;$100.00;$100.00;$100.00;$36.00;$36.00;$36.00;-;-;-;-;-;-
6/8/2025;$100.00;$100.00;$100.00;$36.00;$36.00;$36.00;-;-;-;-;-;-
7/8/2025;$100.00;$100.00;$100.00;$36.00;$36.00;$36.00;-;-;-;-;-;-
8/8/2025;$100.00;$100.00;$100.00;$36.00;$36.00;$36.00;-;-;-;-;-;-
11/8/2025;$110.00;$110.00;$110.00;$36.00;$36.00;$36.00;-;-;-;-;-;-
12/8/2025;$110.00;$110.00;$110.00;$36.00;$36.00;$36.00;-;-;-;-;-;-
13/8/2025;$110.00;$110.00;$110.00;$36.00;$36.00;$36.00;-;-;-;-;-;-
14/8/2025;$110.00;$110.00;$110.00;$36.00;$36.00;$36.00;-;-;-;-;-;-
15/8/2025;$110.00;$110.00;$110.00;$36.00;$36.00;$36.00;-;-;-;-;-;-
18/8/2025;$110.00;$110.00;$110.00;$36.00;$36.00;$36.00;-;-;-;-;-;-
19/8/2025;$110.00;$110.00;$110.00;$36.00;$36.00;$36.00;-;-;-;-;-;-
20/8/2025;$110.00;$110.00;$110.00;$36.00;$36.00;$36.00;-;-;-;-;-;-
21/8/2025;$110.00;$110.00;$110.00;$36.00;$36.00;$36.00;-;-;-;-;-;-
22/8/2025;$110.00;$110.00;$110.00;$36.00;$36.00;$36.00;-;-;-;-;-;-
25/8/2025;$110.00;$110.00;$110.00;$36.00;$36.00;$36.00;-;-;-;-;-;-
26/8/2025;$110.00;$110.00;$110.00;$36.00;$36.00;$36.00;-;-;-;-;-;-
27/8/2025;$110.00;$110.00;$110.00;$36.00;$36.00;$36.00;-;-;-;-;-;-
28/8/2025;$110.00;$110.00;$110.00;$36.00;$36.00;$36.00;-;-;-;-;-;-
29/8/2025;$110.00;$110.00;$110.00;$36.00;$36.00;$36.00;-;-;-;-;-;-
D.F. : Centro de distribuci?n Becerra;;;;;;;;;;;;
1/8/2025;$112.00;$116.00;$115.00;$63.00;$67.00;$66.00;$38.00;$41.00;$40.00;$10.00;$12.00;$11.00
4/8/2025;$111.00;$115.00;$114.00;$62.00;$65.00;$64.00;$37.00;$40.00;$39.00;$10.00;$12.00;$11.00
5/8/2025;$110.00;$115.00;$114.00;$61.00;$65.00;$64.00;$37.00;$40.00;$39.00;$10.00;$12.00;$11.00
6/8/2025;$110.00;$114.00;$113.00;$61.00;$65.00;$64.00;$36.00;$39.00;$38.00;$10.00;$12.00;$11.00
7/8/2025;$110.00;$114.00;$113.00;$61.00;$65.00;$64.00;$35.00;$38.00;$37.00;$10.00;$12.00;$11.00
8/8/2025;$109.00;$113.00;$112.00;$60.00;$64.00;$63.00;$34.00;$37.00;$36.00;$10.00;$12.00;$11.00
11/8/2025;$107.00;$111.00;$110.00;$59.00;$63.00;$62.00;$34.00;$37.00;$36.00;$10.00;$12.00;$11.00
12/8/2025;$106.00;$110.00;$109.00;$59.00;$63.00;$62.00;$35.00;$38.00;$37.00;$10.00;$12.00;$11.00
13/8/2025;$106.00;$110.00;$109.00;$60.00;$64.00;$63.00;$35.00;$38.00;$37.00;$10.00;$12.00;$11.00
14/8/2025;$104.00;$108.00;$107.00;$58.00;$62.00;$61.00;$33.00;$36.00;$35.00;$10.00;$12.00;$10.00
15/8/2025;$103.00;$107.00;$106.00;$56.00;$60.00;$59.00;$33.00;$36.00;$35.00;$10.00;$12.00;$11.00
18/8/2025;$102.00;$106.00;$105.00;$54.00;$58.00;$57.00;$36.00;$39.00;$38.00;$10.00;$12.00;$11.00
19/8/2025;$102.00;$106.00;$105.00;$55.00;$59.00;$58.00;$36.00;$39.00;$38.00;$10.00;$12.00;$11.00
20/8/2025;$102.00;$106.00;$105.00;$53.00;$57.00;$56.00;$35.00;$38.00;$37.00;$10.00;$12.00;$11.00
21/8/2025;$101.00;$105.00;$104.00;$52.00;$56.00;$55.00;$36.00;$39.00;$38.00;$10.00;$12.00;$11.00
22/8/2025;$101.00;$105.00;$104.00;$50.00;$54.00;$53.00;$36.00;$39.00;$38.00;$10.00;$12.00;$11.00
25/8/2025;$100.00;$104.00;$103.00;$48.00;$52.00;$51.00;$35.00;$38.00;$37.00;$10.00;$12.00;$11.00
26/8/2025;$101.00;$105.00;$104.00;$48.00;$52.00;$51.00;$35.00;$38.00;$37.00;$10.00;$12.00;$11.00
27/8/2025;$105.00;$109.00;$108.00;$50.00;$54.00;$53.00;$35.00;$38.00;$37.00;$10.00;$12.00;$11.00
28/8/2025;$106.00;$110.00;$109.00;$50.00;$54.00;$53.00;$35.00;$38.00;$37.00;$10.00;$12.00;$11.00
29/8/2025;$108.00;$112.00;$111.00;$49.00;$53.00;$52.00;$34.00;$37.00;$36.00;$10.00;$12.00;$11.00
D.F. : Centro de distribuci?n Nuevo San Juan;;;;;;;;;;;;
1/8/2025;$112.00;$116.00;$114.00;$63.00;$67.00;$66.00;$38.00;$41.00;$40.00;$10.00;$12.00;$11.00
4/8/2025;$111.00;$115.00;$113.00;$61.00;$65.00;$63.00;$37.00;$40.00;$38.00;$10.00;$12.00;$11.00
5/8/2025;$110.00;$114.00;$113.00;$61.00;$65.00;$63.00;$37.00;$40.00;$38.00;$10.00;$12.00;$11.00
6/8/2025;$110.00;$114.00;$112.00;$60.00;$64.00;$63.00;$36.00;$39.00;$37.00;$10.00;$12.00;$11.00
7/8/2025;$110.00;$114.00;$112.00;$61.00;$65.00;$63.00;$35.00;$38.00;$36.00;$10.00;$12.00;$11.00
8/8/2025;$109.00;$113.00;$111.00;$60.00;$64.00;$62.00;$34.00;$37.00;$35.00;$10.00;$12.00;$11.00
11/8/2025;$107.00;$111.00;$109.00;$59.00;$63.00;$61.00;$34.00;$37.00;$35.00;$10.00;$12.00;$11.00
12/8/2025;$106.00;$110.00;$108.00;$59.00;$62.00;$61.00;$35.00;$38.00;$37.00;$10.00;$12.00;$10.00
13/8/2025;$105.00;$109.00;$108.00;$59.00;$63.00;$62.00;$35.00;$38.00;$36.00;$10.00;$12.00;$11.00
14/8/2025;$103.00;$107.00;$106.00;$57.00;$61.00;$60.00;$32.00;$35.00;$34.00;$10.00;$12.00;$10.00
15/8/2025;$103.00;$107.00;$105.00;$55.00;$59.00;$58.00;$33.00;$36.00;$34.00;$10.00;$12.00;$11.00
18/8/2025;$102.00;$106.00;$104.00;$54.00;$58.00;$56.00;$36.00;$39.00;$37.00;$10.00;$12.00;$11.00
19/8/2025;$102.00;$106.00;$104.00;$54.00;$58.00;$57.00;$36.00;$39.00;$37.00;$10.00;$12.00;$11.00
20/8/2025;$101.00;$105.00;$104.00;$53.00;$57.00;$55.00;$35.00;$38.00;$36.00;$10.00;$12.00;$11.00
21/8/2025;$100.00;$104.00;$103.00;$51.00;$55.00;$54.00;$36.00;$39.00;$38.00;$10.00;$12.00;$11.00
22/8/2025;$100.00;$104.00;$103.00;$50.00;$54.00;$52.00;$36.00;$39.00;$37.00;$10.00;$12.00;$11.00
25/8/2025;$100.00;$104.00;$102.00;$47.00;$51.00;$50.00;$35.00;$38.00;$36.00;$10.00;$12.00;$11.00
26/8/2025;$101.00;$105.00;$103.00;$48.00;$52.00;$50.00;$35.00;$38.00;$37.00;$10.00;$12.00;$11.00
27/8/2025;$105.00;$109.00;$107.00;$50.00;$54.00;$52.00;$35.00;$39.00;$37.00;$10.00;$12.00;$11.00
28/8/2025;$106.00;$110.00;$108.00;$50.00;$54.00;$52.00;$35.00;$38.00;$36.00;$10.00;$12.00;$11.00
29/8/2025;$108.00;$112.00;$110.00;$49.00;$53.00;$51.00;$34.00;$37.00;$35.00;$10.00;$12.00;$11.00
D.F. : Centro de distribuci?n Ray?n;;;;;;;;;;;;
1/8/2025;$111.00;$115.00;$114.00;$62.00;$66.00;$65.00;$37.00;$40.00;$39.00;$10.00;$12.00;$11.00
4/8/2025;$110.00;$114.00;$113.00;$60.00;$64.00;$63.00;$37.00;$39.00;$38.00;$10.00;$12.00;$11.00
5/8/2025;$109.00;$113.00;$112.00;$60.00;$64.00;$63.00;$36.00;$39.00;$38.00;$10.00;$12.00;$11.00
6/8/2025;$109.00;$113.00;$112.00;$60.00;$64.00;$62.00;$35.00;$38.00;$37.00;$10.00;$12.00;$11.00
7/8/2025;$109.00;$113.00;$112.00;$60.00;$64.00;$63.00;$36.00;$39.00;$37.00;$10.00;$12.00;$11.00
8/8/2025;$108.00;$112.00;$111.00;$57.00;$63.00;$62.00;$33.00;$36.00;$35.00;$10.00;$12.00;$11.00
11/8/2025;$106.00;$110.00;$108.00;$58.00;$62.00;$61.00;$34.00;$37.00;$35.00;$10.00;$12.00;$11.00
12/8/2025;$105.00;$109.00;$108.00;$58.00;$62.00;$60.00;$34.00;$37.00;$36.00;$10.00;$12.00;$11.00
13/8/2025;$105.00;$109.00;$107.00;$59.00;$63.00;$61.00;$34.00;$37.00;$36.00;$10.00;$12.00;$11.00
14/8/2025;$103.00;$107.00;$105.00;$57.00;$61.00;$59.00;$32.00;$35.00;$33.00;$10.00;$12.00;$10.00
15/8/2025;$102.00;$106.00;$105.00;$54.00;$58.00;$57.00;$32.00;$35.00;$34.00;$10.00;$12.00;$11.00
18/8/2025;$101.00;$105.00;$104.00;$53.00;$57.00;$56.00;$35.00;$38.00;$37.00;$10.00;$12.00;$11.00
19/8/2025;$101.00;$105.00;$104.00;$54.00;$58.00;$56.00;$35.00;$38.00;$37.00;$10.00;$12.00;$11.00
20/8/2025;$101.00;$105.00;$104.00;$52.00;$56.00;$55.00;$34.00;$37.00;$36.00;$10.00;$12.00;$11.00
21/8/2025;$100.00;$104.00;$102.00;$50.00;$54.00;$53.00;$35.00;$38.00;$37.00;$10.00;$12.00;$11.00
22/8/2025;$100.00;$104.00;$102.00;$49.00;$53.00;$52.00;$35.00;$38.00;$37.00;$10.00;$12.00;$11.00
25/8/2025;$99.00;$103.00;$102.00;$47.00;$51.00;$49.00;$34.00;$37.00;$36.00;$10.00;$12.00;$11.00
26/8/2025;$100.00;$104.00;$103.00;$47.00;$51.00;$50.00;$34.00;$37.00;$36.00;$10.00;$12.00;$11.00
27/8/2025;$104.00;$108.00;$107.00;$49.00;$53.00;$52.00;$34.00;$37.00;$36.00;$10.00;$12.00;$11.00
28/8/2025;$105.00;$109.00;$108.00;$49.00;$53.00;$52.00;$34.00;$37.00;$36.00;$10.00;$12.00;$10.00
29/8/2025;$107.00;$111.00;$110.00;$48.00;$52.00;$51.00;$33.00;$36.00;$35.00;$10.00;$12.00;$11.00
D.F. : Centro de distribuci?n San Juan;;;;;;;;;;;;
1/8/2025;$111.00;$115.00;$113.00;$62.00;$66.00;$64.00;$37.00;$40.00;$38.00;$10.00;$12.00;$11.00
4/8/2025;$110.00;$114.00;$112.00;$60.00;$64.00;$62.00;$36.00;$39.00;$37.00;$10.00;$12.00;$11.00
5/8/2025;$109.00;$113.00;$111.00;$60.00;$64.00;$62.00;$36.00;$39.00;$37.00;$10.00;$12.00;$11.00
6/8/2025;$109.00;$113.00;$111.00;$59.00;$63.00;$62.00;$35.00;$38.00;$36.00;$10.00;$12.00;$11.00
7/8/2025;$109.00;$114.00;$112.00;$60.00;$64.00;$62.00;$34.00;$37.00;$35.00;$10.00;$12.00;$11.00
8/8/2025;$108.00;$112.00;$110.00;$59.00;$63.00;$61.00;$33.00;$36.00;$34.00;$10.00;$12.00;$11.00
11/8/2025;$105.00;$109.00;$108.00;$58.00;$62.00;$60.00;$33.00;$36.00;$35.00;$10.00;$12.00;$11.00
12/8/2025;$105.00;$109.00;$107.00;$58.00;$62.00;$60.00;$34.00;$37.00;$36.00;$10.00;$12.00;$11.00
13/8/2025;$104.00;$108.00;$107.00;$58.00;$62.00;$61.00;$34.00;$37.00;$35.00;$10.00;$12.00;$11.00
14/8/2025;$102.00;$106.00;$105.00;$56.00;$60.00;$59.00;$31.00;$34.00;$33.00;$10.00;$12.00;$10.00
15/8/2025;$102.00;$106.00;$104.00;$53.00;$57.00;$56.00;$32.00;$35.00;$33.00;$10.00;$12.00;$11.00
18/8/2025;$101.00;$105.00;$103.00;$53.00;$57.00;$55.00;$35.00;$38.00;$37.00;$10.00;$12.00;$11.00
19/8/2025;$101.00;$105.00;$103.00;$53.00;$57.00;$56.00;$34.00;$37.00;$36.00;$10.00;$12.00;$11.00
20/8/2025;$100.00;$104.00;$103.00;$52.00;$56.00;$54.00;$34.00;$37.00;$35.00;$10.00;$12.00;$11.00
21/8/2025;$99.00;$103.00;$102.00;$50.00;$54.00;$52.00;$35.00;$38.00;$36.00;$10.00;$12.00;$11.00
22/8/2025;$99.00;$103.00;$102.00;$49.00;$53.00;$51.00;$35.00;$38.00;$36.00;$10.00;$12.00;$11.00
25/8/2025;$99.00;$103.00;$101.00;$46.00;$50.00;$49.00;$34.00;$37.00;$35.00;$10.00;$12.00;$11.00
26/8/2025;$100.00;$104.00;$102.00;$47.00;$51.00;$49.00;$34.00;$37.00;$35.00;$10.00;$12.00;$11.00
27/8/2025;$104.00;$108.00;$106.00;$49.00;$53.00;$51.00;$34.00;$37.00;$36.00;$10.00;$12.00;$11.00
28/8/2025;$105.00;$109.00;$107.00;$49.00;$53.00;$51.00;$34.00;$37.00;$35.00;$10.00;$12.00;$11.00
29/8/2025;$107.00;$111.00;$110.00;$48.00;$52.00;$50.00;$33.00;$36.00;$34.00;$10.00;$12.00;$11.00
Nay: Centros de Distribuci?n de Nayarit;;;;;;;;;;;;
1/8/2025;$108.00;$110.00;$109.00;$74.00;$76.00;$75.00;$43.00;$45.00;$44.00;$32.00;$34.00;$33.00
4/8/2025;$113.00;$115.00;$114.00;$76.00;$78.00;$77.00;$43.00;$45.00;$44.00;$33.00;$35.00;$34.00
5/8/2025;$113.00;$115.00;$114.00;$76.00;$78.00;$77.00;$43.00;$45.00;$44.00;$33.00;$35.00;$34.00
6/8/2025;$108.00;$110.00;$109.00;$74.00;$76.00;$75.00;$43.00;$45.00;$44.00;$34.00;$36.00;$35.00
7/8/2025;$108.00;$110.00;$109.00;$74.00;$76.00;$75.00;$43.00;$45.00;$44.00;$34.00;$36.00;$35.00
8/8/2025;$96.00;$98.00;$97.00;$73.00;$75.00;$74.00;$43.00;$45.00;$44.00;$36.00;$38.00;$37.00
11/8/2025;$103.00;$105.00;$104.00;$73.00;$75.00;$74.00;$44.00;$46.00;$45.00;$38.00;$40.00;$39.00
12/8/2025;$94.00;$96.00;$95.00;$74.00;$76.00;$75.00;$38.00;$40.00;$39.00;$26.00;$28.00;$27.00
13/8/2025;$96.00;$98.00;$97.00;$73.00;$75.00;$74.00;$41.00;$43.00;$42.00;$28.00;$30.00;$29.00
14/8/2025;$96.00;$98.00;$97.00;$73.00;$75.00;$74.00;$43.00;$45.00;$44.00;$28.00;$30.00;$29.00
15/8/2025;$103.00;$105.00;$104.00;$74.00;$76.00;$75.00;$40.00;$42.00;$41.00;$30.00;$32.00;$31.00
18/8/2025;$103.00;$105.00;$104.00;$74.00;$76.00;$75.00;$40.00;$42.00;$41.00;$30.00;$32.00;$31.00
19/8/2025;$103.00;$105.00;$104.00;$73.00;$75.00;$74.00;$38.00;$40.00;$39.00;$33.00;$35.00;$34.00
20/8/2025;$106.00;$108.00;$107.00;$74.00;$76.00;$75.00;$40.00;$42.00;$41.00;$34.00;$36.00;$35.00
21/8/2025;$106.00;$108.00;$107.00;$74.00;$76.00;$75.00;$40.00;$42.00;$41.00;$34.00;$36.00;$35.00
22/8/2025;$108.00;$110.00;$109.00;$73.00;$75.00;$74.00;$43.00;$45.00;$44.00;$33.00;$35.00;$34.00
25/8/2025;$103.00;$105.00;$104.00;$73.00;$75.00;$74.00;$43.00;$45.00;$44.00;$30.00;$32.00;$31.00
26/8/2025;$103.00;$105.00;$104.00;$73.00;$75.00;$74.00;$43.00;$45.00;$44.00;$30.00;$32.00;$31.00
27/8/2025;$106.00;$108.00;$107.00;$74.00;$76.00;$75.00;$44.00;$46.00;$45.00;$30.00;$32.00;$31.00
28/8/2025;$106.00;$108.00;$107.00;$74.00;$76.00;$75.00;$44.00;$46.00;$45.00;$30.00;$32.00;$31.00
Qro. : Centros de distribuci?n de Quer?taro;;;;;;;;;;;;
1/8/2025;$75.00;$85.00;$85.00;$46.00;$50.00;$50.00;$25.00;$28.00;$28.00;$35.00;$38.00;$38.00
4/8/2025;$75.00;$85.00;$85.00;$45.00;$50.00;$50.00;$25.00;$28.00;$28.00;$35.00;$38.00;$38.00
5/8/2025;$75.00;$85.00;$85.00;$46.00;$50.00;$50.00;$25.00;$28.00;$28.00;$35.00;$38.00;$38.00
6/8/2025;$75.00;$85.00;$85.00;$40.00;$50.00;$50.00;$25.00;$28.00;$28.00;$35.00;$38.00;$38.00
7/8/2025;$75.00;$85.00;$85.00;$40.00;$50.00;$50.00;$25.00;$28.00;$28.00;$35.00;$38.00;$35.00
8/8/2025;$75.00;$85.00;$85.00;$40.00;$50.00;$50.00;$25.00;$28.00;$28.00;$35.00;$38.00;$38.00
11/8/2025;$75.00;$85.00;$85.00;$40.00;$50.00;$50.00;$25.00;$28.00;$28.00;$35.00;$38.00;$38.00
12/8/2025;$72.00;$85.00;$85.00;$38.00;$50.00;$50.00;$25.00;$28.00;$28.00;$35.00;$38.00;$38.00
13/8/2025;$72.00;$85.00;$85.00;$38.00;$50.00;$50.00;$25.00;$28.00;$28.00;$35.00;$38.00;$38.00
14/8/2025;$72.00;$80.00;$80.00;$38.00;$50.00;$50.00;$25.00;$28.00;$28.00;$37.00;$38.00;$38.00
15/8/2025;$72.00;$80.00;$80.00;$35.00;$40.00;$40.00;$25.00;$28.00;$28.00;$38.00;$40.00;$40.00
18/8/2025;$72.00;$80.00;$80.00;$35.00;$40.00;$40.00;$25.00;$28.00;$28.00;$38.00;$40.00;$40.00
19/8/2025;$72.00;$85.00;$85.00;$35.00;$40.00;$40.00;$25.00;$28.00;$28.00;$38.00;$40.00;$40.00
20/8/2025;$72.00;$85.00;$85.00;$35.00;$40.00;$40.00;$25.00;$28.00;$28.00;$38.00;$40.00;$40.00
21/8/2025;$72.00;$85.00;$85.00;$35.00;$40.00;$40.00;$25.00;$28.00;$28.00;$38.00;$40.00;$40.00
22/8/2025;$72.00;$85.00;$85.00;$35.00;$40.00;$40.00;$25.00;$28.00;$28.00;$38.00;$40.00;$40.00
25/8/2025;$75.00;$85.00;$85.00;$40.00;$45.00;$45.00;$25.00;$28.00;$28.00;$38.00;$40.00;$40.00
26/8/2025;$75.00;$85.00;$85.00;$40.00;$45.00;$45.00;$25.00;$28.00;$28.00;$38.00;$40.00;$40.00
27/8/2025;$78.00;$85.00;$85.00;$40.00;$45.00;$45.00;$25.00;$28.00;$28.00;$38.00;$40.00;$40.00
28/8/2025;$78.00;$85.00;$85.00;$40.00;$45.00;$45.00;$25.00;$28.00;$28.00;$38.00;$40.00;$40.00
29/8/2025;$78.00;$85.00;$85.00;$40.00;$45.00;$45.00;$25.00;$28.00;$28.00;$38.00;$40.00;$40.00
Zac: Mercado de Abasto de Zacatecas;;;;;;;;;;;;
1/8/2025;$114.00;$114.00;$114.00;$46.00;$46.00;$46.00;$15.00;$15.00;$15.00;-;-;-
4/8/2025;$114.00;$114.00;$114.00;$46.00;$46.00;$46.00;$15.00;$15.00;$15.00;-;-;-
5/8/2025;$114.00;$114.00;$114.00;$46.00;$46.00;$46.00;$15.00;$15.00;$15.00;-;-;-
6/8/2025;$114.00;$114.00;$114.00;$46.00;$46.00;$46.00;$15.00;$15.00;$15.00;-;-;-
7/8/2025;$114.00;$114.00;$114.00;$46.00;$46.00;$46.00;$15.00;$15.00;$15.00;-;-;-
8/8/2025;$114.00;$114.00;$114.00;$46.00;$46.00;$46.00;$15.00;$15.00;$15.00;-;-;-
11/8/2025;$114.00;$114.00;$114.00;$46.00;$46.00;$46.00;$15.00;$15.00;$15.00;-;-;-
12/8/2025;$114.00;$114.00;$114.00;$46.00;$46.00;$46.00;$15.00;$15.00;$15.00;-;-;-
13/8/2025;$114.00;$114.00;$114.00;$46.00;$46.00;$46.00;$15.00;$15.00;$15.00;-;-;-
14/8/2025;$114.00;$114.00;$114.00;$46.00;$46.00;$46.00;$15.00;$15.00;$15.00;-;-;-
15/8/2025;$114.00;$114.00;$114.00;$46.00;$46.00;$46.00;$15.00;$15.00;$15.00;-;-;-
18/8/2025;$114.00;$114.00;$114.00;$46.00;$46.00;$46.00;$15.00;$15.00;$15.00;-;-;-
19/8/2025;$114.00;$114.00;$114.00;$46.00;$46.00;$46.00;$15.00;$15.00;$15.00;-;-;-
20/8/2025;$114.00;$114.00;$114.00;$46.00;$46.00;$46.00;$15.00;$15.00;$15.00;-;-;-
21/8/2025;$114.00;$114.00;$114.00;$46.00;$46.00;$46.00;$15.00;$15.00;$15.00;-;-;-
22/8/2025;$114.00;$114.00;$114.00;$46.00;$46.00;$46.00;$15.00;$15.00;$15.00;-;-;-
25/8/2025;$114.00;$114.00;$114.00;$46.00;$46.00;$46.00;$15.00;$15.00;$15.00;-;-;-
26/8/2025;$114.00;$114.00;$114.00;$46.00;$46.00;$46.00;$15.00;$15.00;$15.00;-;-;-
27/8/2025;$114.00;$114.00;$114.00;$46.00;$46.00;$46.00;$15.00;$15.00;$15.00;-;-;-
28/8/2025;$114.00;$114.00;$114.00;$46.00;$46.00;$46.00;$15.00;$15.00;$15.00;-;-;-
29/8/2025;$114.00;$114.00;$114.00;$46.00;$46.00;$46.00;$15.00;$15.00;$15.00;-;-;-
;;;;;;;;;;;;
;;;;;;;;;;;;
B.C.S: Diversos establecimientos de La Paz;;;;;;;;;;;;
1/9/2025;$110.00;$110.00;$110.00;$36.00;$36.00;$36.00;-;-;-;-;-;-
2/9/2025;$110.00;$110.00;$110.00;$36.00;$36.00;$36.00;-;-;-;-;-;-
9/9/2025;$110.00;$110.00;$110.00;$36.00;$36.00;$36.00;-;-;-;-;-;-
10/9/2025;$110.00;$110.00;$110.00;$36.00;$36.00;$36.00;-;-;-;-;-;-
11/9/2025;$110.00;$110.00;$110.00;$36.00;$36.00;$36.00;-;-;-;-;-;-
12/9/2025;$110.00;$110.00;$110.00;$36.00;$36.00;$36.00;-;-;-;-;-;-
15/9/2025;$110.00;$110.00;$110.00;$36.00;$36.00;$36.00;-;-;-;-;-;-
17/9/2025;$110.00;$110.00;$110.00;$36.00;$36.00;$36.00;-;-;-;-;-;-
18/9/2025;$110.00;$110.00;$110.00;$36.00;$36.00;$36.00;-;-;-;-;-;-
19/9/2025;$110.00;$110.00;$110.00;$36.00;$36.00;$36.00;-;-;-;-;-;-
22/9/2025;$110.00;$110.00;$110.00;$36.00;$36.00;$36.00;-;-;-;-;-;-
23/9/2025;$110.00;$110.00;$110.00;$36.00;$36.00;$36.00;-;-;-;-;-;-
24/9/2025;$110.00;$110.00;$110.00;$36.00;$36.00;$36.00;-;-;-;-;-;-
25/9/2025;$110.00;$110.00;$110.00;$36.00;$36.00;$36.00;-;-;-;-;-;-
26/9/2025;$110.00;$110.00;$110.00;$36.00;$36.00;$36.00;-;-;-;-;-;-
29/9/2025;$110.00;$110.00;$110.00;$36.00;$36.00;$36.00;-;-;-;-;-;-
30/9/2025;$110.00;$110.00;$110.00;$36.00;$36.00;$36.00;-;-;-;-;-;-
D.F. : Centro de distribuci?n Becerra;;;;;;;;;;;;
1/9/2025;$109.00;$113.00;$112.00;$52.00;$56.00;$55.00;$35.00;$38.00;$37.00;$10.00;$12.00;$11.00
2/9/2025;$109.00;$113.00;$112.00;$52.00;$56.00;$55.00;$35.00;$38.00;$36.00;$10.00;$12.00;$11.00
3/9/2025;$110.00;$114.00;$113.00;$52.00;$56.00;$55.00;$36.00;$39.00;$38.00;$10.00;$12.00;$11.00
4/9/2025;$111.00;$115.00;$114.00;$53.00;$57.00;$56.00;$36.00;$39.00;$38.00;$10.00;$12.00;$11.00
5/9/2025;$111.00;$115.00;$114.00;$54.00;$58.00;$57.00;$36.00;$39.00;$38.00;$10.00;$12.00;$11.00
8/9/2025;$111.00;$115.00;$114.00;$54.00;$58.00;$57.00;$35.00;$38.00;$37.00;$10.00;$12.00;$11.00
9/9/2025;$112.00;$116.00;$115.00;$55.00;$59.00;$58.00;$33.00;$37.00;$36.00;$10.00;$12.00;$11.00
10/9/2025;$112.00;$116.00;$113.00;$55.00;$59.00;$58.00;$33.00;$37.00;$36.00;$10.00;$12.00;$11.00
11/9/2025;$112.00;$116.00;$115.00;$55.00;$59.00;$58.00;$34.00;$37.00;$36.00;$10.00;$12.00;$11.00
12/9/2025;$112.00;$116.00;$115.00;$56.00;$60.00;$59.00;$35.00;$38.00;$37.00;$10.00;$12.00;$11.00
15/9/2025;$113.00;$117.00;$116.00;$57.00;$61.00;$60.00;$36.00;$39.00;$38.00;$10.00;$12.00;$11.00
17/9/2025;$113.00;$117.00;$116.00;$59.00;$63.00;$62.00;$37.00;$40.00;$39.00;$10.00;$12.00;$11.00
18/9/2025;$114.00;$118.00;$117.00;$59.00;$63.00;$62.00;$37.00;$40.00;$39.00;$10.00;$12.00;$11.00
19/9/2025;$113.00;$117.00;$116.00;$58.00;$62.00;$61.00;$36.00;$39.00;$38.00;$10.00;$12.00;$11.00
22/9/2025;$112.00;$116.00;$115.00;$57.00;$61.00;$60.00;$36.00;$39.00;$37.00;$10.00;$12.00;$11.00
23/9/2025;$112.00;$116.00;$115.00;$57.00;$61.00;$60.00;$36.00;$39.00;$38.00;$10.00;$12.00;$11.00
24/9/2025;$112.00;$116.00;$115.00;$57.00;$61.00;$60.00;$36.00;$39.00;$38.00;$10.00;$12.00;$11.00
25/9/2025;$112.00;$116.00;$115.00;$57.00;$61.00;$60.00;$36.00;$39.00;$38.00;$10.00;$12.00;$11.00
26/9/2025;$112.00;$116.00;$115.00;$57.00;$61.00;$60.00;$36.00;$39.00;$38.00;$10.00;$12.00;$11.00
29/9/2025;$110.00;$114.00;$113.00;$55.00;$59.00;$58.00;$35.00;$38.00;$37.00;$10.00;$12.00;$11.00
30/9/2025;$110.00;$114.00;$113.00;$55.00;$59.00;$58.00;$35.00;$38.00;$37.00;$10.00;$12.00;$11.00
D.F. : Centro de distribuci?n Nuevo San Juan;;;;;;;;;;;;
1/9/2025;$109.00;$113.00;$111.00;$52.00;$56.00;$54.00;$35.00;$38.00;$36.00;$10.00;$12.00;$11.00
2/9/2025;$109.00;$113.00;$112.00;$52.00;$55.00;$54.00;$34.00;$37.00;$36.00;$10.00;$12.00;$11.00
3/9/2025;$109.00;$113.00;$112.00;$52.00;$56.00;$54.00;$36.00;$39.00;$37.00;$10.00;$12.00;$11.00
4/9/2025;$111.00;$115.00;$113.00;$53.00;$57.00;$55.00;$36.00;$39.00;$37.00;$10.00;$12.00;$11.00
5/9/2025;$111.00;$115.00;$113.00;$53.00;$57.00;$56.00;$35.00;$38.00;$37.00;$10.00;$12.00;$11.00
8/9/2025;$110.00;$114.00;$113.00;$54.00;$58.00;$56.00;$34.00;$37.00;$36.00;$10.00;$12.00;$11.00
9/9/2025;$112.00;$116.00;$114.00;$55.00;$59.00;$57.00;$33.00;$37.00;$35.00;$10.00;$12.00;$11.00
10/9/2025;$111.00;$115.00;$114.00;$54.00;$58.00;$57.00;$33.00;$37.00;$35.00;$10.00;$12.00;$11.00
11/9/2025;$112.00;$116.00;$115.00;$55.00;$59.00;$57.00;$34.00;$37.00;$35.00;$10.00;$12.00;$11.00
12/9/2025;$112.00;$116.00;$115.00;$56.00;$60.00;$58.00;$35.00;$38.00;$36.00;$10.00;$12.00;$11.00
15/9/2025;$113.00;$117.00;$115.00;$57.00;$61.00;$59.00;$36.00;$39.00;$37.00;$10.00;$12.00;$11.00
17/9/2025;$113.00;$117.00;$115.00;$59.00;$63.00;$61.00;$37.00;$40.00;$38.00;$10.00;$12.00;$11.00
18/9/2025;$114.00;$118.00;$116.00;$59.00;$63.00;$61.00;$37.00;$40.00;$38.00;$10.00;$12.00;$11.00
19/9/2025;$112.00;$116.00;$115.00;$58.00;$62.00;$60.00;$36.00;$39.00;$37.00;$10.00;$12.00;$11.00
22/9/2025;$112.00;$116.00;$114.00;$57.00;$61.00;$59.00;$36.00;$39.00;$37.00;$10.00;$12.00;$11.00
23/9/2025;$112.00;$116.00;$114.00;$57.00;$61.00;$59.00;$36.00;$39.00;$37.00;$10.00;$12.00;$11.00
24/9/2025;$112.00;$116.00;$114.00;$57.00;$61.00;$59.00;$36.00;$39.00;$37.00;$10.00;$12.00;$11.00
25/9/2025;$112.00;$116.00;$114.00;$57.00;$61.00;$59.00;$36.00;$39.00;$37.00;$10.00;$12.00;$11.00
26/9/2025;$112.00;$116.00;$114.00;$57.00;$61.00;$59.00;$36.00;$39.00;$37.00;$10.00;$12.00;$11.00
29/9/2025;$110.00;$114.00;$112.00;$54.00;$58.00;$56.00;$34.00;$37.00;$35.00;$10.00;$12.00;$11.00
30/9/2025;$110.00;$114.00;$112.00;$55.00;$59.00;$57.00;$35.00;$38.00;$36.00;$10.00;$12.00;$11.00
D.F. : Centro de distribuci?n Ray?n;;;;;;;;;;;;
1/9/2025;$108.00;$112.00;$111.00;$51.00;$55.00;$54.00;$34.00;$37.00;$36.00;$10.00;$12.00;$11.00
2/9/2025;$108.00;$112.00;$111.00;$51.00;$55.00;$53.00;$34.00;$37.00;$35.00;$10.00;$12.00;$11.00
3/9/2025;$109.00;$113.00;$111.00;$51.00;$55.00;$54.00;$35.00;$38.00;$37.00;$10.00;$12.00;$11.00
4/9/2025;$110.00;$114.00;$113.00;$52.00;$56.00;$55.00;$35.00;$38.00;$37.00;$10.00;$12.00;$11.00
5/9/2025;$110.00;$114.00;$113.00;$53.00;$57.00;$55.00;$35.00;$38.00;$36.00;$10.00;$12.00;$11.00
8/9/2025;$110.00;$114.00;$112.00;$53.00;$57.00;$55.00;$34.00;$37.00;$35.00;$10.00;$12.00;$11.00
9/9/2025;$111.00;$115.00;$114.00;$54.00;$58.00;$57.00;$32.00;$36.00;$35.00;$10.00;$12.00;$11.00
10/9/2025;$111.00;$115.00;$113.00;$54.00;$58.00;$56.00;$32.00;$36.00;$35.00;$10.00;$12.00;$11.00
11/9/2025;$111.00;$115.00;$114.00;$54.00;$58.00;$57.00;$33.00;$36.00;$35.00;$10.00;$12.00;$11.00
12/9/2025;$112.00;$116.00;$114.00;$55.00;$59.00;$58.00;$34.00;$37.00;$36.00;$10.00;$12.00;$11.00
15/9/2025;$112.00;$116.00;$115.00;$56.00;$60.00;$59.00;$35.00;$38.00;$37.00;$10.00;$12.00;$11.00
17/9/2025;$112.00;$116.00;$115.00;$58.00;$62.00;$61.00;$36.00;$39.00;$38.00;$10.00;$12.00;$11.00
18/9/2025;$113.00;$117.00;$116.00;$58.00;$62.00;$61.00;$36.00;$39.00;$38.00;$10.00;$12.00;$11.00
19/9/2025;$112.00;$116.00;$114.00;$57.00;$61.00;$60.00;$35.00;$38.00;$37.00;$10.00;$12.00;$11.00
22/9/2025;$111.00;$115.00;$114.00;$56.00;$60.00;$59.00;$35.00;$38.00;$35.00;$10.00;$12.00;$11.00
23/9/2025;$111.00;$115.00;$114.00;$56.00;$60.00;$59.00;$35.00;$38.00;$35.00;$10.00;$12.00;$11.00
24/9/2025;$111.00;$115.00;$114.00;$56.00;$60.00;$59.00;$35.00;$38.00;$35.00;$10.00;$12.00;$11.00
25/9/2025;$111.00;$115.00;$114.00;$56.00;$60.00;$59.00;$35.00;$38.00;$35.00;$10.00;$12.00;$11.00
26/9/2025;$111.00;$115.00;$114.00;$56.00;$60.00;$59.00;$35.00;$38.00;$36.00;$10.00;$12.00;$11.00
29/9/2025;$109.00;$113.00;$112.00;$54.00;$58.00;$56.00;$34.00;$37.00;$35.00;$10.00;$12.00;$11.00
30/9/2025;$110.00;$113.00;$112.00;$54.00;$58.00;$56.00;$34.00;$37.00;$35.00;$10.00;$12.00;$11.00
D.F. : Centro de distribuci?n San Juan;;;;;;;;;;;;
1/9/2025;$107.00;$111.00;$110.00;$51.00;$55.00;$53.00;$34.00;$37.00;$35.00;$10.00;$12.00;$11.00
2/9/2025;$100.00;$112.00;$110.00;$50.00;$54.00;$53.00;$33.00;$36.00;$35.00;$10.00;$12.00;$11.00
3/9/2025;$108.00;$112.00;$111.00;$51.00;$55.00;$53.00;$35.00;$38.00;$36.00;$10.00;$12.00;$11.00
4/9/2025;$110.00;$114.00;$112.00;$52.00;$56.00;$54.00;$35.00;$38.00;$36.00;$10.00;$12.00;$11.00
5/9/2025;$109.00;$113.00;$112.00;$52.00;$56.00;$55.00;$34.00;$37.00;$36.00;$10.00;$12.00;$11.00
8/9/2025;$109.00;$113.00;$112.00;$53.00;$57.00;$54.00;$33.00;$36.00;$35.00;$10.00;$12.00;$11.00
9/9/2025;$111.00;$115.00;$113.00;$54.00;$58.00;$56.00;$32.00;$36.00;$34.00;$10.00;$12.00;$11.00
10/9/2025;$110.00;$114.00;$113.00;$53.00;$57.00;$56.00;$32.00;$36.00;$34.00;$10.00;$12.00;$11.00
11/9/2025;$111.00;$115.00;$113.00;$54.00;$58.00;$56.00;$33.00;$36.00;$34.00;$10.00;$12.00;$11.00
12/9/2025;$111.00;$115.00;$114.00;$55.00;$59.00;$57.00;$34.00;$37.00;$35.00;$10.00;$12.00;$11.00
15/9/2025;$112.00;$116.00;$114.00;$56.00;$60.00;$58.00;$35.00;$38.00;$36.00;$10.00;$12.00;$11.00
17/9/2025;$112.00;$116.00;$115.00;$58.00;$62.00;$60.00;$36.00;$39.00;$38.00;$10.00;$12.00;$11.00
18/9/2025;$113.00;$117.00;$115.00;$58.00;$62.00;$60.00;$36.00;$39.00;$37.00;$10.00;$12.00;$11.00
19/9/2025;$111.00;$115.00;$114.00;$56.00;$60.00;$59.00;$35.00;$38.00;$37.00;$10.00;$12.00;$11.00
22/9/2025;$111.00;$115.00;$113.00;$56.00;$60.00;$58.00;$33.00;$38.00;$36.00;$10.00;$12.00;$11.00
23/9/2025;$111.00;$115.00;$113.00;$56.00;$60.00;$58.00;$33.00;$38.00;$36.00;$10.00;$12.00;$11.00
24/9/2025;$111.00;$115.00;$113.00;$56.00;$60.00;$58.00;$35.00;$38.00;$36.00;$10.00;$12.00;$11.00
25/9/2025;$111.00;$115.00;$113.00;$56.00;$60.00;$58.00;$35.00;$38.00;$36.00;$10.00;$12.00;$11.00
26/9/2025;$111.00;$115.00;$113.00;$56.00;$60.00;$58.00;$35.00;$38.00;$36.00;$10.00;$12.00;$11.00
29/9/2025;$109.00;$113.00;$112.00;$54.00;$58.00;$55.00;$34.00;$37.00;$35.00;$10.00;$12.00;$11.00
30/9/2025;$109.00;$112.00;$111.00;$54.00;$58.00;$55.00;$34.00;$37.00;$35.00;$10.00;$12.00;$11.00
Nay: Centros de Distribuci?n de Nayarit;;;;;;;;;;;;
2/9/2025;$108.00;$110.00;$109.00;$73.00;$75.00;$74.00;$43.00;$45.00;$44.00;$33.00;$35.00;$34.00
3/9/2025;$108.00;$110.00;$109.00;$73.00;$75.00;$74.00;$43.00;$45.00;$44.00;$33.00;$35.00;$34.00
9/9/2025;$106.00;$108.00;$107.00;$73.00;$75.00;$74.00;$43.00;$45.00;$44.00;$33.00;$35.00;$34.00
10/9/2025;$103.00;$105.00;$104.00;$74.00;$76.00;$75.00;$44.00;$46.00;$45.00;$34.00;$36.00;$35.00
11/9/2025;$103.00;$105.00;$104.00;$74.00;$76.00;$75.00;$44.00;$46.00;$45.00;$34.00;$36.00;$35.00
12/9/2025;$103.00;$105.00;$104.00;$73.00;$75.00;$74.00;$44.00;$46.00;$45.00;$33.00;$35.00;$34.00
15/9/2025;$103.00;$105.00;$104.00;$74.00;$76.00;$75.00;$43.00;$45.00;$44.00;$34.00;$36.00;$35.00
17/9/2025;$103.00;$105.00;$104.00;$73.00;$75.00;$74.00;$43.00;$45.00;$44.00;$33.00;$35.00;$34.00
18/9/2025;$103.00;$105.00;$104.00;$73.00;$75.00;$74.00;$43.00;$45.00;$44.00;$33.00;$35.00;$34.00
19/9/2025;$108.00;$110.00;$109.00;$74.00;$76.00;$75.00;$44.00;$46.00;$45.00;$34.00;$36.00;$35.00
22/9/2025;$108.00;$110.00;$109.00;$73.00;$75.00;$74.00;$43.00;$45.00;$44.00;$33.00;$35.00;$34.00
23/9/2025;$104.00;$106.00;$105.00;$73.00;$75.00;$74.00;$46.00;$48.00;$47.00;$33.00;$35.00;$34.00
24/9/2025;$106.00;$108.00;$107.00;$74.00;$76.00;$75.00;$44.00;$46.00;$45.00;$34.00;$36.00;$35.00
25/9/2025;$106.00;$108.00;$107.00;$74.00;$76.00;$75.00;$45.00;$47.00;$46.00;$34.00;$36.00;$35.00
26/9/2025;$106.00;$108.00;$107.00;$74.00;$76.00;$75.00;$45.00;$47.00;$46.00;$34.00;$36.00;$35.00
29/9/2025;$108.00;$110.00;$109.00;$73.00;$75.00;$74.00;$43.00;$45.00;$44.00;$33.00;$35.00;$34.00
30/9/2025;$108.00;$110.00;$109.00;$73.00;$75.00;$74.00;$43.00;$45.00;$44.00;$33.00;$35.00;$34.00
Qro. : Centros de distribuci?n de Quer?taro;;;;;;;;;;;;
1/9/2025;$78.00;$85.00;$85.00;$40.00;$45.00;$45.00;$25.00;$28.00;$28.00;$38.00;$40.00;$40.00
2/9/2025;$78.00;$85.00;$85.00;$40.00;$45.00;$45.00;$25.00;$28.00;$28.00;$38.00;$40.00;$40.00
3/9/2025;$80.00;$85.00;$85.00;$40.00;$45.00;$45.00;$25.00;$28.00;$28.00;$38.00;$40.00;$40.00
4/9/2025;$85.00;$90.00;$90.00;$45.00;$55.00;$55.00;$25.00;$28.00;$28.00;$38.00;$40.00;$40.00
5/9/2025;$85.00;$90.00;$90.00;$45.00;$55.00;$55.00;$25.00;$28.00;$28.00;$38.00;$40.00;$40.00
8/9/2025;$85.00;$90.00;$90.00;$45.00;$55.00;$55.00;$25.00;$28.00;$28.00;$38.00;$40.00;$40.00
9/9/2025;$85.00;$90.00;$90.00;$45.00;$55.00;$55.00;$25.00;$28.00;$28.00;$38.00;$40.00;$40.00
10/9/2025;$85.00;$90.00;$90.00;$45.00;$55.00;$55.00;$25.00;$28.00;$28.00;$38.00;$40.00;$40.00
11/9/2025;$82.00;$88.00;$88.00;$40.00;$45.00;$45.00;$25.00;$28.00;$28.00;$38.00;$42.00;$42.00
12/9/2025;$82.00;$88.00;$88.00;$40.00;$45.00;$45.00;$25.00;$28.00;$28.00;$38.00;$42.00;$42.00
15/9/2025;$82.00;$88.00;$88.00;$40.00;$45.00;$45.00;$25.00;$28.00;$28.00;$38.00;$42.00;$42.00
17/9/2025;$82.00;$88.00;$88.00;$40.00;$45.00;$45.00;$25.00;$28.00;$28.00;$38.00;$42.00;$42.00
18/9/2025;$83.00;$90.00;$90.00;$43.00;$45.00;$45.00;$25.00;$28.00;$28.00;$38.00;$40.00;$40.00
19/9/2025;$83.00;$90.00;$90.00;$43.00;$45.00;$45.00;$25.00;$28.00;$28.00;$38.00;$40.00;$40.00
22/9/2025;$83.00;$90.00;$90.00;$43.00;$45.00;$45.00;$25.00;$28.00;$28.00;$38.00;$40.00;$40.00
23/9/2025;$83.00;$90.00;$90.00;$43.00;$45.00;$45.00;$25.00;$28.00;$28.00;$38.00;$40.00;$40.00
24/9/2025;$85.00;$90.00;$90.00;$35.00;$40.00;$40.00;$25.00;$28.00;$28.00;$38.00;$40.00;$40.00
25/9/2025;$85.00;$90.00;$90.00;$35.00;$40.00;$40.00;$25.00;$28.00;$28.00;$38.00;$40.00;$40.00
26/9/2025;$85.00;$90.00;$90.00;$35.00;$40.00;$40.00;$25.00;$28.00;$28.00;$38.00;$40.00;$40.00
29/9/2025;$85.00;$90.00;$90.00;$40.00;$45.00;$45.00;$25.00;$28.00;$28.00;$35.00;$38.00;$38.00
30/9/2025;$85.00;$90.00;$90.00;$40.00;$45.00;$45.00;$25.00;$28.00;$28.00;$35.00;$38.00;$38.00
Zac: Mercado de Abasto de Zacatecas;;;;;;;;;;;;
1/9/2025;$114.00;$114.00;$114.00;$46.00;$46.00;$46.00;$15.00;$15.00;$15.00;-;-;-
2/9/2025;$114.00;$114.00;$114.00;$46.00;$46.00;$46.00;$15.00;$15.00;$15.00;-;-;-
3/9/2025;$114.00;$114.00;$114.00;$46.00;$46.00;$46.00;$15.00;$15.00;$15.00;-;-;-
4/9/2025;$114.00;$114.00;$114.00;$46.00;$46.00;$46.00;$15.00;$15.00;$15.00;-;-;-
5/9/2025;$114.00;$114.00;$114.00;$46.00;$46.00;$46.00;$15.00;$15.00;$15.00;-;-;-
8/9/2025;$114.00;$114.00;$114.00;$46.00;$46.00;$46.00;$15.00;$15.00;$15.00;-;-;-
9/9/2025;$114.00;$114.00;$114.00;$46.00;$46.00;$46.00;$15.00;$15.00;$15.00;-;-;-
10/9/2025;$114.00;$114.00;$114.00;$46.00;$46.00;$46.00;$15.00;$15.00;$15.00;-;-;-
11/9/2025;$114.00;$114.00;$114.00;$46.00;$46.00;$46.00;$15.00;$15.00;$15.00;-;-;-
12/9/2025;$114.00;$114.00;$114.00;$46.00;$46.00;$46.00;$15.00;$15.00;$15.00;-;-;-
15/9/2025;$114.00;$114.00;$114.00;$46.00;$46.00;$46.00;$15.00;$15.00;$15.00;-;-;-
17/9/2025;$98.00;$98.00;$98.00;$46.00;$46.00;$46.00;$15.00;$15.00;$15.00;-;-;-
18/9/2025;$98.00;$98.00;$98.00;$46.00;$46.00;$46.00;$15.00;$15.00;$15.00;-;-;-
19/9/2025;$98.00;$98.00;$98.00;$46.00;$46.00;$46.00;$15.00;$15.00;$15.00;-;-;-
22/9/2025;$98.00;$98.00;$98.00;$46.00;$46.00;$46.00;$15.00;$15.00;$15.00;-;-;-
23/9/2025;$98.00;$98.00;$98.00;$46.00;$46.00;$46.00;$15.00;$15.00;$15.00;-;-;-
24/9/2025;$98.00;$98.00;$98.00;$46.00;$46.00;$46.00;$15.00;$15.00;$15.00;-;-;-
25/9/2025;$98.00;$98.00;$98.00;$46.00;$46.00;$46.00;$15.00;$15.00;$15.00;-;-;-
26/9/2025;$98.00;$98.00;$98.00;$46.00;$46.00;$46.00;$15.00;$15.00;$15.00;-;-;-
29/9/2025;$98.00;$98.00;$98.00;$46.00;$46.00;$46.00;$15.00;$15.00;$15.00;-;-;-
30/9/2025;$98.00;$98.00;$98.00;$46.00;$46.00;$46.00;$15.00;$15.00;$15.00;-;-;-
;;;;;;;;;;;;
;;;;;;;;;;;;
B.C.S: Diversos establecimientos de La Paz;;;;;;;;;;;;
1/10/2025;$110.00;$110.00;$110.00;$36.00;$36.00;$36.00;-;-;-;-;-;-
2/10/2025;$110.00;$110.00;$110.00;$36.00;$36.00;$36.00;-;-;-;-;-;-
3/10/2025;$110.00;$110.00;$110.00;$36.00;$36.00;$36.00;-;-;-;-;-;-
6/10/2025;$110.00;$110.00;$110.00;$36.00;$36.00;$36.00;-;-;-;-;-;-
7/10/2025;$110.00;$110.00;$110.00;$36.00;$36.00;$36.00;-;-;-;-;-;-
8/10/2025;$110.00;$110.00;$110.00;$36.00;$36.00;$36.00;-;-;-;-;-;-
9/10/2025;$110.00;$110.00;$110.00;$36.00;$36.00;$36.00;-;-;-;-;-;-
10/10/2025;$110.00;$110.00;$110.00;$36.00;$36.00;$36.00;-;-;-;-;-;-
13/10/2025;$110.00;$110.00;$110.00;$36.00;$36.00;$36.00;-;-;-;-;-;-
14/10/2025;$100.00;$100.00;$100.00;$35.00;$35.00;$35.00;-;-;-;-;-;-
15/10/2025;$100.00;$100.00;$100.00;$35.00;$35.00;$35.00;-;-;-;-;-;-
16/10/2025;$100.00;$100.00;$100.00;$35.00;$35.00;$35.00;-;-;-;-;-;-
17/10/2025;$100.00;$100.00;$100.00;$35.00;$35.00;$35.00;-;-;-;-;-;-
20/10/2025;$100.00;$100.00;$100.00;$35.00;$35.00;$35.00;-;-;-;-;-;-
21/10/2025;$100.00;$100.00;$100.00;$35.00;$35.00;$35.00;-;-;-;-;-;-
22/10/2025;$95.00;$95.00;$95.00;$35.00;$35.00;$35.00;-;-;-;-;-;-
23/10/2025;$100.00;$100.00;$100.00;$35.00;$35.00;$35.00;-;-;-;-;-;-
24/10/2025;$100.00;$100.00;$100.00;$35.00;$35.00;$35.00;-;-;-;-;-;-
27/10/2025;$100.00;$100.00;$100.00;$35.00;$35.00;$35.00;-;-;-;-;-;-
28/10/2025;$100.00;$100.00;$100.00;$35.00;$35.00;$35.00;-;-;-;-;-;-
29/10/2025;$100.00;$100.00;$100.00;$35.00;$35.00;$35.00;-;-;-;-;-;-
30/10/2025;$100.00;$100.00;$100.00;$35.00;$35.00;$35.00;-;-;-;-;-;-
31/10/2025;$100.00;$100.00;$100.00;$35.00;$35.00;$35.00;-;-;-;-;-;-
D.F. : Centro de distribuci?n Becerra;;;;;;;;;;;;
1/10/2025;$110.00;$114.00;$113.00;$55.00;$59.00;$58.00;$35.00;$38.00;$37.00;$10.00;$12.00;$11.00
2/10/2025;$110.00;$114.00;$113.00;$55.00;$59.00;$58.00;$35.00;$38.00;$37.00;$10.00;$12.00;$11.00
3/10/2025;$110.00;$114.00;$113.00;$55.00;$59.00;$58.00;$35.00;$38.00;$37.00;$10.00;$12.00;$11.00
6/10/2025;$109.00;$113.00;$112.00;$53.00;$57.00;$56.00;$34.00;$37.00;$36.00;$10.00;$12.00;$11.00
7/10/2025;$108.00;$112.00;$111.00;$52.00;$56.00;$55.00;$34.00;$37.00;$36.00;$10.00;$12.00;$11.00
8/10/2025;$108.00;$112.00;$111.00;$51.00;$55.00;$54.00;$36.00;$39.00;$38.00;$10.00;$12.00;$11.00
9/10/2025;$108.00;$112.00;$111.00;$50.00;$54.00;$53.00;$37.00;$40.00;$39.00;$10.00;$12.00;$11.00
10/10/2025;$108.00;$112.00;$111.00;$49.00;$53.00;$52.00;$37.00;$40.00;$39.00;$10.00;$12.00;$11.00
13/10/2025;$110.00;$114.00;$113.00;$50.00;$54.00;$53.00;$37.00;$40.00;$39.00;$10.00;$12.00;$11.00
14/10/2025;$110.00;$114.00;$113.00;$51.00;$55.00;$54.00;$37.00;$40.00;$39.00;$10.00;$12.00;$11.00
15/10/2025;$110.00;$114.00;$113.00;$50.00;$54.00;$53.00;$37.00;$40.00;$39.00;$10.00;$12.00;$11.00
16/10/2025;$109.00;$113.00;$112.00;$50.00;$54.00;$53.00;$37.00;$40.00;$39.00;$10.00;$12.00;$11.00
17/10/2025;$108.00;$112.00;$111.00;$50.00;$54.00;$53.00;$36.00;$39.00;$38.00;$10.00;$12.00;$11.00
20/10/2025;$108.00;$112.00;$111.00;$49.00;$53.00;$52.00;$35.00;$38.00;$37.00;$10.00;$12.00;$11.00
21/10/2025;$108.00;$112.00;$111.00;$49.00;$53.00;$52.00;$34.00;$37.00;$36.00;$10.00;$12.00;$11.00
22/10/2025;$108.00;$112.00;$111.00;$49.00;$53.00;$52.00;$33.00;$36.00;$35.00;$10.00;$12.00;$11.00
23/10/2025;$108.00;$112.00;$111.00;$50.00;$54.00;$53.00;$32.00;$36.00;$35.00;$10.00;$12.00;$11.00
24/10/2025;$107.00;$111.00;$110.00;$51.00;$55.00;$54.00;$32.00;$35.00;$34.00;$10.00;$12.00;$11.00
27/10/2025;$110.00;$114.00;$113.00;$53.00;$57.00;$56.00;$32.00;$35.00;$34.00;$10.00;$12.00;$11.00
28/10/2025;$110.00;$114.00;$113.00;$53.00;$57.00;$56.00;$32.00;$35.00;$34.00;$10.00;$12.00;$11.00
29/10/2025;$110.00;$114.00;$113.00;$53.00;$57.00;$56.00;$32.00;$35.00;$34.00;$10.00;$12.00;$11.00
30/10/2025;$110.00;$114.00;$113.00;$53.00;$57.00;$56.00;$32.00;$35.00;$34.00;$10.00;$12.00;$11.00
31/10/2025;$110.00;$114.00;$113.00;$53.00;$57.00;$56.00;$32.00;$35.00;$34.00;$10.00;$12.00;$11.00
D.F. : Centro de distribuci?n Nuevo San Juan;;;;;;;;;;;;
1/10/2025;$110.00;$114.00;$112.00;$55.00;$59.00;$57.00;$35.00;$38.00;$36.00;$10.00;$12.00;$11.00
2/10/2025;$110.00;$114.00;$112.00;$55.00;$59.00;$57.00;$35.00;$38.00;$36.00;$10.00;$12.00;$11.00
3/10/2025;$110.00;$114.00;$112.00;$55.00;$59.00;$57.00;$35.00;$38.00;$36.00;$10.00;$12.00;$11.00
6/10/2025;$109.00;$113.00;$111.00;$53.00;$57.00;$55.00;$34.00;$37.00;$35.00;$10.00;$12.00;$11.00
7/10/2025;$108.00;$112.00;$110.00;$52.00;$56.00;$54.00;$34.00;$37.00;$35.00;$10.00;$12.00;$11.00
8/10/2025;$107.00;$111.00;$110.00;$51.00;$55.00;$53.00;$36.00;$39.00;$37.00;$10.00;$12.00;$11.00
9/10/2025;$108.00;$112.00;$110.00;$50.00;$54.00;$52.00;$37.00;$40.00;$38.00;$10.00;$12.00;$11.00
10/10/2025;$108.00;$112.00;$110.00;$49.00;$53.00;$51.00;$36.00;$39.00;$38.00;$10.00;$12.00;$11.00
13/10/2025;$110.00;$114.00;$112.00;$50.00;$54.00;$52.00;$37.00;$40.00;$38.00;$10.00;$12.00;$11.00
14/10/2025;$109.00;$113.00;$112.00;$51.00;$55.00;$53.00;$37.00;$40.00;$38.00;$10.00;$12.00;$11.00
15/10/2025;$110.00;$114.00;$112.00;$50.00;$54.00;$52.00;$37.00;$40.00;$38.00;$10.00;$12.00;$11.00
16/10/2025;$109.00;$113.00;$111.00;$50.00;$54.00;$52.00;$36.00;$39.00;$38.00;$10.00;$12.00;$11.00
17/10/2025;$108.00;$112.00;$110.00;$50.00;$54.00;$52.00;$36.00;$39.00;$37.00;$10.00;$12.00;$11.00
20/10/2025;$108.00;$112.00;$110.00;$49.00;$53.00;$51.00;$35.00;$38.00;$36.00;$10.00;$12.00;$11.00
21/10/2025;$108.00;$112.00;$110.00;$49.00;$53.00;$51.00;$34.00;$37.00;$35.00;$10.00;$12.00;$11.00
22/10/2025;$107.00;$111.00;$110.00;$49.00;$53.00;$51.00;$33.00;$36.00;$34.00;$10.00;$12.00;$11.00
23/10/2025;$108.00;$112.00;$110.00;$50.00;$54.00;$52.00;$32.00;$36.00;$34.00;$10.00;$12.00;$11.00
24/10/2025;$107.00;$111.00;$109.00;$51.00;$55.00;$53.00;$32.00;$35.00;$33.00;$10.00;$12.00;$11.00
27/10/2025;$110.00;$114.00;$112.00;$52.00;$56.00;$55.00;$32.00;$35.00;$33.00;$10.00;$12.00;$11.00
28/10/2025;$110.00;$114.00;$112.00;$52.00;$56.00;$55.00;$32.00;$35.00;$33.00;$10.00;$12.00;$11.00
29/10/2025;$110.00;$114.00;$112.00;$52.00;$56.00;$55.00;$32.00;$35.00;$33.00;$10.00;$12.00;$11.00
30/10/2025;$110.00;$114.00;$112.00;$52.00;$56.00;$55.00;$32.00;$35.00;$33.00;$10.00;$12.00;$11.00
31/10/2025;$110.00;$114.00;$112.00;$52.00;$56.00;$55.00;$32.00;$35.00;$33.00;$10.00;$12.00;$11.00
D.F. : Centro de distribuci?n Ray?n;;;;;;;;;;;;
1/10/2025;$110.00;$113.00;$112.00;$54.00;$58.00;$56.00;$34.00;$37.00;$35.00;$10.00;$12.00;$11.00
2/10/2025;$110.00;$113.00;$112.00;$54.00;$58.00;$56.00;$34.00;$37.00;$35.00;$10.00;$12.00;$11.00
3/10/2025;$110.00;$113.00;$112.00;$54.00;$58.00;$56.00;$34.00;$37.00;$35.00;$10.00;$12.00;$11.00
6/10/2025;$108.00;$112.00;$111.00;$52.00;$56.00;$55.00;$33.00;$36.00;$35.00;$10.00;$12.00;$11.00
7/10/2025;$107.00;$111.00;$110.00;$51.00;$55.00;$54.00;$33.00;$36.00;$35.00;$10.00;$12.00;$11.00
8/10/2025;$106.00;$110.00;$109.00;$50.00;$54.00;$53.00;$35.00;$38.00;$37.00;$10.00;$12.00;$11.00
9/10/2025;$107.00;$111.00;$110.00;$49.00;$53.00;$52.00;$36.00;$39.00;$38.00;$10.00;$12.00;$11.00
10/10/2025;$107.00;$111.00;$110.00;$48.00;$52.00;$51.00;$36.00;$39.00;$37.00;$10.00;$12.00;$11.00
13/10/2025;$109.00;$113.00;$112.00;$49.00;$53.00;$52.00;$36.00;$39.00;$38.00;$10.00;$12.00;$11.00
14/10/2025;$109.00;$113.00;$111.00;$50.00;$54.00;$53.00;$36.00;$39.00;$38.00;$10.00;$12.00;$11.00
15/10/2025;$109.00;$113.00;$112.00;$49.00;$53.00;$52.00;$36.00;$39.00;$38.00;$10.00;$12.00;$11.00
16/10/2025;$108.00;$112.00;$111.00;$49.00;$53.00;$52.00;$36.00;$39.00;$37.00;$10.00;$12.00;$11.00
17/10/2025;$107.00;$111.00;$110.00;$49.00;$53.00;$52.00;$35.00;$38.00;$37.00;$10.00;$12.00;$11.00
20/10/2025;$107.00;$111.00;$110.00;$48.00;$52.00;$51.00;$34.00;$37.00;$35.00;$10.00;$12.00;$11.00
21/10/2025;$107.00;$111.00;$110.00;$48.00;$52.00;$51.00;$33.00;$36.00;$35.00;$10.00;$12.00;$11.00
22/10/2025;$107.00;$111.00;$109.00;$48.00;$52.00;$51.00;$32.00;$35.00;$34.00;$10.00;$12.00;$11.00
23/10/2025;$108.00;$112.00;$110.00;$49.00;$53.00;$52.00;$31.00;$34.00;$33.00;$10.00;$12.00;$11.00
24/10/2025;$106.00;$110.00;$109.00;$50.00;$54.00;$53.00;$31.00;$34.00;$33.00;$10.00;$12.00;$11.00
27/10/2025;$107.00;$111.00;$110.00;$51.00;$55.00;$54.00;$31.00;$34.00;$33.00;$10.00;$12.00;$11.00
28/10/2025;$108.00;$112.00;$110.00;$52.00;$56.00;$54.00;$31.00;$34.00;$32.00;$10.00;$12.00;$11.00
29/10/2025;$109.00;$113.00;$112.00;$52.00;$56.00;$54.00;$31.00;$34.00;$33.00;$10.00;$12.00;$11.00
30/10/2025;$109.00;$113.00;$112.00;$52.00;$56.00;$54.00;$31.00;$34.00;$33.00;$10.00;$12.00;$11.00
31/10/2025;$109.00;$113.00;$112.00;$52.00;$56.00;$54.00;$31.00;$34.00;$33.00;$10.00;$12.00;$11.00
D.F. : Centro de distribuci?n San Juan;;;;;;;;;;;;
1/10/2025;$109.00;$112.00;$111.00;$54.00;$58.00;$55.00;$34.00;$37.00;$35.00;$10.00;$12.00;$11.00
2/10/2025;$109.00;$112.00;$111.00;$54.00;$58.00;$55.00;$34.00;$37.00;$35.00;$10.00;$12.00;$11.00
3/10/2025;$109.00;$114.00;$113.00;$54.00;$58.00;$55.00;$34.00;$37.00;$35.00;$10.00;$12.00;$11.00
6/10/2025;$108.00;$112.00;$110.00;$51.00;$55.00;$54.00;$33.00;$36.00;$34.00;$10.00;$12.00;$11.00
7/10/2025;$107.00;$111.00;$109.00;$50.00;$54.00;$53.00;$33.00;$36.00;$34.00;$10.00;$12.00;$11.00
8/10/2025;$106.00;$110.00;$108.00;$50.00;$54.00;$52.00;$35.00;$38.00;$37.00;$10.00;$12.00;$11.00
9/10/2025;$107.00;$111.00;$109.00;$49.00;$53.00;$51.00;$36.00;$39.00;$37.00;$10.00;$12.00;$11.00
10/10/2025;$107.00;$111.00;$109.00;$48.00;$52.00;$50.00;$35.00;$38.00;$37.00;$10.00;$12.00;$11.00
13/10/2025;$109.00;$113.00;$110.00;$49.00;$53.00;$51.00;$36.00;$39.00;$37.00;$10.00;$12.00;$11.00
14/10/2025;$108.00;$112.00;$111.00;$50.00;$54.00;$52.00;$36.00;$39.00;$37.00;$10.00;$12.00;$11.00
15/10/2025;$108.00;$112.00;$111.00;$48.00;$52.00;$51.00;$36.00;$39.00;$37.00;$10.00;$12.00;$11.00
16/10/2025;$107.00;$111.00;$110.00;$49.00;$53.00;$51.00;$35.00;$38.00;$37.00;$10.00;$12.00;$11.00
17/10/2025;$107.00;$111.00;$109.00;$49.00;$53.00;$51.00;$35.00;$38.00;$36.00;$10.00;$12.00;$11.00
20/10/2025;$107.00;$111.00;$109.00;$48.00;$52.00;$50.00;$34.00;$37.00;$35.00;$10.00;$12.00;$11.00
21/10/2025;$107.00;$111.00;$109.00;$48.00;$52.00;$50.00;$33.00;$36.00;$34.00;$10.00;$12.00;$11.00
22/10/2025;$107.00;$111.00;$109.00;$48.00;$52.00;$50.00;$32.00;$35.00;$33.00;$10.00;$12.00;$11.00
23/10/2025;$107.00;$111.00;$110.00;$49.00;$53.00;$51.00;$31.00;$34.00;$32.00;$10.00;$12.00;$11.00
24/10/2025;$106.00;$110.00;$108.00;$50.00;$54.00;$52.00;$31.00;$34.00;$33.00;$10.00;$12.00;$11.00
27/10/2025;$107.00;$111.00;$109.00;$51.00;$55.00;$53.00;$31.00;$34.00;$33.00;$10.00;$12.00;$11.00
28/10/2025;$107.00;$111.00;$110.00;$51.00;$55.00;$54.00;$30.00;$33.00;$32.00;$10.00;$12.00;$11.00
29/10/2025;$109.00;$113.00;$111.00;$51.00;$55.00;$54.00;$31.00;$34.00;$32.00;$10.00;$12.00;$11.00
30/10/2025;$109.00;$113.00;$111.00;$51.00;$55.00;$54.00;$31.00;$34.00;$32.00;$10.00;$12.00;$11.00
31/10/2025;$109.00;$113.00;$111.00;$51.00;$55.00;$54.00;$31.00;$34.00;$32.00;$10.00;$12.00;$11.00
Nay: Centros de Distribuci?n de Nayarit;;;;;;;;;;;;
1/10/2025;$106.00;$108.00;$107.00;$71.00;$73.00;$72.00;$40.00;$42.00;$41.00;$34.00;$36.00;$35.00
2/10/2025;$106.00;$108.00;$107.00;$71.00;$73.00;$72.00;$40.00;$42.00;$41.00;$34.00;$36.00;$35.00
3/10/2025;$108.00;$110.00;$109.00;$73.00;$75.00;$74.00;$43.00;$45.00;$44.00;$34.00;$36.00;$35.00
6/10/2025;$108.00;$110.00;$109.00;$73.00;$75.00;$74.00;$43.00;$45.00;$44.00;$33.00;$35.00;$34.00
7/10/2025;$108.00;$110.00;$109.00;$73.00;$75.00;$74.00;$44.00;$46.00;$45.00;$34.00;$36.00;$35.00
8/10/2025;$108.00;$110.00;$109.00;$73.00;$75.00;$74.00;$43.00;$45.00;$44.00;$34.00;$36.00;$35.00
9/10/2025;$106.00;$108.00;$107.00;$74.00;$76.00;$75.00;$44.00;$46.00;$45.00;$35.00;$37.00;$36.00
10/10/2025;$106.00;$108.00;$107.00;$74.00;$76.00;$75.00;$44.00;$46.00;$45.00;$35.00;$37.00;$36.00
13/10/2025;$108.00;$110.00;$109.00;$76.00;$78.00;$77.00;$44.00;$46.00;$45.00;$36.00;$38.00;$37.00
14/10/2025;$106.00;$108.00;$107.00;$73.00;$75.00;$74.00;$43.00;$45.00;$44.00;$34.00;$36.00;$35.00
15/10/2025;$106.00;$108.00;$107.00;$73.00;$75.00;$74.00;$43.00;$45.00;$44.00;$34.00;$36.00;$35.00
16/10/2025;$108.00;$110.00;$109.00;$73.00;$75.00;$74.00;$43.00;$45.00;$44.00;$33.00;$35.00;$34.00
17/10/2025;$108.00;$110.00;$109.00;$73.00;$75.00;$74.00;$43.00;$45.00;$44.00;$33.00;$35.00;$34.00
20/10/2025;$106.00;$108.00;$107.00;$73.00;$75.00;$74.00;$44.00;$46.00;$45.00;$34.00;$36.00;$35.00
21/10/2025;$106.00;$108.00;$107.00;$72.00;$74.00;$73.00;$44.00;$46.00;$45.00;$34.00;$36.00;$35.00
22/10/2025;$108.00;$110.00;$109.00;$73.00;$75.00;$74.00;$44.00;$46.00;$45.00;$34.00;$36.00;$35.00
23/10/2025;$108.00;$110.00;$109.00;$73.00;$75.00;$74.00;$44.00;$46.00;$45.00;$34.00;$36.00;$35.00
24/10/2025;$108.00;$110.00;$109.00;$73.00;$75.00;$74.00;$44.00;$46.00;$45.00;$34.00;$36.00;$35.00
27/10/2025;$106.00;$108.00;$107.00;$73.00;$75.00;$74.00;$44.00;$46.00;$45.00;$33.00;$35.00;$34.00
28/10/2025;$106.00;$108.00;$107.00;$73.00;$75.00;$74.00;$44.00;$46.00;$45.00;$33.00;$35.00;$34.00
29/10/2025;$107.00;$109.00;$108.00;$74.00;$76.00;$75.00;$43.00;$45.00;$44.00;$34.00;$36.00;$35.00
30/10/2025;$107.00;$109.00;$108.00;$74.00;$76.00;$75.00;$43.00;$45.00;$44.00;$34.00;$36.00;$35.00
31/10/2025;$106.00;$108.00;$107.00;$73.00;$75.00;$74.00;$43.00;$45.00;$44.00;$33.00;$35.00;$34.00
Qro. : Centros de distribuci?n de Quer?taro;;;;;;;;;;;;
1/10/2025;$85.00;$88.00;$88.00;$40.00;$45.00;$45.00;$25.00;$28.00;$28.00;$35.00;$38.00;$38.00
2/10/2025;$85.00;$88.00;$88.00;$40.00;$45.00;$45.00;$25.00;$28.00;$28.00;$35.00;$38.00;$38.00
3/10/2025;$85.00;$88.00;$88.00;$40.00;$45.00;$45.00;$25.00;$28.00;$28.00;$35.00;$38.00;$38.00
6/10/2025;$85.00;$88.00;$88.00;$40.00;$45.00;$45.00;$25.00;$28.00;$28.00;$35.00;$38.00;$38.00
7/10/2025;$85.00;$88.00;$88.00;$40.00;$45.00;$45.00;$25.00;$28.00;$28.00;$35.00;$40.00;$40.00
8/10/2025;$85.00;$88.00;$88.00;$40.00;$45.00;$45.00;$25.00;$28.00;$28.00;$35.00;$40.00;$40.00
9/10/2025;$85.00;$88.00;$88.00;$40.00;$45.00;$45.00;$25.00;$28.00;$28.00;$35.00;$40.00;$40.00
10/10/2025;$85.00;$88.00;$88.00;$40.00;$45.00;$45.00;$25.00;$28.00;$28.00;$35.00;$40.00;$40.00
13/10/2025;$85.00;$88.00;$85.00;$40.00;$45.00;$45.00;$25.00;$28.00;$28.00;$35.00;$40.00;$40.00
14/10/2025;$85.00;$88.00;$88.00;$45.00;$50.00;$50.00;$25.00;$28.00;$28.00;$35.00;$40.00;$40.00
15/10/2025;$85.00;$88.00;$88.00;$45.00;$50.00;$50.00;$25.00;$28.00;$28.00;$35.00;$40.00;$40.00
16/10/2025;$85.00;$88.00;$88.00;$45.00;$50.00;$50.00;$25.00;$28.00;$28.00;$35.00;$40.00;$40.00
17/10/2025;$78.00;$85.00;$85.00;$45.00;$50.00;$50.00;$25.00;$28.00;$28.00;$35.00;$40.00;$40.00
20/10/2025;$78.00;$85.00;$85.00;$45.00;$50.00;$50.00;$25.00;$28.00;$28.00;$35.00;$40.00;$40.00
21/10/2025;$78.00;$85.00;$85.00;$45.00;$50.00;$50.00;$25.00;$28.00;$28.00;$35.00;$40.00;$40.00
22/10/2025;$85.00;$95.00;$95.00;$45.00;$50.00;$50.00;$25.00;$28.00;$28.00;$38.00;$40.00;$40.00
23/10/2025;$85.00;$95.00;$95.00;$45.00;$50.00;$50.00;$25.00;$28.00;$28.00;$38.00;$40.00;$40.00
24/10/2025;$85.00;$95.00;$95.00;$45.00;$50.00;$50.00;$25.00;$28.00;$28.00;$38.00;$40.00;$40.00
27/10/2025;$85.00;$95.00;$95.00;$45.00;$50.00;$50.00;$25.00;$28.00;$28.00;$38.00;$40.00;$40.00
28/10/2025;$85.00;$95.00;$95.00;$45.00;$50.00;$50.00;$25.00;$28.00;$28.00;$38.00;$40.00;$40.00
29/10/2025;$85.00;$95.00;$95.00;$45.00;$50.00;$50.00;$25.00;$28.00;$28.00;$38.00;$40.00;$40.00
30/10/2025;$85.00;$90.00;$90.00;$45.00;$50.00;$50.00;$25.00;$28.00;$28.00;$38.00;$40.00;$40.00
31/10/2025;$85.00;$90.00;$90.00;$45.00;$50.00;$50.00;$25.00;$28.00;$28.00;$38.00;$40.00;$40.00
Zac: Mercado de Abasto de Zacatecas;;;;;;;;;;;;
1/10/2025;$98.00;$98.00;$98.00;$46.00;$46.00;$46.00;$15.00;$15.00;$15.00;-;-;-
2/10/2025;$98.00;$98.00;$98.00;$46.00;$46.00;$46.00;$15.00;$15.00;$15.00;-;-;-
3/10/2025;$98.00;$98.00;$98.00;$46.00;$46.00;$46.00;$15.00;$15.00;$15.00;-;-;-
6/10/2025;$98.00;$98.00;$98.00;$46.00;$46.00;$46.00;$15.00;$15.00;$15.00;-;-;-
7/10/2025;$98.00;$98.00;$98.00;$46.00;$46.00;$46.00;$15.00;$15.00;$15.00;-;-;-
8/10/2025;$98.00;$98.00;$98.00;$46.00;$46.00;$46.00;$15.00;$15.00;$15.00;-;-;-
9/10/2025;$98.00;$98.00;$98.00;$46.00;$46.00;$46.00;$15.00;$15.00;$15.00;-;-;-
10/10/2025;$98.00;$98.00;$98.00;$46.00;$46.00;$46.00;$15.00;$15.00;$15.00;-;-;-
13/10/2025;$98.00;$98.00;$98.00;$46.00;$46.00;$46.00;$15.00;$15.00;$15.00;-;-;-
14/10/2025;$98.00;$98.00;$98.00;$46.00;$46.00;$46.00;$15.00;$15.00;$15.00;-;-;-
15/10/2025;$98.00;$98.00;$98.00;$46.00;$46.00;$46.00;$15.00;$15.00;$15.00;-;-;-
16/10/2025;$98.00;$98.00;$98.00;$46.00;$46.00;$46.00;$15.00;$15.00;$15.00;-;-;-
17/10/2025;$98.00;$98.00;$98.00;$46.00;$46.00;$46.00;$15.00;$15.00;$15.00;-;-;-
20/10/2025;$98.00;$98.00;$98.00;$46.00;$46.00;$46.00;$15.00;$15.00;$15.00;-;-;-
21/10/2025;$98.00;$98.00;$98.00;$46.00;$46.00;$46.00;$15.00;$15.00;$15.00;-;-;-
22/10/2025;$98.00;$98.00;$98.00;$46.00;$46.00;$46.00;$15.00;$15.00;$15.00;-;-;-
23/10/2025;$98.00;$98.00;$98.00;$46.00;$46.00;$46.00;$15.00;$15.00;$15.00;$1.00;$1.00;$1.00
24/10/2025;$98.00;$98.00;$98.00;$46.00;$46.00;$46.00;$15.00;$15.00;$15.00;-;-;-
27/10/2025;$98.00;$98.00;$98.00;$46.00;$46.00;$46.00;$15.00;$15.00;$15.00;-;-;-
28/10/2025;$98.00;$98.00;$98.00;$46.00;$46.00;$46.00;$15.00;$15.00;$15.00;-;-;-
29/10/2025;$98.00;$98.00;$98.00;$46.00;$46.00;$46.00;$15.00;$15.00;$15.00;-;-;-
30/10/2025;$98.00;$98.00;$98.00;$46.00;$46.00;$46.00;$15.00;$15.00;$15.00;-;-;-
31/10/2025;$98.00;$98.00;$98.00;$46.00;$46.00;$46.00;$15.00;$15.00;$15.00;-;-;-
;;;;;;;;;;;;
;;;;;;;;;;;;
B.C.S: Diversos establecimientos de La Paz;;;;;;;;;;;;
3/11/2025;$100.00;$100.00;$100.00;$35.00;$35.00;$35.00;-;-;-;-;-;-
4/11/2025;$100.00;$100.00;$100.00;$35.00;$35.00;$35.00;-;-;-;-;-;-
5/11/2025;$100.00;$100.00;$100.00;$35.00;$35.00;$35.00;-;-;-;-;-;-
6/11/2025;$100.00;$100.00;$100.00;$35.00;$35.00;$35.00;-;-;-;-;-;-
7/11/2025;$100.00;$100.00;$100.00;$35.00;$35.00;$35.00;-;-;-;-;-;-
10/11/2025;$100.00;$100.00;$100.00;$35.00;$35.00;$35.00;-;-;-;-;-;-
11/11/2025;$100.00;$100.00;$100.00;$35.00;$35.00;$35.00;-;-;-;-;-;-
12/11/2025;$100.00;$100.00;$100.00;$35.00;$35.00;$35.00;-;-;-;-;-;-
13/11/2025;$100.00;$100.00;$100.00;$35.00;$35.00;$35.00;-;-;-;-;-;-
14/11/2025;$100.00;$100.00;$100.00;$35.00;$35.00;$35.00;-;-;-;-;-;-
18/11/2025;$100.00;$100.00;$100.00;$35.00;$35.00;$35.00;-;-;-;-;-;-
19/11/2025;$100.00;$100.00;$100.00;$35.00;$35.00;$35.00;-;-;-;-;-;-
20/11/2025;$100.00;$100.00;$100.00;$35.00;$35.00;$35.00;-;-;-;-;-;-
21/11/2025;$100.00;$100.00;$100.00;$35.00;$35.00;$35.00;-;-;-;-;-;-
24/11/2025;$100.00;$100.00;$100.00;$35.00;$35.00;$35.00;-;-;-;-;-;-
25/11/2025;$100.00;$100.00;$100.00;$35.00;$35.00;$35.00;-;-;-;-;-;-
26/11/2025;$100.00;$100.00;$100.00;$35.00;$35.00;$35.00;-;-;-;-;-;-
27/11/2025;$100.00;$100.00;$100.00;$35.00;$35.00;$35.00;-;-;-;-;-;-
28/11/2025;$100.00;$100.00;$100.00;$35.00;$35.00;$35.00;-;-;-;-;-;-
D.F. : Centro de distribuci?n Becerra;;;;;;;;;;;;
3/11/2025;$110.00;$114.00;$113.00;$54.00;$58.00;$57.00;$32.00;$35.00;$34.00;$10.00;$12.00;$11.00
4/11/2025;$110.00;$114.00;$113.00;$53.00;$57.00;$56.00;$32.00;$35.00;$34.00;$10.00;$12.00;$11.00
5/11/2025;$110.00;$114.00;$113.00;$52.00;$56.00;$55.00;$33.00;$36.00;$35.00;$10.00;$12.00;$11.00
6/11/2025;$110.00;$114.00;$113.00;$51.00;$55.00;$54.00;$33.00;$36.00;$35.00;$10.00;$12.00;$11.00
7/11/2025;$109.00;$113.00;$112.00;$50.00;$53.00;$51.00;$32.00;$35.00;$34.00;$10.00;$12.00;$11.00
10/11/2025;$109.00;$115.00;$112.00;$51.00;$55.00;$54.00;$33.00;$36.00;$35.00;$10.00;$12.00;$11.00
11/11/2025;$109.00;$113.00;$112.00;$51.00;$55.00;$54.00;$34.00;$37.00;$36.00;$10.00;$12.00;$11.00
12/11/2025;$108.00;$112.00;$111.00;$50.00;$54.00;$53.00;$34.00;$37.00;$36.00;$10.00;$12.00;$11.00
13/11/2025;$107.00;$111.00;$110.00;$49.00;$53.00;$52.00;$34.00;$37.00;$36.00;$10.00;$12.00;$11.00
14/11/2025;$107.00;$111.00;$110.00;$48.00;$52.00;$51.00;$34.00;$37.00;$36.00;$10.00;$12.00;$11.00
18/11/2025;$108.00;$112.00;$111.00;$49.00;$53.00;$52.00;$35.00;$38.00;$37.00;$10.00;$12.00;$11.00
19/11/2025;$108.00;$112.00;$111.00;$50.00;$56.00;$55.00;$35.00;$38.00;$37.00;$10.00;$12.00;$11.00
20/11/2025;$107.00;$111.00;$110.00;$50.00;$54.00;$53.00;$35.00;$38.00;$37.00;$10.00;$12.00;$11.00
21/11/2025;$107.00;$111.00;$110.00;$50.00;$54.00;$53.00;$34.00;$37.00;$36.00;$10.00;$12.00;$11.00
24/11/2025;$107.00;$111.00;$110.00;$48.00;$52.00;$51.00;$34.00;$37.00;$36.00;$10.00;$12.00;$11.00
25/11/2025;$106.00;$110.00;$109.00;$47.00;$51.00;$50.00;$34.00;$37.00;$36.00;$10.00;$12.00;$11.00
26/11/2025;$106.00;$110.00;$109.00;$46.00;$50.00;$49.00;$34.00;$37.00;$36.00;$10.00;$12.00;$11.00
27/11/2025;$105.00;$109.00;$108.00;$45.00;$49.00;$48.00;$34.00;$37.00;$36.00;$10.00;$12.00;$11.00
28/11/2025;$105.00;$109.00;$108.00;$44.00;$48.00;$47.00;$34.00;$37.00;$36.00;$10.00;$12.00;$11.00
D.F. : Centro de distribuci?n Nuevo San Juan;;;;;;;;;;;;
3/11/2025;$110.00;$114.00;$112.00;$53.00;$57.00;$56.00;$31.00;$34.00;$33.00;$10.00;$12.00;$11.00
4/11/2025;$109.00;$113.00;$112.00;$52.00;$56.00;$55.00;$32.00;$35.00;$34.00;$10.00;$12.00;$11.00
5/11/2025;$109.00;$113.00;$112.00;$51.00;$55.00;$54.00;$33.00;$36.00;$34.00;$10.00;$12.00;$11.00
6/11/2025;$109.00;$113.00;$112.00;$50.00;$54.00;$53.00;$33.00;$36.00;$34.00;$10.00;$12.00;$11.00
7/11/2025;$109.00;$113.00;$111.00;$49.00;$53.00;$52.00;$32.00;$35.00;$33.00;$10.00;$12.00;$11.00
10/11/2025;$108.00;$112.00;$111.00;$51.00;$55.00;$53.00;$33.00;$36.00;$34.00;$10.00;$12.00;$11.00
11/11/2025;$109.00;$113.00;$111.00;$50.00;$54.00;$53.00;$34.00;$37.00;$35.00;$10.00;$12.00;$11.00
12/11/2025;$108.00;$112.00;$110.00;$50.00;$54.00;$52.00;$34.00;$37.00;$35.00;$10.00;$12.00;$11.00
13/11/2025;$107.00;$111.00;$109.00;$49.00;$53.00;$51.00;$34.00;$37.00;$35.00;$10.00;$12.00;$11.00
14/11/2025;$106.00;$110.00;$109.00;$48.00;$52.00;$50.00;$34.00;$37.00;$35.00;$10.00;$12.00;$11.00
18/11/2025;$108.00;$112.00;$110.00;$49.00;$53.00;$51.00;$35.00;$38.00;$36.00;$10.00;$12.00;$11.00
19/11/2025;$108.00;$112.00;$112.00;$49.00;$53.00;$52.00;$35.00;$38.00;$36.00;$10.00;$12.00;$11.00
20/11/2025;$106.00;$110.00;$109.00;$49.00;$53.00;$52.00;$35.00;$38.00;$36.00;$10.00;$12.00;$11.00
21/11/2025;$106.00;$110.00;$109.00;$50.00;$54.00;$52.00;$34.00;$37.00;$35.00;$10.00;$12.00;$11.00
24/11/2025;$107.00;$111.00;$109.00;$47.00;$51.00;$50.00;$34.00;$37.00;$35.00;$10.00;$12.00;$11.00
25/11/2025;$106.00;$110.00;$108.00;$46.00;$50.00;$49.00;$34.00;$37.00;$35.00;$10.00;$12.00;$11.00
26/11/2025;$105.00;$109.00;$108.00;$45.00;$49.00;$48.00;$34.00;$37.00;$35.00;$10.00;$12.00;$11.00
27/11/2025;$105.00;$109.00;$107.00;$45.00;$49.00;$47.00;$34.00;$37.00;$35.00;$10.00;$12.00;$11.00
28/11/2025;$104.00;$108.00;$107.00;$44.00;$48.00;$46.00;$34.00;$37.00;$35.00;$10.00;$12.00;$11.00
D.F. : Centro de distribuci?n Ray?n;;;;;;;;;;;;
3/11/2025;$109.00;$113.00;$112.00;$53.00;$57.00;$55.00;$31.00;$34.00;$32.00;$10.00;$12.00;$11.00
4/11/2025;$109.00;$113.00;$111.00;$51.00;$55.00;$54.00;$31.00;$34.00;$33.00;$10.00;$12.00;$11.00
5/11/2025;$108.00;$112.00;$111.00;$50.00;$54.00;$53.00;$32.00;$35.00;$34.00;$10.00;$12.00;$11.00
6/11/2025;$109.00;$113.00;$111.00;$50.00;$54.00;$52.00;$32.00;$35.00;$34.00;$10.00;$12.00;$11.00
7/11/2025;$108.00;$112.00;$111.00;$49.00;$53.00;$51.00;$31.00;$34.00;$33.00;$10.00;$12.00;$11.00
10/11/2025;$107.00;$111.00;$110.00;$50.00;$54.00;$53.00;$32.00;$35.00;$34.00;$10.00;$12.00;$11.00
11/11/2025;$108.00;$112.00;$111.00;$50.00;$54.00;$52.00;$33.00;$36.00;$35.00;$10.00;$12.00;$11.00
12/11/2025;$107.00;$111.00;$110.00;$49.00;$53.00;$52.00;$33.00;$36.00;$35.00;$10.00;$12.00;$11.00
13/11/2025;$106.00;$110.00;$109.00;$48.00;$52.00;$51.00;$33.00;$36.00;$35.00;$10.00;$12.00;$11.00
14/11/2025;$106.00;$110.00;$108.00;$47.00;$51.00;$50.00;$33.00;$36.00;$35.00;$10.00;$12.00;$11.00
18/11/2025;$107.00;$111.00;$110.00;$48.00;$52.00;$51.00;$34.00;$37.00;$36.00;$10.00;$12.00;$11.00
19/11/2025;$107.00;$111.00;$110.00;$49.00;$53.00;$51.00;$34.00;$37.00;$36.00;$10.00;$12.00;$11.00
20/11/2025;$106.00;$110.00;$108.00;$49.00;$53.00;$51.00;$34.00;$37.00;$36.00;$10.00;$12.00;$11.00
21/11/2025;$106.00;$110.00;$108.00;$49.00;$53.00;$52.00;$33.00;$36.00;$35.00;$10.00;$12.00;$11.00
24/11/2025;$106.00;$110.00;$109.00;$47.00;$51.00;$49.00;$32.00;$36.00;$35.00;$10.00;$12.00;$11.00
25/11/2025;$105.00;$109.00;$108.00;$46.00;$50.00;$48.00;$33.00;$36.00;$35.00;$10.00;$12.00;$11.00
26/11/2025;$105.00;$109.00;$107.00;$45.00;$49.00;$47.00;$33.00;$36.00;$35.00;$10.00;$12.00;$11.00
27/11/2025;$104.00;$108.00;$107.00;$44.00;$48.00;$47.00;$33.00;$36.00;$35.00;$10.00;$12.00;$11.00
28/11/2025;$104.00;$108.00;$106.00;$43.00;$47.00;$46.00;$33.00;$36.00;$35.00;$10.00;$12.00;$11.00
D.F. : Centro de distribuci?n San Juan;;;;;;;;;;;;
3/11/2025;$109.00;$113.00;$111.00;$52.00;$56.00;$55.00;$30.00;$33.00;$32.00;$10.00;$12.00;$11.00
4/11/2025;$108.00;$112.00;$111.00;$51.00;$55.00;$53.00;$31.00;$34.00;$32.00;$10.00;$12.00;$11.00
5/11/2025;$107.00;$111.00;$110.00;$50.00;$54.00;$52.00;$32.00;$35.00;$34.00;$10.00;$12.00;$11.00
6/11/2025;$108.00;$111.00;$110.00;$49.00;$53.00;$52.00;$32.00;$35.00;$33.00;$10.00;$12.00;$11.00
7/11/2025;$108.00;$112.00;$110.00;$48.00;$52.00;$51.00;$31.00;$34.00;$32.00;$10.00;$12.00;$11.00
10/11/2025;$107.00;$111.00;$109.00;$50.00;$54.00;$52.00;$32.00;$35.00;$33.00;$10.00;$12.00;$11.00
11/11/2025;$108.00;$112.00;$110.00;$49.00;$53.00;$52.00;$33.00;$36.00;$34.00;$10.00;$12.00;$11.00
12/11/2025;$107.00;$111.00;$109.00;$49.00;$53.00;$51.00;$33.00;$36.00;$34.00;$10.00;$12.00;$11.00
13/11/2025;$106.00;$110.00;$109.00;$48.00;$52.00;$50.00;$33.00;$36.00;$35.00;$10.00;$12.00;$11.00
14/11/2025;$105.00;$109.00;$108.00;$47.00;$51.00;$49.00;$33.00;$36.00;$34.00;$10.00;$12.00;$11.00
18/11/2025;$107.00;$111.00;$109.00;$48.00;$52.00;$50.00;$34.00;$37.00;$35.00;$10.00;$12.00;$11.00
19/11/2025;$106.00;$110.00;$109.00;$48.00;$52.00;$51.00;$34.00;$37.00;$35.00;$10.00;$12.00;$11.00
20/11/2025;$105.00;$109.00;$108.00;$48.00;$52.00;$51.00;$34.00;$37.00;$35.00;$10.00;$12.00;$11.00
21/11/2025;$105.00;$109.00;$108.00;$49.00;$53.00;$51.00;$33.00;$36.00;$34.00;$10.00;$12.00;$11.00
24/11/2025;$106.00;$110.00;$108.00;$46.00;$50.00;$49.00;$33.00;$36.00;$34.00;$10.00;$12.00;$11.00
25/11/2025;$105.00;$109.00;$107.00;$45.00;$49.00;$48.00;$33.00;$36.00;$34.00;$10.00;$12.00;$11.00
26/11/2025;$104.00;$108.00;$107.00;$44.00;$48.00;$47.00;$33.00;$36.00;$34.00;$10.00;$12.00;$11.00
27/11/2025;$104.00;$108.00;$106.00;$44.00;$48.00;$46.00;$33.00;$36.00;$34.00;$10.00;$12.00;$11.00
28/11/2025;$103.00;$107.00;$105.00;$43.00;$47.00;$45.00;$33.00;$36.00;$34.00;$10.00;$12.00;$11.00
Nay: Centros de Distribuci?n de Nayarit;;;;;;;;;;;;
3/11/2025;$106.00;$108.00;$107.00;$73.00;$75.00;$74.00;$43.00;$45.00;$44.00;$33.00;$35.00;$34.00
4/11/2025;$106.00;$108.00;$107.00;$73.00;$75.00;$74.00;$43.00;$45.00;$44.00;$33.00;$35.00;$34.00
5/11/2025;$107.00;$109.00;$108.00;$72.00;$74.00;$73.00;$43.00;$45.00;$44.00;$34.00;$36.00;$35.00
6/11/2025;$106.00;$108.00;$107.00;$73.00;$75.00;$74.00;$43.00;$45.00;$44.00;$34.00;$36.00;$35.00
7/11/2025;$106.00;$108.00;$107.00;$73.00;$75.00;$74.00;$43.00;$45.00;$44.00;$34.00;$36.00;$35.00
10/11/2025;$106.00;$108.00;$107.00;$71.00;$73.00;$72.00;$44.00;$46.00;$45.00;$34.00;$36.00;$35.00
11/11/2025;$106.00;$108.00;$107.00;$72.00;$74.00;$73.00;$44.00;$46.00;$45.00;$34.00;$36.00;$35.00
12/11/2025;$107.00;$109.00;$108.00;$72.00;$74.00;$73.00;$43.00;$45.00;$44.00;$35.00;$37.00;$36.00
13/11/2025;$106.00;$108.00;$107.00;$73.00;$75.00;$74.00;$43.00;$45.00;$44.00;$33.00;$35.00;$34.00
14/11/2025;$106.00;$108.00;$107.00;$73.00;$75.00;$74.00;$43.00;$45.00;$44.00;$33.00;$35.00;$34.00
18/11/2025;$106.00;$108.00;$107.00;$74.00;$76.00;$75.00;$44.00;$46.00;$45.00;$34.00;$36.00;$35.00
19/11/2025;$106.00;$108.00;$107.00;$74.00;$76.00;$75.00;$44.00;$46.00;$45.00;$34.00;$36.00;$35.00
20/11/2025;$106.00;$108.00;$107.00;$74.00;$76.00;$75.00;$44.00;$46.00;$45.00;$34.00;$36.00;$35.00
21/11/2025;$104.00;$106.00;$105.00;$73.00;$75.00;$74.00;$43.00;$45.00;$44.00;$33.00;$35.00;$34.00
24/11/2025;$106.00;$108.00;$107.00;$73.00;$75.00;$74.00;$43.00;$45.00;$44.00;$33.00;$35.00;$34.00
25/11/2025;$108.00;$110.00;$109.00;$76.00;$78.00;$77.00;$44.00;$46.00;$45.00;$34.00;$36.00;$35.00
26/11/2025;$108.00;$110.00;$109.00;$74.00;$76.00;$75.00;$44.00;$46.00;$45.00;$34.00;$36.00;$35.00
27/11/2025;$108.00;$110.00;$109.00;$74.00;$76.00;$75.00;$44.00;$46.00;$45.00;$34.00;$36.00;$35.00
28/11/2025;$106.00;$108.00;$107.00;$73.00;$75.00;$74.00;$43.00;$45.00;$44.00;$34.00;$36.00;$35.00
Qro. : Centros de distribuci?n de Quer?taro;;;;;;;;;;;;
3/11/2025;$85.00;$90.00;$90.00;$45.00;$50.00;$50.00;$25.00;$28.00;$28.00;$38.00;$40.00;$40.00
4/11/2025;$85.00;$90.00;$90.00;$45.00;$50.00;$50.00;$25.00;$28.00;$28.00;$38.00;$40.00;$40.00
5/11/2025;$85.00;$90.00;$90.00;$45.00;$50.00;$50.00;$25.00;$28.00;$28.00;$38.00;$40.00;$40.00
6/11/2025;$85.00;$90.00;$90.00;$45.00;$50.00;$50.00;$25.00;$28.00;$28.00;$38.00;$40.00;$40.00
7/11/2025;$85.00;$90.00;$85.00;$45.00;$50.00;$50.00;$25.00;$28.00;$28.00;$38.00;$40.00;$40.00
10/11/2025;$85.00;$90.00;$90.00;$45.00;$50.00;$50.00;$25.00;$28.00;$28.00;$38.00;$40.00;$40.00
11/11/2025;$85.00;$90.00;$90.00;$45.00;$50.00;$50.00;$25.00;$28.00;$28.00;$38.00;$40.00;$40.00
12/11/2025;$75.00;$85.00;$75.00;$42.00;$45.00;$42.00;$25.00;$28.00;$25.00;$38.00;$40.00;$38.00
13/11/2025;$75.00;$85.00;$85.00;$42.00;$45.00;$45.00;$25.00;$28.00;$28.00;$38.00;$40.00;$40.00
14/11/2025;$75.00;$85.00;$85.00;$42.00;$45.00;$45.00;$25.00;$28.00;$28.00;$38.00;$40.00;$40.00
18/11/2025;$78.00;$85.00;$85.00;$38.00;$45.00;$45.00;$25.00;$28.00;$28.00;$38.00;$40.00;$40.00
19/11/2025;$78.00;$85.00;$85.00;$38.00;$45.00;$45.00;$25.00;$28.00;$28.00;$38.00;$40.00;$40.00
20/11/2025;$78.00;$85.00;$85.00;$38.00;$45.00;$45.00;$25.00;$28.00;$28.00;$38.00;$40.00;$40.00
21/11/2025;$78.00;$85.00;$85.00;$38.00;$45.00;$45.00;$25.00;$28.00;$28.00;$38.00;$40.00;$40.00
24/11/2025;$82.00;$85.00;$85.00;$42.00;$45.00;$45.00;$25.00;$28.00;$28.00;$38.00;$40.00;$40.00
25/11/2025;$82.00;$85.00;$85.00;$42.00;$45.00;$45.00;$25.00;$28.00;$28.00;$38.00;$40.00;$40.00
26/11/2025;$75.00;$80.00;$80.00;$35.00;$40.00;$40.00;$25.00;$28.00;$28.00;$35.00;$38.00;$38.00
27/11/2025;$75.00;$80.00;$80.00;$35.00;$40.00;$40.00;$25.00;$28.00;$28.00;$35.00;$38.00;$38.00
28/11/2025;$75.00;$80.00;$80.00;$35.00;$40.00;$40.00;$25.00;$28.00;$28.00;$35.00;$38.00;$38.00
Zac: Mercado de Abasto de Zacatecas;;;;;;;;;;;;
3/11/2025;$98.00;$98.00;$98.00;$46.00;$46.00;$46.00;$15.00;$15.00;$15.00;-;-;-
4/11/2025;$98.00;$98.00;$98.00;$46.00;$46.00;$46.00;$15.00;$15.00;$15.00;-;-;-
5/11/2025;$98.00;$98.00;$98.00;$46.00;$46.00;$46.00;$15.00;$15.00;$15.00;-;-;-
6/11/2025;$98.00;$98.00;$98.00;$46.00;$46.00;$46.00;$15.00;$15.00;$15.00;-;-;-
7/11/2025;$98.00;$98.00;$98.00;$46.00;$46.00;$46.00;$15.00;$15.00;$15.00;-;-;-
10/11/2025;$98.00;$98.00;$98.00;$46.00;$46.00;$46.00;$15.00;$15.00;$15.00;-;-;-
11/11/2025;$98.00;$98.00;$98.00;$46.00;$46.00;$46.00;$15.00;$15.00;$15.00;-;-;-
12/11/2025;$98.00;$98.00;$98.00;$46.00;$46.00;$46.00;$15.00;$15.00;$15.00;-;-;-
13/11/2025;$98.00;$98.00;$98.00;$46.00;$46.00;$46.00;$15.00;$15.00;$15.00;-;-;-
14/11/2025;$98.00;$98.00;$98.00;$46.00;$46.00;$46.00;$15.00;$15.00;$15.00;-;-;-
18/11/2025;$98.00;$98.00;$98.00;$46.00;$46.00;$46.00;$15.00;$15.00;$15.00;-;-;-
19/11/2025;$98.00;$98.00;$98.00;$46.00;$46.00;$46.00;$15.00;$15.00;$15.00;-;-;-
20/11/2025;$98.00;$98.00;$98.00;$46.00;$46.00;$46.00;$15.00;$15.00;$15.00;-;-;-
21/11/2025;$98.00;$98.00;$98.00;$46.00;$46.00;$46.00;$15.00;$15.00;$15.00;-;-;-
24/11/2025;$98.00;$98.00;$98.00;$46.00;$46.00;$46.00;$15.00;$15.00;$15.00;-;-;-
25/11/2025;$98.00;$98.00;$98.00;$46.00;$46.00;$46.00;$15.00;$15.00;$15.00;-;-;-
26/11/2025;$98.00;$98.00;$98.00;$46.00;$46.00;$46.00;$15.00;$15.00;$15.00;-;-;-
27/11/2025;$98.00;$98.00;$98.00;$46.00;$46.00;$46.00;$15.00;$15.00;$15.00;-;-;-
28/11/2025;$98.00;$98.00;$98.00;$46.00;$46.00;$46.00;$15.00;$15.00;$15.00;-;-;-
;;;;;;;;;;;;
;;;;;;;;;;;;
B.C.S: Diversos establecimientos de La Paz;;;;;;;;;;;;
1/12/2025;-;$100.00;$100.00;-;$35.00;$35.00;-;-;-;-;-;-
2/12/2025;$100.00;$100.00;$100.00;$35.00;$35.00;$35.00;-;-;-;-;-;-
3/12/2025;$100.00;$100.00;$100.00;$35.00;$35.00;$35.00;-;-;-;-;-;-
4/12/2025;$100.00;$100.00;$100.00;$35.00;$35.00;$35.00;-;-;-;-;-;-
5/12/2025;$100.00;$100.00;$100.00;$35.00;$35.00;$35.00;-;-;-;-;-;-
8/12/2025;$100.00;$100.00;$100.00;$35.00;$35.00;$35.00;-;-;-;-;-;-
9/12/2025;$100.00;$100.00;$100.00;$35.00;$35.00;$35.00;-;-;-;-;-;-
10/12/2025;$100.00;$100.00;$100.00;$35.00;$35.00;$35.00;-;-;-;-;-;-
11/12/2025;$100.00;$100.00;$100.00;$35.00;$35.00;$35.00;-;-;-;-;-;-
12/12/2025;$100.00;$100.00;$100.00;$35.00;$35.00;$35.00;-;-;-;-;-;-
15/12/2025;$100.00;$100.00;$100.00;$35.00;$35.00;$35.00;-;-;-;-;-;-
16/12/2025;$100.00;$100.00;$100.00;$35.00;$35.00;$35.00;-;-;-;-;-;-
17/12/2025;$100.00;$100.00;$100.00;$35.00;$35.00;$35.00;-;-;-;-;-;-
18/12/2025;$90.00;$90.00;$90.00;$35.00;$35.00;$35.00;-;-;-;-;-;-
22/12/2025;$90.00;$90.00;$90.00;$35.00;$35.00;$35.00;-;-;-;-;-;-
23/12/2025;$90.00;$90.00;$90.00;$35.00;$35.00;$35.00;-;-;-;-;-;-
24/12/2025;$90.00;$90.00;$90.00;$35.00;$35.00;$35.00;-;-;-;-;-;-
26/12/2025;$90.00;$90.00;$90.00;$35.00;$35.00;$35.00;-;-;-;-;-;-
29/12/2025;$90.00;$90.00;$90.00;$35.00;$35.00;$35.00;-;-;-;-;-;-
30/12/2025;$90.00;$90.00;$90.00;$35.00;$35.00;$35.00;-;-;-;-;-;-
31/12/2025;$90.00;$90.00;$90.00;$35.00;$35.00;$35.00;-;-;-;-;-;-
D.F. : Centro de distribuci?n Becerra;;;;;;;;;;;;
1/12/2025;$103.00;$107.00;$106.00;$43.00;$47.00;$46.00;$34.00;$37.00;$36.00;$10.00;$12.00;$11.00
2/12/2025;$102.00;$106.00;$105.00;$43.00;$47.00;$46.00;$32.00;$35.00;$34.00;$10.00;$12.00;$11.00
3/12/2025;$102.00;$106.00;$105.00;$42.00;$46.00;$45.00;$31.00;$34.00;$33.00;$10.00;$12.00;$11.00
4/12/2025;$102.00;$106.00;$105.00;$42.00;$46.00;$45.00;$31.00;$34.00;$33.00;$10.00;$12.00;$11.00
5/12/2025;$101.00;$105.00;$104.00;$42.00;$46.00;$45.00;$31.00;$34.00;$33.00;$10.00;$12.00;$11.00
8/12/2025;$100.00;$104.00;$103.00;$42.00;$46.00;$45.00;$31.00;$34.00;$33.00;$10.00;$12.00;$11.00
9/12/2025;$100.00;$104.00;$103.00;$43.00;$47.00;$46.00;$32.00;$35.00;$34.00;$10.00;$12.00;$11.00
10/12/2025;$102.00;$106.00;$105.00;$44.00;$48.00;$47.00;$33.00;$36.00;$35.00;$10.00;$12.00;$11.00
11/12/2025;$104.00;$108.00;$107.00;$45.00;$49.00;$48.00;$34.00;$37.00;$36.00;$10.00;$12.00;$11.00
12/12/2025;$104.00;$108.00;$107.00;$45.00;$49.00;$48.00;$34.00;$37.00;$36.00;$10.00;$12.00;$11.00
15/12/2025;$104.00;$108.00;$107.00;$46.00;$50.00;$49.00;$34.00;$37.00;$36.00;$10.00;$12.00;$11.00
16/12/2025;$105.00;$109.00;$108.00;$46.00;$50.00;$49.00;$35.00;$38.00;$37.00;$10.00;$12.00;$11.00
17/12/2025;$105.00;$109.00;$108.00;$47.00;$51.00;$50.00;$34.00;$37.00;$36.00;$10.00;$12.00;$11.00
18/12/2025;$105.00;$109.00;$108.00;$48.00;$52.00;$51.00;$32.00;$35.00;$34.00;$10.00;$12.00;$11.00
22/12/2025;$106.00;$110.00;$109.00;$48.00;$53.00;$52.00;$34.00;$37.00;$36.00;$11.00;$12.00;$11.00
23/12/2025;$108.00;$112.00;$111.00;$51.00;$55.00;$54.00;$34.00;$37.00;$36.00;$11.00;$12.00;$11.00
24/12/2025;$108.00;$112.00;$111.00;$52.00;$56.00;$55.00;$34.00;$37.00;$36.00;$11.00;$12.00;$11.00
26/12/2025;$109.00;$113.00;$112.00;$51.00;$55.00;$54.00;$34.00;$37.00;$36.00;$11.00;$12.00;$11.00
29/12/2025;$111.00;$115.00;$114.00;$52.00;$56.00;$55.00;$35.00;$38.00;$37.00;$11.00;$12.00;$11.00
30/12/2025;$112.00;$116.00;$115.00;$53.00;$57.00;$56.00;$35.00;$38.00;$37.00;$11.00;$12.00;$11.00
31/12/2025;$113.00;$117.00;$116.00;$54.00;$58.00;$57.00;$35.00;$38.00;$37.00;$11.00;$12.00;$11.00
D.F. : Centro de distribuci?n Nuevo San Juan;;;;;;;;;;;;
1/12/2025;$103.00;$107.00;$105.00;$43.00;$47.00;$45.00;$34.00;$37.00;$35.00;$10.00;$12.00;$11.00
2/12/2025;$102.00;$106.00;$104.00;$43.00;$47.00;$45.00;$32.00;$35.00;$33.00;$10.00;$12.00;$11.00
3/12/2025;$102.00;$106.00;$104.00;$42.00;$46.00;$44.00;$31.00;$34.00;$32.00;$10.00;$12.00;$11.00
4/12/2025;$102.00;$106.00;$104.00;$41.00;$45.00;$44.00;$31.00;$34.00;$32.00;$10.00;$12.00;$11.00
5/12/2025;$101.00;$105.00;$103.00;$42.00;$46.00;$44.00;$31.00;$34.00;$32.00;$10.00;$12.00;$11.00
8/12/2025;$100.00;$104.00;$102.00;$41.00;$45.00;$44.00;$31.00;$34.00;$32.00;$10.00;$12.00;$11.00
9/12/2025;$99.00;$103.00;$102.00;$43.00;$47.00;$45.00;$32.00;$35.00;$33.00;$10.00;$12.00;$11.00
10/12/2025;$102.00;$106.00;$104.00;$44.00;$48.00;$46.00;$33.00;$36.00;$34.00;$10.00;$12.00;$11.00
11/12/2025;$104.00;$108.00;$106.00;$45.00;$49.00;$47.00;$34.00;$37.00;$35.00;$10.00;$12.00;$11.00
12/12/2025;$103.00;$107.00;$106.00;$44.00;$48.00;$47.00;$34.00;$37.00;$35.00;$10.00;$12.00;$11.00
15/12/2025;$104.00;$108.00;$106.00;$46.00;$50.00;$48.00;$34.00;$37.00;$35.00;$10.00;$12.00;$11.00
16/12/2025;$105.00;$109.00;$107.00;$46.00;$50.00;$48.00;$35.00;$38.00;$36.00;$10.00;$12.00;$11.00
17/12/2025;$105.00;$109.00;$107.00;$47.00;$51.00;$49.00;$34.00;$37.00;$35.00;$10.00;$12.00;$11.00
18/12/2025;$105.00;$109.00;$107.00;$48.00;$52.00;$50.00;$32.00;$35.00;$33.00;$10.00;$12.00;$11.00
22/12/2025;$106.00;$110.00;$108.00;$49.00;$53.00;$51.00;$34.00;$37.00;$35.00;$11.00;$12.00;$11.00
23/12/2025;$108.00;$112.00;$110.00;$51.00;$55.00;$53.00;$34.00;$37.00;$35.00;$11.00;$12.00;$11.00
24/12/2025;$108.00;$112.00;$110.00;$52.00;$56.00;$54.00;$34.00;$37.00;$35.00;$11.00;$12.00;$11.00
26/12/2025;$109.00;$113.00;$111.00;$50.00;$54.00;$53.00;$34.00;$37.00;$35.00;$11.00;$12.00;$11.00
29/12/2025;$111.00;$115.00;$113.00;$52.00;$56.00;$54.00;$35.00;$38.00;$36.00;$11.00;$12.00;$11.00
30/12/2025;$112.00;$116.00;$114.00;$53.00;$57.00;$55.00;$35.00;$38.00;$36.00;$11.00;$12.00;$11.00
31/12/2025;$113.00;$117.00;$115.00;$53.00;$57.00;$56.00;$35.00;$33.00;$36.00;$11.00;$12.00;$11.00
D.F. : Centro de distribuci?n Ray?n;;;;;;;;;;;;
1/12/2025;$102.00;$106.00;$105.00;$42.00;$46.00;$45.00;$33.00;$36.00;$35.00;$10.00;$12.00;$11.00
2/12/2025;$101.00;$105.00;$104.00;$42.00;$46.00;$45.00;$31.00;$34.00;$33.00;$10.00;$12.00;$11.00
3/12/2025;$101.00;$105.00;$104.00;$41.00;$45.00;$44.00;$30.00;$33.00;$32.00;$10.00;$12.00;$11.00
4/12/2025;$101.00;$105.00;$104.00;$41.00;$45.00;$43.00;$30.00;$33.00;$32.00;$10.00;$12.00;$11.00
5/12/2025;$100.00;$104.00;$103.00;$41.00;$45.00;$44.00;$30.00;$33.00;$32.00;$10.00;$12.00;$11.00
8/12/2025;$99.00;$103.00;$102.00;$41.00;$45.00;$44.00;$30.00;$33.00;$32.00;$10.00;$12.00;$11.00
9/12/2025;$99.00;$103.00;$101.00;$42.00;$46.00;$45.00;$31.00;$34.00;$33.00;$10.00;$12.00;$11.00
10/12/2025;$101.00;$105.00;$104.00;$43.00;$47.00;$46.00;$32.00;$35.00;$34.00;$10.00;$12.00;$11.00
11/12/2025;$103.00;$107.00;$106.00;$44.00;$48.00;$47.00;$33.00;$36.00;$35.00;$10.00;$12.00;$11.00
12/12/2025;$103.00;$107.00;$105.00;$44.00;$48.00;$46.00;$33.00;$36.00;$35.00;$10.00;$12.00;$11.00
15/12/2025;$103.00;$107.00;$105.00;$45.00;$49.00;$48.00;$33.00;$36.00;$35.00;$10.00;$12.00;$11.00
16/12/2025;$104.00;$108.00;$107.00;$45.00;$49.00;$48.00;$34.00;$37.00;$36.00;$10.00;$12.00;$11.00
17/12/2025;$104.00;$108.00;$107.00;$46.00;$50.00;$49.00;$33.00;$36.00;$35.00;$10.00;$12.00;$11.00
18/12/2025;$104.00;$108.00;$107.00;$47.00;$51.00;$50.00;$31.00;$34.00;$33.00;$10.00;$12.00;$11.00
22/12/2025;$105.00;$109.00;$108.00;$48.00;$52.00;$51.00;$33.00;$36.00;$35.00;$11.00;$21.00;$11.00
23/12/2025;$107.00;$111.00;$110.00;$50.00;$54.00;$53.00;$33.00;$36.00;$35.00;$11.00;$12.00;$11.00
24/12/2025;$107.00;$111.00;$110.00;$51.00;$55.00;$54.00;$33.00;$36.00;$35.00;$11.00;$12.00;$11.00
26/12/2025;$108.00;$112.00;$111.00;$50.00;$54.00;$52.00;$33.00;$36.00;$35.00;$11.00;$12.00;$11.00
29/12/2025;$110.00;$114.00;$113.00;$51.00;$55.00;$54.00;$34.00;$37.00;$36.00;$11.00;$12.00;$11.00
30/12/2025;$111.00;$115.00;$114.00;$52.00;$56.00;$55.00;$34.00;$37.00;$36.00;$11.00;$12.00;$11.00
31/12/2025;$112.00;$116.00;$115.00;$53.00;$57.00;$55.00;$34.00;$37.00;$36.00;$11.00;$12.00;$11.00
D.F. : Centro de distribuci?n San Juan;;;;;;;;;;;;
1/12/2025;$102.00;$106.00;$104.00;$42.00;$46.00;$44.00;$33.00;$36.00;$34.00;$10.00;$12.00;$11.00
2/12/2025;$100.00;$105.00;$103.00;$42.00;$46.00;$44.00;$31.00;$34.00;$33.00;$10.00;$12.00;$11.00
3/12/2025;$100.00;$105.00;$103.00;$41.00;$45.00;$43.00;$30.00;$33.00;$31.00;$10.00;$12.00;$11.00
4/12/2025;$101.00;$105.00;$104.00;$40.00;$44.00;$43.00;$30.00;$33.00;$31.00;$10.00;$12.00;$11.00
5/12/2025;$100.00;$104.00;$102.00;$41.00;$45.00;$43.00;$30.00;$33.00;$32.00;$10.00;$12.00;$11.00
8/12/2025;$99.00;$103.00;$102.00;$40.00;$44.00;$43.00;$30.00;$33.00;$32.00;$10.00;$12.00;$11.00
9/12/2025;$99.00;$103.00;$101.00;$42.00;$46.00;$44.00;$31.00;$34.00;$32.00;$10.00;$12.00;$11.00
10/12/2025;$101.00;$105.00;$103.00;$43.00;$47.00;$45.00;$32.00;$35.00;$34.00;$10.00;$12.00;$11.00
11/12/2025;$103.00;$107.00;$105.00;$44.00;$48.00;$47.00;$33.00;$36.00;$34.00;$10.00;$12.00;$11.00
12/12/2025;$102.00;$106.00;$105.00;$43.00;$47.00;$46.00;$33.00;$36.00;$35.00;$10.00;$12.00;$11.00
15/12/2025;$103.00;$107.00;$104.00;$45.00;$49.00;$47.00;$33.00;$36.00;$34.00;$10.00;$12.00;$11.00
16/12/2025;$104.00;$108.00;$106.00;$45.00;$49.00;$47.00;$34.00;$37.00;$36.00;$10.00;$12.00;$11.00
17/12/2025;$104.00;$108.00;$106.00;$46.00;$50.00;$48.00;$33.00;$36.00;$34.00;$10.00;$12.00;$11.00
18/12/2025;$104.00;$108.00;$106.00;$47.00;$51.00;$49.00;$31.00;$34.00;$33.00;$10.00;$12.00;$11.00
22/12/2025;$105.00;$109.00;$107.00;$48.00;$52.00;$50.00;$33.00;$36.00;$35.00;$11.00;$12.00;$11.00
23/12/2025;$107.00;$111.00;$110.00;$50.00;$54.00;$53.00;$33.00;$36.00;$35.00;$11.00;$12.00;$11.00
24/12/2025;$107.00;$111.00;$110.00;$51.00;$55.00;$54.00;$33.00;$36.00;$34.00;$11.00;$12.00;$11.00
26/12/2025;$108.00;$112.00;$110.00;$49.00;$53.00;$52.00;$33.00;$36.00;$34.00;$11.00;$12.00;$11.00
29/12/2025;$110.00;$114.00;$112.00;$51.00;$55.00;$53.00;$34.00;$37.00;$35.00;$11.00;$12.00;$11.00
30/12/2025;$111.00;$115.00;$113.00;$52.00;$56.00;$54.00;$34.00;$37.00;$35.00;$11.00;$12.00;$11.00
31/12/2025;$112.00;$116.00;$114.00;$52.00;$56.00;$55.00;$34.00;$37.00;$35.00;$11.00;$12.00;$11.00
Nay: Centros de Distribuci?n de Nayarit;;;;;;;;;;;;
1/12/2025;$108.00;$110.00;$109.00;$74.00;$76.00;$75.00;$44.00;$46.00;$45.00;$34.00;$36.00;$35.00
2/12/2025;$108.00;$110.00;$109.00;$74.00;$76.00;$75.00;$44.00;$46.00;$45.00;$34.00;$36.00;$35.00
3/12/2025;$108.00;$110.00;$109.00;$74.00;$76.00;$75.00;$44.00;$46.00;$45.00;$34.00;$36.00;$35.00
4/12/2025;$108.00;$110.00;$109.00;$73.00;$75.00;$74.00;$44.00;$46.00;$45.00;$34.00;$36.00;$35.00
5/12/2025;$108.00;$110.00;$109.00;$74.00;$76.00;$75.00;$44.00;$46.00;$45.00;$34.00;$36.00;$35.00
8/12/2025;$106.00;$108.00;$107.00;$73.00;$75.00;$74.00;$43.00;$45.00;$44.00;$34.00;$36.00;$35.00
9/12/2025;$106.00;$108.00;$107.00;$73.00;$75.00;$74.00;$43.00;$45.00;$44.00;$34.00;$36.00;$35.00
10/12/2025;$106.00;$108.00;$107.00;$73.00;$75.00;$74.00;$43.00;$45.00;$44.00;$34.00;$36.00;$35.00
11/12/2025;$108.00;$110.00;$109.00;$74.00;$76.00;$75.00;$44.00;$46.00;$45.00;$34.00;$36.00;$35.00
12/12/2025;$108.00;$110.00;$109.00;$73.00;$75.00;$74.00;$43.00;$45.00;$44.00;$34.00;$36.00;$35.00
15/12/2025;$108.00;$110.00;$109.00;$74.00;$76.00;$75.00;$44.00;$46.00;$45.00;$34.00;$36.00;$35.00
16/12/2025;$108.00;$110.00;$109.00;$74.00;$76.00;$75.00;$44.00;$46.00;$45.00;$34.00;$36.00;$35.00
17/12/2025;$108.00;$110.00;$109.00;$74.00;$76.00;$75.00;$44.00;$46.00;$45.00;$34.00;$36.00;$35.00
18/12/2025;$108.00;$110.00;$109.00;$74.00;$76.00;$75.00;$44.00;$46.00;$45.00;$34.00;$36.00;$35.00
19/12/2025;$108.00;$110.00;$109.00;$75.00;$77.00;$76.00;$45.00;$47.00;$46.00;$35.00;$37.00;$36.00
Qro. : Centros de distribuci?n de Quer?taro;;;;;;;;;;;;
1/12/2025;$75.00;$80.00;$80.00;$35.00;$40.00;$40.00;$25.00;$28.00;$28.00;$35.00;$38.00;$38.00
2/12/2025;$75.00;$80.00;$80.00;$35.00;$40.00;$40.00;$25.00;$28.00;$28.00;$35.00;$38.00;$38.00
3/12/2025;$75.00;$80.00;$80.00;$35.00;$40.00;$40.00;$25.00;$28.00;$28.00;$35.00;$38.00;$38.00
4/12/2025;$75.00;$80.00;$80.00;$35.00;$40.00;$40.00;$25.00;$28.00;$28.00;$35.00;$38.00;$38.00
5/12/2025;$75.00;$85.00;$85.00;$35.00;$42.00;$42.00;$25.00;$28.00;$28.00;$35.00;$38.00;$38.00
8/12/2025;$75.00;$85.00;$85.00;$35.00;$42.00;$42.00;$25.00;$28.00;$28.00;$35.00;$38.00;$38.00
9/12/2025;$78.00;$85.00;$85.00;$40.00;$45.00;$45.00;$25.00;$28.00;$28.00;$35.00;$38.00;$38.00
10/12/2025;$78.00;$85.00;$85.00;$40.00;$45.00;$45.00;$25.00;$28.00;$28.00;$35.00;$38.00;$38.00
11/12/2025;$78.00;$85.00;$85.00;$40.00;$45.00;$45.00;$25.00;$28.00;$28.00;$35.00;$38.00;$38.00
12/12/2025;$78.00;$85.00;$85.00;$40.00;$45.00;$45.00;$25.00;$28.00;$28.00;$35.00;$38.00;$38.00
15/12/2025;$78.00;$85.00;$85.00;$40.00;$45.00;$45.00;$25.00;$28.00;$28.00;$35.00;$38.00;$38.00
16/12/2025;$75.00;$85.00;$85.00;$40.00;$45.00;$45.00;$25.00;$28.00;$28.00;$35.00;$38.00;$38.00
17/12/2025;$75.00;$85.00;$85.00;$40.00;$45.00;$45.00;$25.00;$28.00;$28.00;$35.00;$38.00;$38.00
18/12/2025;$75.00;$85.00;$85.00;$40.00;$45.00;$45.00;$25.00;$28.00;$28.00;$35.00;$38.00;$38.00
19/12/2025;$75.00;$85.00;$85.00;$45.00;$50.00;$50.00;$25.00;$28.00;$28.00;$35.00;$38.00;$38.00
22/12/2025;$75.00;$85.00;$75.00;$45.00;$50.00;$45.00;$25.00;$28.00;$25.00;$35.00;$38.00;$35.00
23/12/2025;$75.00;$85.00;$75.00;$45.00;$50.00;$45.00;$25.00;$28.00;$25.00;$35.00;$38.00;$35.00
24/12/2025;$75.00;$85.00;$75.00;$45.00;$50.00;$45.00;$25.00;$28.00;$25.00;$35.00;$38.00;$35.00
26/12/2025;$75.00;$85.00;$85.00;$45.00;$50.00;$50.00;$25.00;$28.00;$28.00;$35.00;$38.00;$38.00
29/12/2025;$75.00;$85.00;$85.00;$45.00;$50.00;$50.00;$25.00;$28.00;$28.00;$35.00;$38.00;$38.00
30/12/2025;$80.00;$85.00;$85.00;$45.00;$50.00;$50.00;$25.00;$28.00;$28.00;$35.00;$38.00;$38.00
31/12/2025;$80.00;$85.00;$85.00;$45.00;$50.00;$50.00;$25.00;$28.00;$28.00;$35.00;$38.00;$38.00
Zac: Mercado de Abasto de Zacatecas;;;;;;;;;;;;
1/12/2025;$98.00;$98.00;$98.00;$46.00;$46.00;$46.00;$15.00;$15.00;$15.00;-;-;-
2/12/2025;$98.00;$98.00;$98.00;$46.00;$46.00;$46.00;$15.00;$15.00;$15.00;-;-;-
3/12/2025;$98.00;$98.00;$98.00;$46.00;$46.00;$46.00;$15.00;$15.00;$15.00;-;-;-
4/12/2025;$98.00;$98.00;$98.00;$46.00;$46.00;$46.00;$15.00;$15.00;$15.00;-;-;-
5/12/2025;$98.00;$98.00;$98.00;$46.00;$46.00;$46.00;$15.00;$15.00;$15.00;-;-;-
8/12/2025;$98.00;$98.00;$98.00;$46.00;$46.00;$46.00;$15.00;$15.00;$15.00;-;-;-
9/12/2025;$98.00;$98.00;$98.00;$46.00;$46.00;$46.00;$15.00;$15.00;$15.00;-;-;-
10/12/2025;$98.00;$98.00;$98.00;$46.00;$46.00;$46.00;$15.00;$15.00;$15.00;-;-;-
11/12/2025;$98.00;$98.00;$98.00;$46.00;$46.00;$46.00;$15.00;$15.00;$15.00;-;-;-
12/12/2025;$98.00;$98.00;$98.00;$46.00;$46.00;$46.00;$15.00;$15.00;$15.00;-;-;-
15/12/2025;$98.00;$98.00;$98.00;$46.00;$46.00;$46.00;$15.00;$15.00;$15.00;-;-;-
16/12/2025;$98.00;$98.00;$98.00;$46.00;$46.00;$46.00;$15.00;$15.00;$15.00;-;-;-
17/12/2025;$98.00;$98.00;$98.00;$46.00;$46.00;$46.00;$15.00;$15.00;$15.00;-;-;-
18/12/2025;$98.00;$98.00;$98.00;$46.00;$46.00;$46.00;$15.00;$15.00;$15.00;-;-;-
19/12/2025;$98.00;$98.00;$98.00;$46.00;$46.00;$46.00;$15.00;$15.00;$15.00;-;-;-
22/12/2025;$98.00;$98.00;$98.00;$46.00;$46.00;$46.00;$15.00;$15.00;$15.00;-;-;-
23/12/2025;$98.00;$98.00;$98.00;$46.00;$46.00;$46.00;$15.00;$15.00;$15.00;-;-;-
24/12/2025;$98.00;$98.00;$98.00;$46.00;$46.00;$46.00;$15.00;$15.00;$15.00;-;-;-
29/12/2025;$98.00;$98.00;$98.00;$46.00;$46.00;$46.00;$15.00;$15.00;$15.00;-;-;-
30/12/2025;$98.00;$98.00;$98.00;$46.00;$46.00;$46.00;$15.00;$15.00;$15.00;-;-;-
31/12/2025;$98.00;$98.00;$98.00;$46.00;$46.00;$46.00;$15.00;$15.00;$15.00;-;-;-
;;;;;;;;;;;;
B.C.S: Diversos establecimientos de La Paz;;;;;;;;;;;;
2/1/2026;$90.00;$90.00;$90.00;$35.00;$35.00;$35.00;-;-;-;-;-;-
5/1/2026;$90.00;$90.00;$90.00;$35.00;$35.00;$35.00;-;-;-;-;-;-
6/1/2026;$90.00;$90.00;$90.00;$35.00;$35.00;$35.00;-;-;-;-;-;-
7/1/2026;$90.00;$90.00;$90.00;$35.00;$35.00;$35.00;-;-;-;-;-;-
8/1/2026;$90.00;$90.00;$90.00;$35.00;$35.00;$35.00;-;-;-;-;-;-
9/1/2026;$90.00;$90.00;$90.00;$35.00;$35.00;$35.00;-;-;-;-;-;-
12/1/2026;$90.00;$90.00;$90.00;$35.00;$35.00;$35.00;-;-;-;-;-;-
13/1/2026;$90.00;$90.00;$90.00;$35.00;$35.00;$35.00;-;-;-;-;-;-
14/1/2026;$90.00;$90.00;$90.00;$35.00;$35.00;$35.00;-;-;-;-;-;-
15/1/2026;$90.00;$90.00;$90.00;$35.00;$35.00;$35.00;-;-;-;-;-;-
16/1/2026;$90.00;$90.00;$90.00;$35.00;$35.00;$35.00;-;-;-;-;-;-
19/1/2026;$90.00;$90.00;$90.00;$35.00;$35.00;$35.00;-;-;-;-;-;-
20/1/2026;$90.00;$90.00;$90.00;$35.00;$35.00;$35.00;-;-;-;-;-;-
21/1/2026;$90.00;$90.00;$90.00;$35.00;$35.00;$35.00;-;-;-;-;-;-
22/1/2026;$90.00;$90.00;$90.00;$35.00;$35.00;$35.00;-;-;-;-;-;-
23/1/2026;$90.00;$90.00;$90.00;$35.00;$35.00;$35.00;-;-;-;-;-;-
26/1/2026;$90.00;$90.00;$90.00;$35.00;$35.00;$35.00;-;-;-;-;-;-
27/1/2026;$90.00;$90.00;$90.00;$35.00;$35.00;$35.00;-;-;-;-;-;-
28/1/2026;$90.00;$90.00;$90.00;$35.00;$35.00;$35.00;-;-;-;-;-;-
29/1/2026;$90.00;$90.00;$90.00;$35.00;$35.00;$35.00;-;-;-;-;-;-
30/1/2026;$90.00;$90.00;$90.00;$35.00;$35.00;$35.00;-;-;-;-;-;-
D.F. : Centro de distribuci?n Becerra;;;;;;;;;;;;
2/1/2026;$112.00;$116.00;$115.00;$53.00;$57.00;$56.00;$35.00;$38.00;$37.00;$11.00;$12.00;$11.00
5/1/2026;$110.00;$114.00;$112.00;$51.00;$55.00;$53.00;$34.00;$37.00;$35.00;$11.00;$12.00;$11.00
6/1/2026;$108.00;$112.00;$111.00;$50.00;$54.00;$53.00;$34.00;$37.00;$36.00;$11.00;$12.00;$11.00
7/1/2026;$108.00;$112.00;$111.00;$49.00;$53.00;$52.00;$34.00;$37.00;$36.00;$11.00;$12.00;$11.00
8/1/2026;$107.00;$111.00;$110.00;$48.00;$52.00;$51.00;$33.00;$36.00;$35.00;$11.00;$12.00;$11.00
9/1/2026;$107.00;$111.00;$110.00;$47.00;$51.00;$50.00;$32.00;$35.00;$34.00;$11.00;$12.00;$11.00
12/1/2026;$106.00;$110.00;$109.00;$46.00;$50.00;$49.00;$31.00;$34.00;$33.00;$11.00;$12.00;$11.00
13/1/2026;$106.00;$110.00;$109.00;$45.00;$49.00;$48.00;$31.00;$34.00;$33.00;$11.00;$12.00;$11.00
14/1/2026;$105.00;$109.00;$108.00;$45.00;$49.00;$48.00;$32.00;$35.00;$34.00;$11.00;$12.00;$11.00
15/1/2026;$104.00;$108.00;$107.00;$44.00;$48.00;$47.00;$32.00;$35.00;$34.00;$11.00;$12.00;$11.00
16/1/2026;$103.00;$107.00;$106.00;$44.00;$48.00;$47.00;$33.00;$36.00;$35.00;$11.00;$12.00;$11.00
19/1/2026;$102.00;$106.00;$105.00;$43.00;$47.00;$46.00;$33.00;$36.00;$35.00;$11.00;$12.00;$11.00
20/1/2026;$102.00;$106.00;$105.00;$43.00;$47.00;$46.00;$33.00;$36.00;$35.00;$11.00;$12.00;$11.00
21/1/2026;$100.00;$104.00;$103.00;$43.00;$47.00;$46.00;$33.00;$36.00;$35.00;$11.00;$12.00;$11.00
22/1/2026;$99.00;$103.00;$102.00;$43.00;$47.00;$46.00;$34.00;$37.00;$36.00;$11.00;$12.00;$11.00
23/1/2026;$98.00;$102.00;$101.00;$43.00;$47.00;$46.00;$34.00;$37.00;$36.00;$11.00;$12.00;$11.00
26/1/2026;$98.00;$102.00;$100.00;$41.00;$45.00;$44.00;$33.00;$36.00;$35.00;$11.00;$12.00;$11.00
27/1/2026;$97.00;$101.00;$100.00;$41.00;$45.00;$44.00;$33.00;$36.00;$35.00;$11.00;$12.00;$11.00
28/1/2026;$96.00;$100.00;$99.00;$40.00;$44.00;$43.00;$32.00;$35.00;$34.00;$11.00;$12.00;$11.00
29/1/2026;$96.00;$100.00;$99.00;$40.00;$44.00;$43.00;$32.00;$35.00;$34.00;$11.00;$12.00;$11.00
30/1/2026;$96.00;$100.00;$99.00;$39.00;$43.00;$42.00;$32.00;$35.00;$34.00;$11.00;$12.00;$11.00
D.F. : Centro de distribuci?n Nuevo San Juan;;;;;;;;;;;;
2/1/2026;$111.00;$115.00;$114.00;$52.00;$56.00;$55.00;$35.00;$38.00;$36.00;$11.00;$12.00;$11.00
5/1/2026;$110.00;$114.00;$112.00;$51.00;$55.00;$53.00;$34.00;$37.00;$35.00;$11.00;$12.00;$11.00
6/1/2026;$108.00;$112.00;$110.00;$50.00;$54.00;$52.00;$34.00;$37.00;$35.00;$11.00;$12.00;$11.00
7/1/2026;$108.00;$112.00;$110.00;$49.00;$53.00;$51.00;$33.00;$36.00;$35.00;$11.00;$12.00;$11.00
8/1/2026;$107.00;$111.00;$109.00;$48.00;$52.00;$50.00;$32.00;$35.00;$34.00;$11.00;$12.00;$11.00
9/1/2026;$107.00;$111.00;$109.00;$46.00;$50.00;$49.00;$32.00;$35.00;$33.00;$11.00;$12.00;$11.00
12/1/2026;$106.00;$110.00;$108.00;$46.00;$50.00;$48.00;$31.00;$34.00;$32.00;$11.00;$12.00;$11.00
13/1/2026;$106.00;$110.00;$108.00;$45.00;$49.00;$47.00;$31.00;$34.00;$33.00;$11.00;$12.00;$11.00
14/1/2026;$105.00;$109.00;$107.00;$45.00;$49.00;$47.00;$32.00;$35.00;$33.00;$11.00;$12.00;$11.00
15/1/2026;$104.00;$108.00;$106.00;$44.00;$48.00;$46.00;$32.00;$35.00;$33.00;$11.00;$12.00;$11.00
16/1/2026;$103.00;$107.00;$105.00;$44.00;$48.00;$46.00;$33.00;$36.00;$34.00;$11.00;$12.00;$11.00
19/1/2026;$102.00;$106.00;$104.00;$43.00;$47.00;$45.00;$33.00;$36.00;$34.00;$11.00;$12.00;$11.00
20/1/2026;$102.00;$106.00;$104.00;$43.00;$47.00;$45.00;$33.00;$36.00;$34.00;$11.00;$12.00;$11.00
21/1/2026;$100.00;$104.00;$102.00;$43.00;$47.00;$45.00;$33.00;$36.00;$34.00;$11.00;$12.00;$11.00
22/1/2026;$99.00;$103.00;$101.00;$43.00;$47.00;$45.00;$34.00;$37.00;$35.00;$11.00;$12.00;$11.00
23/1/2026;$98.00;$102.00;$100.00;$43.00;$47.00;$45.00;$34.00;$37.00;$35.00;$11.00;$12.00;$11.00
26/1/2026;$98.00;$102.00;$99.00;$41.00;$45.00;$43.00;$33.00;$36.00;$34.00;$11.00;$12.00;$11.00
27/1/2026;$97.00;$101.00;$99.00;$41.00;$45.00;$43.00;$33.00;$36.00;$34.00;$11.00;$12.00;$11.00
28/1/2026;$96.00;$100.00;$98.00;$40.00;$44.00;$42.00;$32.00;$35.00;$33.00;$11.00;$12.00;$11.00
29/1/2026;$96.00;$100.00;$98.00;$39.00;$43.00;$42.00;$32.00;$35.00;$33.00;$11.00;$12.00;$11.00
30/1/2026;$95.00;$99.00;$98.00;$39.00;$43.00;$41.00;$32.00;$35.00;$33.00;$11.00;$12.00;$11.00
D.F. : Centro de distribuci?n Ray?n;;;;;;;;;;;;
2/1/2026;$111.00;$115.00;$113.00;$52.00;$56.00;$54.00;$34.00;$37.00;$36.00;$11.00;$12.00;$11.00
5/1/2026;$109.00;$113.00;$112.00;$50.00;$54.00;$53.00;$33.00;$36.00;$35.00;$11.00;$12.00;$11.00
6/1/2026;$107.00;$111.00;$110.00;$49.00;$53.00;$52.00;$33.00;$36.00;$35.00;$11.00;$12.00;$11.00
7/1/2026;$107.00;$111.00;$110.00;$48.00;$52.00;$51.00;$33.00;$36.00;$34.00;$11.00;$12.00;$11.00
8/1/2026;$106.00;$110.00;$109.00;$47.00;$51.00;$50.00;$32.00;$35.00;$33.00;$11.00;$12.00;$11.00
9/1/2026;$106.00;$110.00;$109.00;$46.00;$50.00;$48.00;$31.00;$34.00;$33.00;$11.00;$12.00;$11.00
12/1/2026;$105.00;$109.00;$108.00;$45.00;$49.00;$48.00;$30.00;$33.00;$32.00;$11.00;$12.00;$11.00
13/1/2026;$105.00;$109.00;$108.00;$44.00;$48.00;$47.00;$30.00;$33.00;$32.00;$11.00;$12.00;$11.00
14/1/2026;$104.00;$108.00;$107.00;$44.00;$48.00;$47.00;$31.00;$34.00;$33.00;$11.00;$12.00;$11.00
15/1/2026;$103.00;$107.00;$106.00;$43.00;$47.00;$46.00;$31.00;$34.00;$33.00;$11.00;$12.00;$11.00
16/1/2026;$102.00;$106.00;$105.00;$43.00;$47.00;$46.00;$32.00;$35.00;$34.00;$11.00;$12.00;$11.00
19/1/2026;$101.00;$105.00;$103.00;$42.00;$46.00;$45.00;$32.00;$35.00;$34.00;$11.00;$12.00;$11.00
20/1/2026;$101.00;$105.00;$104.00;$42.00;$46.00;$45.00;$32.00;$35.00;$34.00;$11.00;$12.00;$11.00
21/1/2026;$99.00;$103.00;$102.00;$42.00;$46.00;$45.00;$32.00;$35.00;$34.00;$11.00;$12.00;$11.00
22/1/2026;$98.00;$102.00;$101.00;$42.00;$46.00;$45.00;$32.00;$36.00;$35.00;$11.00;$12.00;$11.00
23/1/2026;$97.00;$101.00;$100.00;$42.00;$46.00;$45.00;$33.00;$36.00;$35.00;$11.00;$12.00;$11.00
26/1/2026;$97.00;$101.00;$99.00;$40.00;$44.00;$43.00;$32.00;$35.00;$34.00;$11.00;$12.00;$11.00
27/1/2026;$96.00;$100.00;$99.00;$40.00;$44.00;$43.00;$32.00;$35.00;$34.00;$11.00;$12.00;$11.00
28/1/2026;$95.00;$99.00;$98.00;$39.00;$43.00;$42.00;$31.00;$34.00;$33.00;$11.00;$12.00;$11.00
29/1/2026;$95.00;$99.00;$98.00;$39.00;$43.00;$41.00;$31.00;$34.00;$33.00;$11.00;$12.00;$11.00
30/1/2026;$95.00;$99.00;$97.00;$38.00;$42.00;$41.00;$31.00;$34.00;$33.00;$11.00;$12.00;$11.00
D.F. : Centro de distribuci?n San Juan;;;;;;;;;;;;
2/1/2026;$110.00;$114.00;$113.00;$51.00;$55.00;$54.00;$34.00;$37.00;$35.00;$11.00;$12.00;$11.00
5/1/2026;$109.00;$113.00;$111.00;$50.00;$54.00;$52.00;$33.00;$36.00;$34.00;$11.00;$12.00;$11.00
6/1/2026;$107.00;$111.00;$110.00;$49.00;$53.00;$52.00;$33.00;$36.00;$35.00;$11.00;$12.00;$11.00
7/1/2026;$107.00;$111.00;$109.00;$48.00;$52.00;$50.00;$32.00;$35.00;$34.00;$11.00;$12.00;$11.00
8/1/2026;$106.00;$110.00;$108.00;$47.00;$51.00;$49.00;$31.00;$34.00;$33.00;$11.00;$12.00;$11.00
9/1/2026;$106.00;$110.00;$108.00;$45.00;$49.00;$48.00;$31.00;$34.00;$32.00;$11.00;$12.00;$11.00
12/1/2026;$105.00;$109.00;$107.00;$45.00;$49.00;$47.00;$30.00;$33.00;$31.00;$11.00;$12.00;$11.00
13/1/2026;$105.00;$109.00;$107.00;$44.00;$48.00;$46.00;$30.00;$33.00;$32.00;$11.00;$12.00;$11.00
14/1/2026;$104.00;$108.00;$106.00;$44.00;$48.00;$46.00;$31.00;$34.00;$32.00;$11.00;$12.00;$11.00
15/1/2026;$103.00;$107.00;$105.00;$43.00;$47.00;$45.00;$31.00;$34.00;$32.00;$11.00;$12.00;$11.00
16/1/2026;$102.00;$106.00;$104.00;$43.00;$47.00;$45.00;$32.00;$35.00;$34.00;$11.00;$12.00;$11.00
19/1/2026;$101.00;$105.00;$103.00;$42.00;$46.00;$45.00;$32.00;$35.00;$33.00;$11.00;$12.00;$11.00
20/1/2026;$101.00;$105.00;$103.00;$42.00;$46.00;$45.00;$32.00;$35.00;$33.00;$11.00;$12.00;$11.00
21/1/2026;$99.00;$103.00;$100.00;$42.00;$46.00;$44.00;$32.00;$35.00;$33.00;$11.00;$12.00;$11.00
22/1/2026;$98.00;$102.00;$100.00;$42.00;$46.00;$44.00;$33.00;$36.00;$35.00;$11.00;$12.00;$11.00
23/1/2026;$97.00;$101.00;$100.00;$42.00;$46.00;$44.00;$33.00;$36.00;$34.00;$11.00;$12.00;$11.00
26/1/2026;$96.00;$100.00;$99.00;$40.00;$44.00;$42.00;$32.00;$35.00;$33.00;$11.00;$12.00;$11.00
27/1/2026;$96.00;$100.00;$98.00;$40.00;$44.00;$42.00;$32.00;$35.00;$33.00;$11.00;$12.00;$11.00
28/1/2026;$95.00;$99.00;$97.00;$39.00;$43.00;$41.00;$31.00;$34.00;$33.00;$11.00;$12.00;$11.00
29/1/2026;$94.00;$98.00;$97.00;$38.00;$42.00;$40.00;$31.00;$34.00;$32.00;$11.00;$12.00;$11.00
30/1/2026;$94.00;$98.00;$97.00;$38.00;$42.00;$40.00;$31.00;$34.00;$33.00;$11.00;$12.00;$11.00
Nay: Centros de Distribuci?n de Nayarit;;;;;;;;;;;;
7/1/2026;$108.00;$110.00;$109.00;$73.00;$75.00;$74.00;$43.00;$45.00;$44.00;$34.00;$36.00;$35.00
8/1/2026;$108.00;$110.00;$109.00;$73.00;$75.00;$74.00;$43.00;$45.00;$44.00;$34.00;$36.00;$35.00
9/1/2026;$108.00;$110.00;$109.00;$74.00;$76.00;$75.00;$44.00;$46.00;$45.00;$34.00;$36.00;$35.00
12/1/2026;$108.00;$110.00;$109.00;$74.00;$76.00;$75.00;$44.00;$46.00;$45.00;$34.00;$36.00;$35.00
13/1/2026;$108.00;$110.00;$109.00;$74.00;$76.00;$75.00;$44.00;$46.00;$45.00;$34.00;$36.00;$35.00
14/1/2026;$107.00;$109.00;$108.00;$73.00;$75.00;$74.00;$44.00;$46.00;$45.00;$33.00;$35.00;$34.00
15/1/2026;$107.00;$109.00;$108.00;$73.00;$75.00;$74.00;$44.00;$46.00;$45.00;$33.00;$35.00;$34.00
16/1/2026;$108.00;$110.00;$109.00;$74.00;$76.00;$75.00;$44.00;$46.00;$45.00;$34.00;$36.00;$35.00
20/1/2026;$106.00;$108.00;$107.00;$73.00;$75.00;$74.00;$43.00;$45.00;$44.00;$33.00;$35.00;$34.00
21/1/2026;$106.00;$108.00;$107.00;$73.00;$75.00;$74.00;$43.00;$45.00;$44.00;$33.00;$35.00;$34.00
22/1/2026;$107.00;$109.00;$108.00;$74.00;$76.00;$75.00;$44.00;$46.00;$45.00;$34.00;$36.00;$35.00
23/1/2026;$107.00;$109.00;$108.00;$74.00;$76.00;$75.00;$44.00;$46.00;$45.00;$34.00;$36.00;$35.00
26/1/2026;$108.00;$110.00;$109.00;$74.00;$76.00;$75.00;$44.00;$46.00;$45.00;$34.00;$36.00;$35.00
27/1/2026;$108.00;$110.00;$109.00;$74.00;$76.00;$75.00;$44.00;$46.00;$45.00;$34.00;$36.00;$35.00
28/1/2026;$106.00;$108.00;$107.00;$73.00;$75.00;$74.00;$43.00;$45.00;$44.00;$33.00;$35.00;$34.00
29/1/2026;$107.00;$109.00;$108.00;$75.00;$77.00;$76.00;$43.00;$45.00;$44.00;$35.00;$37.00;$36.00
30/1/2026;$108.00;$110.00;$109.00;$74.00;$76.00;$75.00;$44.00;$46.00;$45.00;$33.00;$35.00;$34.00
Qro. : Centros de distribuci?n de Quer?taro;;;;;;;;;;;;
2/1/2026;$80.00;$85.00;$80.00;$45.00;$50.00;$45.00;$25.00;$28.00;$25.00;$35.00;$38.00;$35.00
5/1/2026;$80.00;$85.00;$80.00;$45.00;$50.00;$45.00;$25.00;$28.00;$25.00;$35.00;$38.00;$35.00
6/1/2026;$80.00;$85.00;$80.00;$45.00;$50.00;$45.00;$25.00;$28.00;$25.00;$35.00;$38.00;$35.00
7/1/2026;$80.00;$85.00;$85.00;$45.00;$50.00;$50.00;$25.00;$28.00;$28.00;$35.00;$38.00;$38.00
8/1/2026;$80.00;$85.00;$85.00;$45.00;$50.00;$50.00;$25.00;$28.00;$28.00;$35.00;$38.00;$38.00
9/1/2026;$80.00;$85.00;$85.00;$45.00;$50.00;$50.00;$25.00;$28.00;$28.00;$35.00;$38.00;$38.00
12/1/2026;$80.00;$85.00;$85.00;$45.00;$50.00;$50.00;$25.00;$28.00;$28.00;$35.00;$38.00;$38.00
13/1/2026;$80.00;$85.00;$85.00;$45.00;$50.00;$50.00;$25.00;$28.00;$28.00;$35.00;$38.00;$38.00
14/1/2026;$80.00;$85.00;$85.00;$49.00;$55.00;$55.00;$25.00;$28.00;$28.00;$35.00;$38.00;$38.00
15/1/2026;$80.00;$85.00;$85.00;$49.00;$55.00;$55.00;$25.00;$28.00;$28.00;$35.00;$38.00;$38.00
16/1/2026;$78.00;$85.00;$85.00;$45.00;$50.00;$50.00;$25.00;$28.00;$28.00;$35.00;$38.00;$38.00
19/1/2026;$78.00;$85.00;$78.00;$45.00;$50.00;$45.00;$25.00;$28.00;$25.00;$35.00;$38.00;$35.00
20/1/2026;$78.00;$85.00;$85.00;$45.00;$50.00;$50.00;$25.00;$28.00;$28.00;$35.00;$38.00;$38.00
21/1/2026;$78.00;$85.00;$85.00;$45.00;$50.00;$50.00;$25.00;$28.00;$28.00;$35.00;$38.00;$38.00
22/1/2026;$78.00;$85.00;$85.00;$40.00;$45.00;$45.00;$25.00;$28.00;$28.00;$35.00;$40.00;$40.00
23/1/2026;$78.00;$85.00;$85.00;$40.00;$45.00;$45.00;$25.00;$28.00;$28.00;$35.00;$40.00;$40.00
26/1/2026;$78.00;$85.00;$85.00;$40.00;$45.00;$45.00;$25.00;$28.00;$28.00;$35.00;$40.00;$40.00
27/1/2026;$78.00;$85.00;$85.00;$40.00;$45.00;$45.00;$25.00;$28.00;$28.00;$35.00;$40.00;$40.00
28/1/2026;$78.00;$85.00;$85.00;$40.00;$45.00;$45.00;$25.00;$28.00;$28.00;$35.00;$40.00;$40.00
29/1/2026;$78.00;$85.00;$85.00;$40.00;$45.00;$45.00;$25.00;$28.00;$28.00;$35.00;$40.00;$40.00
30/1/2026;$78.00;$85.00;$85.00;$40.00;$45.00;$45.00;$25.00;$28.00;$28.00;$35.00;$40.00;$40.00
Zac: Mercado de Abasto de Zacatecas;;;;;;;;;;;;
2/1/2026;$98.00;$98.00;$98.00;$46.00;$46.00;$46.00;$15.00;$15.00;$15.00;-;-;-
5/1/2026;$98.00;$98.00;$98.00;$46.00;$46.00;$46.00;$15.00;$15.00;$15.00;-;-;-
6/1/2026;$95.00;$95.00;$95.00;$46.00;$46.00;$46.00;$15.00;$15.00;$15.00;-;-;-
7/1/2026;$95.00;$95.00;$95.00;$46.00;$46.00;$46.00;$15.00;$15.00;$15.00;-;-;-
8/1/2026;$95.00;$95.00;$95.00;$46.00;$46.00;$46.00;$15.00;$15.00;$15.00;-;-;-
9/1/2026;$95.00;$95.00;$95.00;$46.00;$46.00;$46.00;$15.00;$15.00;$15.00;-;-;-
12/1/2026;$95.00;$95.00;$95.00;$46.00;$46.00;$46.00;$15.00;$15.00;$15.00;-;-;-
13/1/2026;$95.00;$95.00;$95.00;$46.00;$46.00;$46.00;$15.00;$15.00;$15.00;-;-;-
14/1/2026;$95.00;$95.00;$95.00;$46.00;$46.00;$46.00;$15.00;$15.00;$15.00;-;-;-
15/1/2026;$95.00;$95.00;$95.00;$46.00;$46.00;$46.00;$15.00;$15.00;$15.00;-;-;-
16/1/2026;$95.00;$95.00;$95.00;$46.00;$46.00;$46.00;$15.00;$15.00;$15.00;-;-;-
19/1/2026;$95.00;$95.00;$95.00;$46.00;$46.00;$46.00;$15.00;$15.00;$15.00;-;-;-
20/1/2026;$95.00;$95.00;$95.00;$46.00;$46.00;$46.00;$15.00;$15.00;$15.00;-;-;-
21/1/2026;$95.00;$95.00;$95.00;$46.00;$46.00;$46.00;$15.00;$15.00;$15.00;-;-;-
22/1/2026;$95.00;$95.00;$95.00;$46.00;$46.00;$46.00;$15.00;$15.00;$15.00;-;-;-
23/1/2026;$95.00;$95.00;$95.00;$46.00;$46.00;$46.00;$15.00;$15.00;$15.00;-;-;-
26/1/2026;$95.00;$95.00;$95.00;$46.00;$46.00;$46.00;$15.00;$15.00;$15.00;-;-;-
27/1/2026;$95.00;$95.00;$95.00;$46.00;$46.00;$46.00;$15.00;$15.00;$15.00;-;-;-
28/1/2026;$95.00;$95.00;$95.00;$46.00;$46.00;$46.00;$15.00;$15.00;$15.00;-;-;-
29/1/2026;$95.00;$95.00;$95.00;$46.00;$46.00;$46.00;$15.00;$15.00;$15.00;-;-;-
30/1/2026;$95.00;$95.00;$95.00;$46.00;$46.00;$46.00;$15.00;$15.00;$15.00;-;-;-
;;;;;;;;;;;;
;;;;;;;;;;;;
B.C.S: Diversos establecimientos de La Paz;;;;;;;;;;;;
3/2/2026;$90.00;$90.00;$90.00;$35.00;$35.00;$35.00;-;-;-;-;-;-
4/2/2026;$100.00;$100.00;$100.00;$35.00;$35.00;$35.00;-;-;-;-;-;-
5/2/2026;$100.00;$100.00;$100.00;$35.00;$35.00;$35.00;-;-;-;-;-;-
6/2/2026;$100.00;$100.00;$100.00;$35.00;$35.00;$35.00;-;-;-;-;-;-
9/2/2026;$100.00;$100.00;$100.00;$35.00;$35.00;$35.00;-;-;-;-;-;-
10/2/2026;$100.00;$100.00;$100.00;$35.00;$35.00;$35.00;-;-;-;-;-;-
11/2/2026;$100.00;$100.00;$100.00;$35.00;$35.00;$35.00;-;-;-;-;-;-
12/2/2026;$100.00;$100.00;$100.00;$35.00;$35.00;$35.00;-;-;-;-;-;-
13/2/2026;$100.00;$100.00;$100.00;$35.00;$35.00;$35.00;-;-;-;-;-;-
16/2/2026;$100.00;$100.00;$100.00;$35.00;$35.00;$35.00;-;-;-;-;-;-
17/2/2026;$100.00;$100.00;$100.00;$35.00;$35.00;$35.00;-;-;-;-;-;-
18/2/2026;$100.00;$100.00;$100.00;$35.00;$35.00;$35.00;-;-;-;-;-;-
19/2/2026;$100.00;$100.00;$100.00;$35.00;$35.00;$35.00;-;-;-;-;-;-
20/2/2026;$100.00;$100.00;$100.00;$35.00;$35.00;$35.00;-;-;-;-;-;-
23/2/2026;$100.00;$100.00;$100.00;$35.00;$35.00;$35.00;-;-;-;-;-;-
24/2/2026;$100.00;$100.00;$100.00;$32.00;$32.00;$32.00;-;-;-;-;-;-
25/2/2026;$100.00;$100.00;$100.00;$32.00;$32.00;$32.00;-;-;-;-;-;-
26/2/2026;$100.00;$100.00;$100.00;$32.00;$32.00;$32.00;-;-;-;-;-;-
27/2/2026;$100.00;$100.00;$100.00;$32.00;$32.00;$32.00;-;-;-;-;-;-
D.F. : Centro de distribuci?n Becerra;;;;;;;;;;;;
3/2/2026;$99.00;$102.00;$101.00;$40.00;$44.00;$43.00;$32.00;$35.00;$34.00;$11.00;$12.00;$11.00
4/2/2026;$98.00;$102.00;$101.00;$41.00;$45.00;$44.00;$31.00;$34.00;$33.00;$11.00;$12.00;$11.00
5/2/2026;$98.00;$102.00;$101.00;$40.00;$44.00;$43.00;$31.00;$34.00;$33.00;$11.00;$12.00;$11.00
6/2/2026;$98.00;$102.00;$101.00;$41.00;$45.00;$44.00;$30.00;$33.00;$32.00;$11.00;$12.00;$11.00
9/2/2026;$100.00;$104.00;$103.00;$42.00;$46.00;$45.00;$30.00;$35.00;$32.00;$11.00;$12.00;$11.00
10/2/2026;$101.00;$105.00;$104.00;$43.00;$47.00;$46.00;$30.00;$33.00;$32.00;$11.00;$12.00;$11.00
11/2/2026;$101.00;$105.00;$104.00;$44.00;$48.00;$47.00;$30.00;$33.00;$32.00;$11.00;$12.00;$11.00
12/2/2026;$101.00;$105.00;$104.00;$45.00;$49.00;$48.00;$29.00;$32.00;$31.00;$11.00;$12.00;$11.00
13/2/2026;$101.00;$105.00;$104.00;$46.00;$50.00;$49.00;$29.00;$32.00;$31.00;$11.00;$12.00;$11.00
16/2/2026;$102.00;$106.00;$105.00;$47.00;$51.00;$50.00;$29.00;$32.00;$31.00;$11.00;$12.00;$11.00
17/2/2026;$103.00;$107.00;$106.00;$48.00;$52.00;$51.00;$30.00;$33.00;$32.00;$11.00;$12.00;$11.00
18/2/2026;$104.00;$108.00;$107.00;$49.00;$53.00;$52.00;$30.00;$33.00;$32.00;$11.00;$12.00;$11.00
19/2/2026;$105.00;$109.00;$108.00;$49.00;$53.00;$52.00;$30.00;$33.00;$32.00;$11.00;$12.00;$11.00
20/2/2026;$105.00;$109.00;$108.00;$48.00;$52.00;$51.00;$30.00;$33.00;$32.00;$11.00;$12.00;$11.00
23/2/2026;$102.00;$106.00;$105.00;$48.00;$52.00;$51.00;$30.00;$33.00;$32.00;$11.00;$12.00;$11.00
24/2/2026;$101.00;$105.00;$104.00;$47.00;$51.00;$50.00;$30.00;$33.00;$32.00;$11.00;$12.00;$11.00
25/2/2026;$100.00;$104.00;$103.00;$47.00;$51.00;$50.00;$30.00;$33.00;$32.00;$11.00;$12.00;$11.00
26/2/2026;$100.00;$104.00;$103.00;$48.00;$52.00;$51.00;$30.00;$33.00;$32.00;$11.00;$12.00;$11.00
27/2/2026;$100.00;$104.00;$103.00;$48.00;$52.00;$51.00;$30.00;$33.00;$32.00;$11.00;$12.00;$11.00
D.F. : Centro de distribuci?n Nuevo San Juan;;;;;;;;;;;;
3/2/2026;$98.00;$102.00;$100.00;$40.00;$44.00;$42.00;$32.00;$35.00;$33.00;$11.00;$12.00;$11.00
4/2/2026;$97.00;$101.00;$100.00;$41.00;$45.00;$43.00;$31.00;$34.00;$32.00;$11.00;$12.00;$11.00
5/2/2026;$98.00;$102.00;$100.00;$40.00;$44.00;$42.00;$31.00;$34.00;$32.00;$11.00;$12.00;$11.00
6/2/2026;$98.00;$102.00;$100.00;$41.00;$45.00;$43.00;$30.00;$33.00;$31.00;$11.00;$12.00;$11.00
9/2/2026;$100.00;$104.00;$102.00;$41.00;$45.00;$44.00;$30.00;$33.00;$31.00;$11.00;$12.00;$11.00
10/2/2026;$101.00;$105.00;$103.00;$43.00;$47.00;$45.00;$30.00;$33.00;$31.00;$11.00;$12.00;$11.00
11/2/2026;$101.00;$105.00;$103.00;$44.00;$48.00;$46.00;$30.00;$33.00;$31.00;$11.00;$12.00;$11.00
12/2/2026;$100.00;$104.00;$103.00;$44.00;$48.00;$47.00;$29.00;$32.00;$30.00;$11.00;$12.00;$11.00
13/2/2026;$101.00;$105.00;$103.00;$46.00;$50.00;$48.00;$29.00;$32.00;$30.00;$11.00;$12.00;$11.00
16/2/2026;$102.00;$106.00;$104.00;$47.00;$51.00;$49.00;$29.00;$32.00;$30.00;$11.00;$12.00;$11.00
17/2/2026;$103.00;$107.00;$105.00;$48.00;$52.00;$50.00;$30.00;$33.00;$31.00;$11.00;$12.00;$11.00
18/2/2026;$104.00;$108.00;$106.00;$49.00;$53.00;$51.00;$30.00;$33.00;$31.00;$11.00;$12.00;$11.00
19/2/2026;$105.00;$109.00;$107.00;$48.00;$52.00;$51.00;$30.00;$33.00;$31.00;$11.00;$12.00;$11.00
20/2/2026;$104.00;$108.00;$107.00;$48.00;$52.00;$50.00;$30.00;$33.00;$31.00;$11.00;$12.00;$11.00
23/2/2026;$102.00;$106.00;$104.00;$47.00;$51.00;$50.00;$30.00;$33.00;$31.00;$11.00;$12.00;$11.00
24/2/2026;$100.00;$104.00;$103.00;$47.00;$51.00;$49.00;$30.00;$33.00;$31.00;$11.00;$12.00;$11.00
25/2/2026;$100.00;$104.00;$102.00;$46.00;$50.00;$49.00;$30.00;$33.00;$31.00;$11.00;$12.00;$11.00
26/2/2026;$99.00;$103.00;$102.00;$47.00;$51.00;$50.00;$30.00;$33.00;$31.00;$11.00;$12.00;$11.00
27/2/2026;$100.00;$104.00;$102.00;$48.00;$52.00;$50.00;$30.00;$33.00;$31.00;$11.00;$12.00;$11.00
D.F. : Centro de distribuci?n Ray?n;;;;;;;;;;;;
3/2/2026;$97.00;$101.00;$100.00;$39.00;$43.00;$42.00;$31.00;$34.00;$33.00;$11.00;$12.00;$11.00
4/2/2026;$96.00;$100.00;$99.00;$40.00;$44.00;$43.00;$30.00;$33.00;$32.00;$11.00;$12.00;$11.00
5/2/2026;$97.00;$102.00;$100.00;$39.00;$43.00;$42.00;$30.00;$33.00;$32.00;$11.00;$12.00;$11.00
6/2/2026;$97.00;$101.00;$100.00;$40.00;$44.00;$43.00;$29.00;$32.00;$31.00;$11.00;$12.00;$11.00
9/2/2026;$99.00;$103.00;$102.00;$41.00;$45.00;$43.00;$29.00;$32.00;$31.00;$11.00;$12.00;$11.00
10/2/2026;$100.00;$104.00;$103.00;$42.00;$46.00;$45.00;$29.00;$32.00;$31.00;$11.00;$12.00;$11.00
11/2/2026;$100.00;$104.00;$103.00;$43.00;$47.00;$46.00;$29.00;$32.00;$31.00;$11.00;$12.00;$11.00
12/2/2026;$100.00;$104.00;$102.00;$44.00;$48.00;$46.00;$28.00;$31.00;$30.00;$11.00;$12.00;$11.00
13/2/2026;$100.00;$104.00;$103.00;$45.00;$49.00;$48.00;$28.00;$31.00;$30.00;$11.00;$12.00;$11.00
16/2/2026;$101.00;$105.00;$104.00;$46.00;$50.00;$49.00;$28.00;$31.00;$30.00;$11.00;$12.00;$11.00
17/2/2026;$102.00;$106.00;$105.00;$47.00;$51.00;$50.00;$29.00;$32.00;$31.00;$11.00;$12.00;$11.00
18/2/2026;$103.00;$107.00;$106.00;$48.00;$52.00;$51.00;$29.00;$32.00;$31.00;$11.00;$12.00;$11.00
19/2/2026;$104.00;$108.00;$106.00;$48.00;$52.00;$50.00;$29.00;$32.00;$31.00;$11.00;$12.00;$11.00
20/2/2026;$104.00;$108.00;$106.00;$47.00;$51.00;$50.00;$29.00;$32.00;$31.00;$11.00;$12.00;$11.00
23/2/2026;$100.00;$105.00;$104.00;$46.00;$50.00;$49.00;$29.00;$32.00;$31.00;$11.00;$12.00;$11.00
24/2/2026;$100.00;$104.00;$102.00;$46.00;$50.00;$49.00;$29.00;$32.00;$31.00;$11.00;$12.00;$11.00
25/2/2026;$99.00;$103.00;$102.00;$46.00;$50.00;$48.00;$29.00;$32.00;$31.00;$11.00;$12.00;$11.00
26/2/2026;$99.00;$103.00;$101.00;$47.00;$51.00;$49.00;$29.00;$32.00;$31.00;$11.00;$12.00;$11.00
27/2/2026;$99.00;$103.00;$102.00;$47.00;$51.00;$50.00;$29.00;$32.00;$31.00;$11.00;$12.00;$11.00
D.F. : Centro de distribuci?n San Juan;;;;;;;;;;;;
3/2/2026;$97.00;$101.00;$99.00;$39.00;$43.00;$41.00;$31.00;$34.00;$32.00;$11.00;$12.00;$11.00
4/2/2026;$96.00;$100.00;$99.00;$40.00;$44.00;$42.00;$30.00;$33.00;$31.00;$11.00;$12.00;$11.00
5/2/2026;$97.00;$100.00;$99.00;$39.00;$43.00;$41.00;$30.00;$33.00;$31.00;$11.00;$12.00;$11.00
6/2/2026;$97.00;$100.00;$99.00;$40.00;$44.00;$42.00;$29.00;$32.00;$30.00;$11.00;$12.00;$11.00
9/2/2026;$99.00;$103.00;$101.00;$40.00;$44.00;$43.00;$29.00;$32.00;$30.00;$11.00;$12.00;$11.00
10/2/2026;$100.00;$104.00;$102.00;$42.00;$46.00;$44.00;$29.00;$32.00;$30.00;$11.00;$12.00;$11.00
11/2/2026;$100.00;$104.00;$102.00;$42.00;$46.00;$45.00;$29.00;$32.00;$30.00;$11.00;$12.00;$11.00
12/2/2026;$99.00;$103.00;$102.00;$43.00;$47.00;$46.00;$28.00;$31.00;$30.00;$11.00;$12.00;$11.00
13/2/2026;$100.00;$104.00;$102.00;$45.00;$49.00;$47.00;$28.00;$31.00;$30.00;$11.00;$12.00;$11.00
16/2/2026;$101.00;$105.00;$103.00;$46.00;$50.00;$48.00;$28.00;$31.00;$29.00;$11.00;$12.00;$11.00
17/2/2026;$102.00;$106.00;$104.00;$47.00;$51.00;$49.00;$29.00;$32.00;$30.00;$11.00;$12.00;$11.00
18/2/2026;$103.00;$107.00;$105.00;$48.00;$52.00;$50.00;$29.00;$32.00;$30.00;$11.00;$12.00;$11.00
19/2/2026;$104.00;$108.00;$105.00;$47.00;$51.00;$50.00;$29.00;$32.00;$30.00;$11.00;$12.00;$11.00
20/2/2026;$103.00;$107.00;$105.00;$47.00;$51.00;$49.00;$29.00;$32.00;$30.00;$11.00;$12.00;$11.00
23/2/2026;$100.00;$105.00;$103.00;$46.00;$50.00;$48.00;$29.00;$32.00;$30.00;$11.00;$12.00;$11.00
24/2/2026;$99.00;$103.00;$102.00;$46.00;$50.00;$48.00;$29.00;$32.00;$31.00;$11.00;$12.00;$11.00
25/2/2026;$99.00;$103.00;$101.00;$45.00;$49.00;$48.00;$29.00;$32.00;$30.00;$11.00;$12.00;$11.00
26/2/2026;$98.00;$102.00;$101.00;$46.00;$50.00;$49.00;$29.00;$32.00;$30.00;$11.00;$12.00;$11.00
27/2/2026;$99.00;$103.00;$101.00;$47.00;$51.00;$49.00;$29.00;$32.00;$30.00;$11.00;$12.00;$11.00
Nay: Centros de Distribuci?n de Nayarit;;;;;;;;;;;;
3/2/2026;$106.00;$108.00;$107.00;$73.00;$75.00;$74.00;$43.00;$45.00;$44.00;$34.00;$36.00;$35.00
4/2/2026;$106.00;$108.00;$107.00;$73.00;$75.00;$74.00;$43.00;$45.00;$44.00;$34.00;$36.00;$35.00
5/2/2026;$106.00;$108.00;$107.00;$73.00;$75.00;$74.00;$43.00;$45.00;$44.00;$34.00;$36.00;$35.00
6/2/2026;$108.00;$110.00;$109.00;$74.00;$76.00;$75.00;$44.00;$46.00;$45.00;$34.00;$36.00;$35.00
9/2/2026;$108.00;$110.00;$109.00;$74.00;$76.00;$75.00;$44.00;$46.00;$45.00;$34.00;$36.00;$35.00
10/2/2026;$108.00;$110.00;$109.00;$74.00;$76.00;$75.00;$44.00;$46.00;$45.00;$34.00;$36.00;$35.00
11/2/2026;$106.00;$108.00;$107.00;$73.00;$75.00;$74.00;$43.00;$45.00;$44.00;$33.00;$35.00;$34.00
12/2/2026;$106.00;$108.00;$107.00;$73.00;$75.00;$74.00;$43.00;$45.00;$44.00;$33.00;$35.00;$34.00
13/2/2026;$106.00;$108.00;$107.00;$73.00;$75.00;$74.00;$43.00;$45.00;$44.00;$33.00;$35.00;$34.00
16/2/2026;$106.00;$108.00;$107.00;$73.00;$75.00;$74.00;$44.00;$46.00;$45.00;$33.00;$35.00;$34.00
17/2/2026;$106.00;$108.00;$107.00;$73.00;$75.00;$74.00;$44.00;$46.00;$45.00;$33.00;$35.00;$34.00
18/2/2026;$106.00;$108.00;$107.00;$73.00;$75.00;$74.00;$43.00;$45.00;$44.00;$33.00;$35.00;$34.00
19/2/2026;$106.00;$108.00;$107.00;$73.00;$75.00;$74.00;$43.00;$45.00;$44.00;$33.00;$35.00;$34.00
20/2/2026;$106.00;$108.00;$107.00;$73.00;$75.00;$74.00;$43.00;$45.00;$44.00;$33.00;$35.00;$34.00
23/2/2026;$106.00;$108.00;$107.00;$73.00;$75.00;$74.00;$43.00;$45.00;$44.00;$33.00;$35.00;$34.00
24/2/2026;$108.00;$110.00;$109.00;$74.00;$76.00;$75.00;$44.00;$46.00;$45.00;$34.00;$36.00;$35.00
25/2/2026;$108.00;$110.00;$109.00;$74.00;$76.00;$75.00;$44.00;$46.00;$45.00;$34.00;$36.00;$35.00
26/2/2026;$108.00;$110.00;$109.00;$74.00;$76.00;$75.00;$44.00;$46.00;$45.00;$34.00;$36.00;$35.00
27/2/2026;$108.00;$110.00;$109.00;$74.00;$76.00;$75.00;$44.00;$46.00;$45.00;$34.00;$36.00;$35.00
Qro. : Centros de distribuci?n de Quer?taro;;;;;;;;;;;;
3/2/2026;$78.00;$85.00;$85.00;$40.00;$45.00;$45.00;$25.00;$28.00;$28.00;$35.00;$40.00;$40.00
4/2/2026;$78.00;$85.00;$85.00;$40.00;$45.00;$45.00;$25.00;$28.00;$28.00;$35.00;$40.00;$40.00
5/2/2026;$78.00;$85.00;$85.00;$40.00;$45.00;$45.00;$25.00;$28.00;$28.00;$35.00;$40.00;$40.00
6/2/2026;$78.00;$85.00;$85.00;$40.00;$45.00;$45.00;$25.00;$28.00;$28.00;$35.00;$40.00;$40.00
9/2/2026;$74.00;$85.00;$85.00;$38.00;$45.00;$45.00;$25.00;$28.00;$28.00;$35.00;$42.00;$42.00
10/2/2026;$74.00;$85.00;$85.00;$38.00;$45.00;$45.00;$25.00;$28.00;$28.00;$35.00;$40.00;$40.00
11/2/2026;$74.00;$85.00;$85.00;$38.00;$45.00;$45.00;$25.00;$28.00;$28.00;$35.00;$40.00;$40.00
12/2/2026;$74.00;$85.00;$85.00;$38.00;$45.00;$45.00;$25.00;$28.00;$28.00;$35.00;$40.00;$40.00
13/2/2026;$80.00;$85.00;$85.00;$40.00;$45.00;$45.00;$25.00;$28.00;$28.00;$35.00;$40.00;$40.00
16/2/2026;$80.00;$85.00;$85.00;$40.00;$45.00;$45.00;$25.00;$28.00;$28.00;$35.00;$40.00;$40.00
17/2/2026;$76.00;$85.00;$85.00;$38.00;$45.00;$45.00;$25.00;$28.00;$28.00;$35.00;$40.00;$40.00
18/2/2026;$76.00;$85.00;$85.00;$38.00;$45.00;$45.00;$25.00;$28.00;$28.00;$35.00;$40.00;$40.00
19/2/2026;$76.00;$85.00;$85.00;$38.00;$45.00;$45.00;$25.00;$28.00;$28.00;$35.00;$40.00;$40.00
20/2/2026;$76.00;$85.00;$85.00;$38.00;$45.00;$45.00;$25.00;$28.00;$28.00;$35.00;$40.00;$40.00
23/2/2026;$78.00;$90.00;$90.00;$38.00;$45.00;$45.00;$25.00;$28.00;$28.00;$35.00;$40.00;$40.00
24/2/2026;$78.00;$85.00;$85.00;$38.00;$45.00;$45.00;$25.00;$28.00;$28.00;$35.00;$40.00;$40.00
25/2/2026;$78.00;$85.00;$85.00;$38.00;$45.00;$45.00;$25.00;$28.00;$28.00;$35.00;$40.00;$40.00
26/2/2026;$78.00;$85.00;$85.00;$38.00;$45.00;$45.00;$25.00;$28.00;$28.00;$35.00;$40.00;$40.00
27/2/2026;$78.00;$85.00;$85.00;$38.00;$45.00;$45.00;$25.00;$28.00;$28.00;$35.00;$40.00;$40.00
Zac: Mercado de Abasto de Zacatecas;;;;;;;;;;;;
3/2/2026;$95.00;$95.00;$95.00;$46.00;$46.00;$46.00;$15.00;$15.00;$15.00;-;-;-
4/2/2026;$95.00;$95.00;$95.00;$46.00;$46.00;$46.00;$15.00;$15.00;$15.00;-;-;-
5/2/2026;$95.00;$95.00;$95.00;$46.00;$46.00;$46.00;$15.00;$15.00;$15.00;-;-;-
6/2/2026;$95.00;$95.00;$95.00;$46.00;$46.00;$46.00;$15.00;$15.00;$15.00;-;-;-
9/2/2026;$95.00;$95.00;$95.00;$46.00;$46.00;$46.00;$15.00;$15.00;$15.00;-;-;-
10/2/2026;$95.00;$95.00;$95.00;$46.00;$46.00;$46.00;$15.00;$15.00;$15.00;-;-;-
11/2/2026;$95.00;$95.00;$95.00;$46.00;$46.00;$46.00;$15.00;$15.00;$15.00;-;-;-
12/2/2026;$95.00;$95.00;$95.00;$46.00;$46.00;$46.00;$15.00;$15.00;$15.00;-;-;-
13/2/2026;$95.00;$95.00;$95.00;$46.00;$46.00;$46.00;$15.00;$15.00;$15.00;-;-;-
16/2/2026;$95.00;$95.00;$95.00;$46.00;$46.00;$46.00;$15.00;$15.00;$15.00;-;-;-
17/2/2026;$95.00;$95.00;$95.00;$46.00;$46.00;$46.00;$15.00;$15.00;$15.00;-;-;-
18/2/2026;$95.00;$95.00;$95.00;$46.00;$46.00;$46.00;$15.00;$15.00;$15.00;-;-;-
19/2/2026;$95.00;$95.00;$95.00;$46.00;$46.00;$46.00;$15.00;$15.00;$15.00;-;-;-
20/2/2026;$95.00;$95.00;$95.00;$46.00;$46.00;$46.00;$15.00;$15.00;$15.00;-;-;-
23/2/2026;$95.00;$95.00;$95.00;$46.00;$46.00;$46.00;$15.00;$15.00;$15.00;-;-;-
24/2/2026;$95.00;$95.00;$95.00;$46.00;$46.00;$46.00;$15.00;$15.00;$15.00;-;-;-
25/2/2026;$110.00;$110.00;$110.00;$46.00;$46.00;$46.00;$15.00;$15.00;$15.00;-;-;-
26/2/2026;$110.00;$110.00;$110.00;$46.00;$46.00;$46.00;$15.00;$15.00;$15.00;-;-;-
27/2/2026;$110.00;$110.00;$110.00;$46.00;$46.00;$46.00;$15.00;$15.00;$15.00;-;-;-
;;;;;;;;;;;;
;;;;;;;;;;;;
B.C.S: Diversos establecimientos de La Paz;;;;;;;;;;;;
2/1/2025;Pollo entero;Bachoco;Baja California Sur;-;-;$67.00;;;;;;
3/1/2025;Pollo entero;Bachoco;Baja California Sur;-;-;$67.00;;;;;;
6/1/2025;Pollo entero;Bachoco;Baja California Sur;-;-;$67.00;;;;;;
7/1/2025;Pollo entero;Bachoco;Baja California Sur;-;-;$67.00;;;;;;
8/1/2025;Pollo entero;Bachoco;Baja California Sur;-;-;$67.00;;;;;;
9/1/2025;Pollo entero;Bachoco;Baja California Sur;-;-;$67.00;;;;;;
10/1/2025;Pollo entero;Bachoco;Baja California Sur;-;-;$67.00;;;;;;
13/1/2025;Pollo entero;Bachoco;Baja California Sur;-;-;$67.00;;;;;;
14/1/2025;Pollo entero;Bachoco;Baja California Sur;-;-;$67.00;;;;;;
15/1/2025;Pollo entero;Bachoco;Baja California Sur;-;-;$67.00;;;;;;
16/1/2025;Pollo entero;Bachoco;Baja California Sur;-;-;$67.00;;;;;;
17/1/2025;Pollo entero;Bachoco;Baja California Sur;-;-;$67.00;;;;;;
20/1/2025;Pollo entero;Bachoco;Baja California Sur;-;-;$67.00;;;;;;
21/1/2025;Pollo entero;Bachoco;Baja California Sur;-;-;$67.00;;;;;;
22/1/2025;Pollo entero;Bachoco;Baja California Sur;-;-;$67.00;;;;;;
23/1/2025;Pollo entero;Bachoco;Baja California Sur;-;-;$67.00;;;;;;
24/1/2025;Pollo entero;Bachoco;Baja California Sur;-;-;$67.00;;;;;;
27/1/2025;Pollo entero;Bachoco;Baja California Sur;-;-;$67.00;;;;;;
28/1/2025;Pollo entero;Bachoco;Baja California Sur;-;-;$67.00;;;;;;
29/1/2025;Pollo entero;Bachoco;Baja California Sur;-;-;$67.00;;;;;;
30/1/2025;Pollo entero;Bachoco;Baja California Sur;-;-;$67.00;;;;;;
31/1/2025;Pollo entero;Bachoco;Baja California Sur;-;-;$67.00;;;;;;
D.F. : Centro de distribuci?n Becerra;;;;;;;;;;;;
2/1/2025;Gallina;Sin marca;Durango;3.6;3.3;$64.00;;;;;;
2/1/2025;Pollo entero;Bachoco;Guanajuato;3.5;2.65;$65.00;;;;;;
2/1/2025;Pollo entero;Otros;Veracruz;3.5;2.65;$64.50;;;;;;
2/1/2025;Pollo entero;Pilgrim's;Quer?taro;3.5;2.65;$64.70;;;;;;
2/1/2025;Pollo entero;Tyson;Coahuila;3.5;2.65;$64.90;;;;;;
2/1/2025;Pollo tipo rosticero;Bachoco;Guanajuato;2.7;1.8;$66.00;;;;;;
3/1/2025;Gallina;Sin marca;Veracruz;3.6;3.3;$64.00;;;;;;
3/1/2025;Pollo entero;Bachoco;Guanajuato;3.5;2.65;$65.00;;;;;;
3/1/2025;Pollo entero;Otros;Veracruz;3.5;2.65;$64.50;;;;;;
3/1/2025;Pollo entero;Pilgrim's;Quer?taro;3.5;2.65;$64.70;;;;;;
3/1/2025;Pollo entero;Tyson;Coahuila;3.5;2.65;$64.90;;;;;;
3/1/2025;Pollo tipo rosticero;Bachoco;Guanajuato;2.7;1.8;$66.00;;;;;;
6/1/2025;Gallina;Sin marca;Coahuila;3.6;3.3;$64.00;;;;;;
6/1/2025;Pollo entero;Bachoco;Guanajuato;3.5;2.65;$65.00;;;;;;
6/1/2025;Pollo entero;Otros;Veracruz;3.5;2.65;$64.50;;;;;;
6/1/2025;Pollo entero;Pilgrim's;Quer?taro;3.5;2.65;$64.70;;;;;;
6/1/2025;Pollo entero;Tyson;Coahuila;3.5;2.65;$64.90;;;;;;
6/1/2025;Pollo tipo rosticero;Bachoco;Guanajuato;2.7;1.8;$66.00;;;;;;
7/1/2025;Gallina;Sin marca;Guerrero;3.6;3.3;$64.00;;;;;;
7/1/2025;Pollo entero;Bachoco;Guanajuato;3.5;2.65;$65.00;;;;;;
7/1/2025;Pollo entero;Otros;Veracruz;3.5;2.65;$64.50;;;;;;
7/1/2025;Pollo entero;Pilgrim's;Quer?taro;3.5;2.65;$64.70;;;;;;
7/1/2025;Pollo entero;Tyson;Coahuila;3.5;2.65;$64.90;;;;;;
7/1/2025;Pollo tipo rosticero;Bachoco;Guanajuato;2.7;1.8;$66.00;;;;;;
8/1/2025;Gallina;Sin marca;Coahuila;3.6;3.3;$64.00;;;;;;
8/1/2025;Pollo entero;Bachoco;Guanajuato;3.5;2.65;$65.00;;;;;;
8/1/2025;Pollo entero;Otros;Veracruz;3.5;2.65;$64.50;;;;;;
8/1/2025;Pollo entero;Pilgrim's;Quer?taro;3.5;2.65;$64.70;;;;;;
8/1/2025;Pollo entero;Tyson;Coahuila;3.5;2.65;$64.90;;;;;;
8/1/2025;Pollo tipo rosticero;Bachoco;Guanajuato;2.7;1.8;$66.00;;;;;;
9/1/2025;Gallina;Sin marca;Tlaxcala;3.6;3.3;$64.00;;;;;;
9/1/2025;Pollo entero;Bachoco;Guanajuato;3.5;2.65;$65.00;;;;;;
9/1/2025;Pollo entero;Otros;Veracruz;3.5;2.65;$64.50;;;;;;
9/1/2025;Pollo entero;Pilgrim's;Quer?taro;3.5;2.65;$64.70;;;;;;
9/1/2025;Pollo entero;Tyson;Coahuila;3.5;2.65;$64.90;;;;;;
9/1/2025;Pollo tipo rosticero;Bachoco;Guanajuato;2.7;1.8;$66.00;;;;;;
10/1/2025;Gallina;Sin marca;San Luis Potos?;3.6;3.3;$65.00;;;;;;
10/1/2025;Pollo entero;Bachoco;Guanajuato;3.5;2.65;$65.00;;;;;;
10/1/2025;Pollo entero;Otros;Veracruz;3.5;2.65;$64.50;;;;;;
10/1/2025;Pollo entero;Pilgrim's;Quer?taro;3.5;2.65;$64.70;;;;;;
10/1/2025;Pollo entero;Tyson;Coahuila;3.5;2.65;$64.90;;;;;;
10/1/2025;Pollo tipo rosticero;Bachoco;Guanajuato;2.7;1.8;$66.00;;;;;;
13/1/2025;Gallina;Sin marca;Coahuila;3.6;3.3;$65.00;;;;;;
13/1/2025;Pollo entero;Bachoco;Guanajuato;3.5;2.65;$65.00;;;;;;
13/1/2025;Pollo entero;Otros;Veracruz;3.5;2.65;$64.50;;;;;;
13/1/2025;Pollo entero;Pilgrim's;Quer?taro;3.5;2.65;$64.70;;;;;;
13/1/2025;Pollo entero;Tyson;Coahuila;3.5;2.65;$64.90;;;;;;
13/1/2025;Pollo tipo rosticero;Bachoco;Guanajuato;2.7;1.8;$66.00;;;;;;
14/1/2025;Gallina;Sin marca;Edo. de M?xico;3.6;3.3;$65.00;;;;;;
14/1/2025;Pollo entero;Bachoco;Guanajuato;3.5;2.65;$65.00;;;;;;
14/1/2025;Pollo entero;Otros;Veracruz;3.5;2.65;$64.50;;;;;;
14/1/2025;Pollo entero;Pilgrim's;Quer?taro;3.5;2.65;$64.70;;;;;;
14/1/2025;Pollo entero;Tyson;Coahuila;3.5;2.65;$64.90;;;;;;
14/1/2025;Pollo tipo rosticero;Bachoco;Guanajuato;2.7;1.8;$66.00;;;;;;
15/1/2025;Gallina;Sin marca;Morelos;3.6;3.3;$65.00;;;;;;
15/1/2025;Pollo entero;Bachoco;Guanajuato;3.5;2.65;$65.00;;;;;;
15/1/2025;Pollo entero;Otros;Veracruz;3.5;2.65;$64.50;;;;;;
15/1/2025;Pollo entero;Pilgrim's;Quer?taro;3.5;2.65;$64.70;;;;;;
15/1/2025;Pollo entero;Tyson;Coahuila;3.5;2.65;$64.90;;;;;;
15/1/2025;Pollo tipo rosticero;Bachoco;Guanajuato;2.7;1.8;$66.00;;;;;;
16/1/2025;Gallina;Sin marca;Puebla;3.6;3.3;$65.00;;;;;;
16/1/2025;Pollo entero;Bachoco;Guanajuato;3.5;2.65;$65.00;;;;;;
16/1/2025;Pollo entero;Otros;Veracruz;3.5;2.65;$64.50;;;;;;
16/1/2025;Pollo entero;Pilgrim's;Quer?taro;3.5;2.65;$64.70;;;;;;
16/1/2025;Pollo entero;Tyson;Coahuila;3.5;2.65;$64.90;;;;;;
16/1/2025;Pollo tipo rosticero;Bachoco;Guanajuato;2.7;1.8;$66.00;;;;;;
17/1/2025;Gallina;Sin marca;Aguascalientes;3.6;3.3;$65.00;;;;;;
17/1/2025;Pollo entero;Bachoco;Guanajuato;3.5;2.65;$65.00;;;;;;
17/1/2025;Pollo entero;Otros;Veracruz;3.5;2.65;$64.50;;;;;;
17/1/2025;Pollo entero;Pilgrim's;Quer?taro;3.5;2.65;$64.70;;;;;;
17/1/2025;Pollo entero;Tyson;Coahuila;3.5;2.65;$64.90;;;;;;
17/1/2025;Pollo tipo rosticero;Bachoco;Guanajuato;2.7;1.8;$66.00;;;;;;
20/1/2025;Gallina;Sin marca;Edo. de M?xico;3.6;3.3;$63.00;;;;;;
20/1/2025;Pollo entero;Bachoco;Guanajuato;3.5;2.65;$67.00;;;;;;
20/1/2025;Pollo entero;Otros;Veracruz;3.5;2.65;$66.50;;;;;;
20/1/2025;Pollo entero;Pilgrim's;Quer?taro;3.5;2.65;$66.70;;;;;;
20/1/2025;Pollo entero;Tyson;Coahuila;3.5;2.65;$66.90;;;;;;
20/1/2025;Pollo tipo rosticero;Bachoco;Guanajuato;2.7;1.8;$68.00;;;;;;
21/1/2025;Gallina;Sin marca;Guerrero;3.6;3.3;$63.00;;;;;;
21/1/2025;Pollo entero;Bachoco;Guanajuato;3.5;2.65;$67.00;;;;;;
21/1/2025;Pollo entero;Otros;Veracruz;3.5;2.65;$66.50;;;;;;
21/1/2025;Pollo entero;Pilgrim's;Quer?taro;3.5;2.65;$66.70;;;;;;
21/1/2025;Pollo entero;Tyson;Coahuila;3.5;2.65;$66.90;;;;;;
21/1/2025;Pollo tipo rosticero;Bachoco;Guanajuato;2.7;1.8;$68.00;;;;;;
22/1/2025;Gallina;Sin marca;Tamaulipas;3.6;3.3;$62.00;;;;;;
22/1/2025;Pollo entero;Bachoco;Guanajuato;3.5;2.65;$67.00;;;;;;
22/1/2025;Pollo entero;Otros;Veracruz;3.5;2.65;$66.50;;;;;;
22/1/2025;Pollo entero;Pilgrim's;Quer?taro;3.5;2.65;$66.70;;;;;;
22/1/2025;Pollo entero;Tyson;Coahuila;3.5;2.65;$66.90;;;;;;
22/1/2025;Pollo tipo rosticero;Bachoco;Guanajuato;2.7;1.8;$68.00;;;;;;
23/1/2025;Gallina;Sin marca;Zacatecas;3.6;3.3;$62.00;;;;;;
23/1/2025;Pollo entero;Bachoco;Guanajuato;3.5;2.65;$67.00;;;;;;
23/1/2025;Pollo entero;Otros;Veracruz;3.5;2.65;$66.50;;;;;;
23/1/2025;Pollo entero;Pilgrim's;Quer?taro;3.5;2.65;$66.70;;;;;;
23/1/2025;Pollo entero;Tyson;Coahuila;3.5;2.65;$66.90;;;;;;
23/1/2025;Pollo tipo rosticero;Bachoco;Guanajuato;2.7;1.8;$68.00;;;;;;
24/1/2025;Gallina;Sin marca;Tabasco;3.6;3.3;$62.00;;;;;;
24/1/2025;Pollo entero;Bachoco;Guanajuato;3.5;2.65;$69.00;;;;;;
24/1/2025;Pollo entero;Otros;Veracruz;3.5;2.65;$68.50;;;;;;
24/1/2025;Pollo entero;Pilgrim's;Quer?taro;3.5;2.65;$68.70;;;;;;
24/1/2025;Pollo entero;Tyson;Coahuila;3.5;2.65;$68.90;;;;;;
24/1/2025;Pollo tipo rosticero;Bachoco;Guanajuato;2.7;1.8;$70.00;;;;;;
27/1/2025;Gallina;Sin marca;Coahuila;3.6;3.3;$62.00;;;;;;
27/1/2025;Pollo entero;Bachoco;Guanajuato;3.5;2.65;$70.00;;;;;;
27/1/2025;Pollo entero;Otros;Veracruz;3.5;2.65;$69.50;;;;;;
27/1/2025;Pollo entero;Pilgrim's;Quer?taro;3.5;2.65;$69.70;;;;;;
27/1/2025;Pollo entero;Tyson;Coahuila;3.5;2.65;$69.90;;;;;;
27/1/2025;Pollo tipo rosticero;Bachoco;Guanajuato;2.7;1.8;$71.00;;;;;;
28/1/2025;Gallina;Sin marca;Veracruz;3.6;3.3;$62.00;;;;;;
28/1/2025;Pollo entero;Bachoco;Guanajuato;3.5;2.65;$70.00;;;;;;
28/1/2025;Pollo entero;Otros;Veracruz;3.5;2.65;$69.50;;;;;;
28/1/2025;Pollo entero;Pilgrim's;Quer?taro;3.5;2.65;$69.70;;;;;;
28/1/2025;Pollo entero;Tyson;Coahuila;3.5;2.6;$69.90;;;;;;
28/1/2025;Pollo tipo rosticero;Bachoco;Guanajuato;2.7;1.8;$71.00;;;;;;
29/1/2025;Gallina;Sin marca;Tabasco;3.6;3.3;$62.00;;;;;;
29/1/2025;Pollo entero;Bachoco;Guanajuato;3.5;2.65;$70.00;;;;;;
29/1/2025;Pollo entero;Otros;Veracruz;3.5;2.65;$69.50;;;;;;
29/1/2025;Pollo entero;Pilgrim's;Quer?taro;3.5;2.65;$69.70;;;;;;
29/1/2025;Pollo entero;Tyson;Coahuila;3.5;2.65;$69.90;;;;;;
29/1/2025;Pollo tipo rosticero;Bachoco;Guanajuato;2.7;1.8;$71.00;;;;;;
30/1/2025;Gallina;Sin marca;Zacatecas;3.6;3.3;$62.00;;;;;;
30/1/2025;Pollo entero;Bachoco;Guanajuato;3.5;2.65;$70.00;;;;;;
30/1/2025;Pollo entero;Otros;Veracruz;3.5;2.65;$69.50;;;;;;
30/1/2025;Pollo entero;Pilgrim's;Quer?taro;3.5;2.65;$69.70;;;;;;
30/1/2025;Pollo entero;Tyson;Coahuila;3.5;2.65;$69.90;;;;;;
30/1/2025;Pollo tipo rosticero;Bachoco;Guanajuato;2.7;1.8;$71.00;;;;;;
31/1/2025;Gallina;Sin marca;San Luis Potos?;3.6;3.3;$62.00;;;;;;
31/1/2025;Pollo entero;Bachoco;Guanajuato;3.5;2.65;$70.00;;;;;;
31/1/2025;Pollo entero;Otros;Veracruz;3.5;2.65;$69.50;;;;;;
31/1/2025;Pollo entero;Pilgrim's;Quer?taro;3.5;2.65;$69.70;;;;;;
31/1/2025;Pollo entero;Tyson;Coahuila;3.5;2.65;$69.90;;;;;;
31/1/2025;Pollo tipo rosticero;Bachoco;Guanajuato;2.7;1.8;$71.00;;;;;;
D.F. : Centro de distribuci?n Nuevo San Juan;;;;;;;;;;;;
2/1/2025;Gallina;Sin marca;Oaxaca;3.6;3.3;$64.00;;;;;;
2/1/2025;Pollo entero;Bachoco;Guanajuato;3.5;2.65;$64.90;;;;;;
2/1/2025;Pollo entero;Otros;Veracruz;3.5;2.65;$64.30;;;;;;
2/1/2025;Pollo entero;Pilgrim's;Quer?taro;3.5;2.65;$64.50;;;;;;
2/1/2025;Pollo entero;Tyson;Coahuila;3.5;2.65;$64.70;;;;;;
2/1/2025;Pollo tipo rosticero;Bachoco;Guanajuato;2.7;1.8;$66.00;;;;;;
3/1/2025;Gallina;Sin marca;Edo. de M?xico;3.6;3.3;$64.00;;;;;;
3/1/2025;Pollo entero;Bachoco;Guanajuato;3.5;2.65;$64.90;;;;;;
3/1/2025;Pollo entero;Otros;Veracruz;3.5;2.65;$64.30;;;;;;
3/1/2025;Pollo entero;Pilgrim's;Quer?taro;3.5;2.65;$64.50;;;;;;
3/1/2025;Pollo entero;Tyson;Coahuila;3.5;2.65;$64.70;;;;;;
3/1/2025;Pollo tipo rosticero;Bachoco;Guanajuato;2.7;1.8;$66.00;;;;;;
6/1/2025;Gallina;Sin marca;Veracruz;3.5;2.65;$64.00;;;;;;
6/1/2025;Pollo entero;Bachoco;Guanajuato;3.5;2.65;$64.90;;;;;;
6/1/2025;Pollo entero;Otros;Veracruz;3.5;2.65;$64.30;;;;;;
6/1/2025;Pollo entero;Pilgrim's;Quer?taro;3.5;2.65;$64.50;;;;;;
6/1/2025;Pollo entero;Tyson;Coahuila;3.5;2.65;$64.70;;;;;;
6/1/2025;Pollo tipo rosticero;Bachoco;Guanajuato;2.7;1.8;$66.00;;;;;;
7/1/2025;Gallina;Sin marca;Chiapas;3.6;3.3;$64.00;;;;;;
7/1/2025;Pollo entero;Bachoco;Guanajuato;3.5;2.65;$64.90;;;;;;
7/1/2025;Pollo entero;Otros;Veracruz;3.5;2.65;$64.30;;;;;;
7/1/2025;Pollo entero;Pilgrim's;Quer?taro;3.5;2.65;$64.50;;;;;;
7/1/2025;Pollo entero;Tyson;Coahuila;3.5;2.65;$64.70;;;;;;
7/1/2025;Pollo tipo rosticero;Bachoco;Guanajuato;2.7;1.8;$66.00;;;;;;
8/1/2025;Gallina;Sin marca;Chiapas;3.6;3.3;$64.00;;;;;;
8/1/2025;Pollo entero;Bachoco;Guanajuato;3.5;2.65;$64.90;;;;;;
8/1/2025;Pollo entero;Otros;Veracruz;3.5;2.65;$64.30;;;;;;
8/1/2025;Pollo entero;Pilgrim's;Quer?taro;3.5;2.65;$64.50;;;;;;
8/1/2025;Pollo entero;Tyson;Coahuila;3.5;2.65;$64.70;;;;;;
8/1/2025;Pollo tipo rosticero;Bachoco;Guanajuato;2.7;1.8;$66.00;;;;;;
9/1/2025;Gallina;Sin marca;Aguascalientes;3.6;3.3;$64.00;;;;;;
9/1/2025;Pollo entero;Bachoco;Guanajuato;3.5;2.65;$64.90;;;;;;
9/1/2025;Pollo entero;Otros;Veracruz;3.5;2.65;$64.30;;;;;;
9/1/2025;Pollo entero;Pilgrim's;Quer?taro;3.5;2.65;$64.50;;;;;;
9/1/2025;Pollo entero;Tyson;Coahuila;3.5;2.65;$64.70;;;;;;
9/1/2025;Pollo tipo rosticero;Bachoco;Guanajuato;2.7;1.8;$66.00;;;;;;
10/1/2025;Gallina;Sin marca;Aguascalientes;3.6;3.3;$65.00;;;;;;
10/1/2025;Pollo entero;Bachoco;Guanajuato;3.5;2.65;$64.90;;;;;;
10/1/2025;Pollo entero;Otros;Veracruz;3.5;2.65;$64.30;;;;;;
10/1/2025;Pollo entero;Pilgrim's;Quer?taro;3.5;2.65;$64.50;;;;;;
10/1/2025;Pollo entero;Tyson;Coahuila;3.5;2.65;$64.70;;;;;;
10/1/2025;Pollo tipo rosticero;Bachoco;Guanajuato;2.7;1.8;$66.00;;;;;;
13/1/2025;Gallina;Sin marca;Veracruz;3.6;3.3;$65.00;;;;;;
13/1/2025;Pollo entero;Bachoco;Guanajuato;3.5;2.65;$64.90;;;;;;
13/1/2025;Pollo entero;Otros;Veracruz;3.5;2.65;$64.30;;;;;;
13/1/2025;Pollo entero;Pilgrim's;Quer?taro;3.5;2.65;$64.50;;;;;;
13/1/2025;Pollo entero;Tyson;Coahuila;3.5;2.65;$64.70;;;;;;
13/1/2025;Pollo tipo rosticero;Bachoco;Guanajuato;2.7;1.8;$66.00;;;;;;
14/1/2025;Gallina;Sin marca;Chiapas;3.6;3.3;$65.00;;;;;;
14/1/2025;Pollo entero;Bachoco;Guanajuato;3.5;2.65;$64.90;;;;;;
14/1/2025;Pollo entero;Otros;Veracruz;3.5;2.65;$64.30;;;;;;
14/1/2025;Pollo entero;Pilgrim's;Quer?taro;3.5;2.65;$64.50;;;;;;
14/1/2025;Pollo entero;Tyson;Coahuila;3.5;2.65;$64.70;;;;;;
14/1/2025;Pollo tipo rosticero;Bachoco;Guanajuato;2.7;1.8;$66.00;;;;;;
15/1/2025;Gallina;Sin marca;Hidalgo;3.6;3.3;$65.00;;;;;;
15/1/2025;Pollo entero;Bachoco;Guanajuato;3.5;2.65;$64.90;;;;;;
15/1/2025;Pollo entero;Otros;Veracruz;3.5;2.65;$64.30;;;;;;
15/1/2025;Pollo entero;Pilgrim's;Quer?taro;3.5;2.65;$64.50;;;;;;
15/1/2025;Pollo entero;Tyson;Coahuila;3.5;2.65;$64.70;;;;;;
15/1/2025;Pollo tipo rosticero;Bachoco;Guanajuato;2.7;1.8;$66.00;;;;;;
16/1/2025;Gallina;Sin marca;Tamaulipas;3.6;3.3;$65.00;;;;;;
16/1/2025;Pollo entero;Bachoco;Guanajuato;3.5;2.65;$64.90;;;;;;
16/1/2025;Pollo entero;Otros;Veracruz;3.5;2.65;$64.30;;;;;;
16/1/2025;Pollo entero;Pilgrim's;Quer?taro;3.5;2.65;$64.50;;;;;;
16/1/2025;Pollo entero;Tyson;Coahuila;3.5;2.65;$64.70;;;;;;
16/1/2025;Pollo tipo rosticero;Bachoco;Guanajuato;2.7;1.8;$66.00;;;;;;
17/1/2025;Gallina;Sin marca;Jalisco;3.6;3.3;$65.00;;;;;;
17/1/2025;Pollo entero;Bachoco;Guanajuato;2.7;1.8;$64.90;;;;;;
17/1/2025;Pollo entero;Otros;Veracruz;3.5;2.65;$64.30;;;;;;
17/1/2025;Pollo entero;Pilgrim's;Quer?taro;3.5;2.65;$64.50;;;;;;
17/1/2025;Pollo entero;Tyson;Coahuila;3.5;2.65;$64.70;;;;;;
17/1/2025;Pollo tipo rosticero;Bachoco;Guanajuato;2.7;1.8;$66.00;;;;;;
20/1/2025;Gallina;Sin marca;Veracruz;3.6;3.3;$63.00;;;;;;
20/1/2025;Pollo entero;Bachoco;Guanajuato;3.5;2.65;$66.90;;;;;;
20/1/2025;Pollo entero;Otros;Veracruz;3.5;2.65;$66.30;;;;;;
20/1/2025;Pollo entero;Pilgrim's;Quer?taro;3.5;2.65;$66.50;;;;;;
20/1/2025;Pollo entero;Tyson;Coahuila;3.5;2.65;$66.70;;;;;;
20/1/2025;Pollo tipo rosticero;Bachoco;Guanajuato;2.7;1.8;$68.00;;;;;;
21/1/2025;Gallina;Sin marca;Durango;3.6;3.3;$63.00;;;;;;
21/1/2025;Pollo entero;Bachoco;Guanajuato;3.5;2.65;$66.90;;;;;;
21/1/2025;Pollo entero;Otros;Veracruz;3.5;2.65;$66.30;;;;;;
21/1/2025;Pollo entero;Pilgrim's;Quer?taro;3.5;2.65;$66.50;;;;;;
21/1/2025;Pollo entero;Tyson;Coahuila;3.5;2.65;$66.70;;;;;;
21/1/2025;Pollo tipo rosticero;Bachoco;Guanajuato;2.7;1.8;$68.00;;;;;;
22/1/2025;Gallina;Sin marca;Jalisco;3.6;3.3;$62.00;;;;;;
22/1/2025;Pollo entero;Bachoco;Guanajuato;3.5;2.65;$66.90;;;;;;
22/1/2025;Pollo entero;Otros;Veracruz;3.5;2.65;$66.30;;;;;;
22/1/2025;Pollo entero;Pilgrim's;Quer?taro;3.5;2.65;$66.50;;;;;;
22/1/2025;Pollo entero;Tyson;Coahuila;3.5;2.65;$66.70;;;;;;
22/1/2025;Pollo tipo rosticero;Bachoco;Guanajuato;2.7;1.8;$68.00;;;;;;
23/1/2025;Gallina;Sin marca;Morelos;3.6;3.3;$62.00;;;;;;
23/1/2025;Pollo entero;Bachoco;Guanajuato;3.5;2.65;$66.90;;;;;;
23/1/2025;Pollo entero;Otros;Veracruz;3.5;2.65;$66.30;;;;;;
23/1/2025;Pollo entero;Pilgrim's;Quer?taro;3.5;2.65;$66.50;;;;;;
23/1/2025;Pollo entero;Tyson;Coahuila;3.5;2.65;$66.70;;;;;;
23/1/2025;Pollo tipo rosticero;Bachoco;Guanajuato;2.7;1.8;$68.00;;;;;;
24/1/2025;Gallina;Sin marca;Jalisco;3.6;3.3;$62.00;;;;;;
24/1/2025;Pollo entero;Bachoco;Guanajuato;3.5;2.65;$68.90;;;;;;
24/1/2025;Pollo entero;Otros;Veracruz;3.5;2.65;$68.30;;;;;;
24/1/2025;Pollo entero;Pilgrim's;Quer?taro;3.5;2.65;$68.50;;;;;;
24/1/2025;Pollo entero;Tyson;Coahuila;3.5;2.65;$68.70;;;;;;
24/1/2025;Pollo tipo rosticero;Bachoco;Guanajuato;2.7;1.8;$70.00;;;;;;
27/1/2025;Gallina;Sin marca;Veracruz;3.6;3.3;$62.00;;;;;;
27/1/2025;Pollo entero;Bachoco;Guanajuato;3.5;2.65;$69.90;;;;;;
27/1/2025;Pollo entero;Otros;Veracruz;3.5;2.65;$69.30;;;;;;
27/1/2025;Pollo entero;Pilgrim's;Quer?taro;3.5;2.65;$69.50;;;;;;
27/1/2025;Pollo entero;Tyson;Coahuila;3.5;2.65;$69.70;;;;;;
27/1/2025;Pollo tipo rosticero;Bachoco;Guanajuato;2.7;1.8;$71.00;;;;;;
28/1/2025;Gallina;Sin marca;Chiapas;3.6;3.3;$62.00;;;;;;
28/1/2025;Pollo entero;Bachoco;Guanajuato;3.5;2.65;$69.90;;;;;;
28/1/2025;Pollo entero;Otros;Veracruz;3.5;2.65;$69.30;;;;;;
28/1/2025;Pollo entero;Pilgrim's;Quer?taro;3.5;2.65;$69.50;;;;;;
28/1/2025;Pollo entero;Tyson;Coahuila;3.5;2.65;$69.70;;;;;;
28/1/2025;Pollo tipo rosticero;Bachoco;Guanajuato;2.7;1.8;$71.00;;;;;;
29/1/2025;Gallina;Sin marca;Aguascalientes;3.6;3.3;$62.00;;;;;;
29/1/2025;Pollo entero;Bachoco;Guanajuato;3.5;2.65;$69.90;;;;;;
29/1/2025;Pollo entero;Otros;Veracruz;3.5;2.65;$69.30;;;;;;
29/1/2025;Pollo entero;Pilgrim's;Quer?taro;3.5;2.65;$69.50;;;;;;
29/1/2025;Pollo entero;Tyson;Coahuila;3.5;2.65;$69.70;;;;;;
29/1/2025;Pollo tipo rosticero;Bachoco;Guanajuato;2.7;1.8;$71.00;;;;;;
30/1/2025;Gallina;Sin marca;Sinaloa;3.6;3.3;$62.00;;;;;;
30/1/2025;Pollo entero;Bachoco;Guanajuato;3.5;2.65;$69.90;;;;;;
30/1/2025;Pollo entero;Otros;Veracruz;3.5;2.65;$69.30;;;;;;
30/1/2025;Pollo entero;Pilgrim's;Quer?taro;3.5;2.65;$69.50;;;;;;
30/1/2025;Pollo entero;Tyson;Coahuila;3.5;2.65;$69.70;;;;;;
30/1/2025;Pollo tipo rosticero;Bachoco;Guanajuato;2.7;1.8;$71.00;;;;;;
31/1/2025;Gallina;Sin marca;Jalisco;3.6;3.3;$62.00;;;;;;
31/1/2025;Pollo entero;Bachoco;Guanajuato;3.5;2.65;$69.90;;;;;;
31/1/2025;Pollo entero;Otros;Veracruz;3.5;2.65;$69.30;;;;;;
31/1/2025;Pollo entero;Pilgrim's;Quer?taro;3.5;2.65;$69.50;;;;;;
31/1/2025;Pollo entero;Tyson;Coahuila;3.5;2.65;$69.70;;;;;;
31/1/2025;Pollo tipo rosticero;Bachoco;Guanajuato;2.7;1.8;$71.00;;;;;;
D.F. : Centro de distribuci?n Ray?n;;;;;;;;;;;;
2/1/2025;Gallina;Sin marca;Puebla;3.6;3.3;$64.00;;;;;;
2/1/2025;Pollo entero;Bachoco;Guanajuato;3.5;2.65;$64.70;;;;;;
2/1/2025;Pollo entero;Otros;Veracruz;3.5;2.65;$64.30;;;;;;
2/1/2025;Pollo entero;Pilgrim's;Quer?taro;3.5;2.65;$64.50;;;;;;
2/1/2025;Pollo tipo rosticero;Bachoco;Guanajuato;2.7;1.8;$66.00;;;;;;
3/1/2025;Gallina;Sin marca;Aguascalientes;3.6;3.3;$64.00;;;;;;
3/1/2025;Pollo entero;Bachoco;Guanajuato;3.5;2.65;$64.70;;;;;;
3/1/2025;Pollo entero;Otros;Veracruz;3.5;2.65;$64.30;;;;;;
3/1/2025;Pollo entero;Pilgrim's;Quer?taro;3.5;2.65;$64.50;;;;;;
3/1/2025;Pollo tipo rosticero;Bachoco;Guanajuato;2.7;1.8;$66.00;;;;;;
6/1/2025;Gallina;Sin marca;Guanajuato;3.6;3.3;$64.00;;;;;;
6/1/2025;Pollo entero;Bachoco;Guanajuato;3.5;2.65;$64.70;;;;;;
6/1/2025;Pollo entero;Otros;Veracruz;3.5;2.65;$64.30;;;;;;
6/1/2025;Pollo entero;Pilgrim's;Quer?taro;3.5;2.65;$64.50;;;;;;
6/1/2025;Pollo tipo rosticero;Bachoco;Guanajuato;2.7;1.8;$66.00;;;;;;
7/1/2025;Gallina;Sin marca;Puebla;3.6;3.3;$64.00;;;;;;
7/1/2025;Pollo entero;Bachoco;Guanajuato;3.5;2.65;$64.70;;;;;;
7/1/2025;Pollo entero;Otros;Veracruz;3.5;2.65;$64.30;;;;;;
7/1/2025;Pollo entero;Pilgrim's;Quer?taro;3.5;2.65;$64.50;;;;;;
7/1/2025;Pollo tipo rosticero;Bachoco;Guanajuato;2.7;1.8;$66.00;;;;;;
8/1/2025;Gallina;Sin marca;Hidalgo;3.6;3.3;$64.00;;;;;;
8/1/2025;Pollo entero;Bachoco;Guanajuato;3.5;2.65;$64.70;;;;;;
8/1/2025;Pollo entero;Otros;Veracruz;3.5;2.65;$64.30;;;;;;
8/1/2025;Pollo entero;Pilgrim's;Quer?taro;3.5;2.65;$64.50;;;;;;
8/1/2025;Pollo tipo rosticero;Bachoco;Guanajuato;2.7;1.8;$66.00;;;;;;
9/1/2025;Gallina;Sin marca;Sinaloa;3.6;3.3;$64.00;;;;;;
9/1/2025;Pollo entero;Bachoco;Guanajuato;3.5;2.65;$64.70;;;;;;
9/1/2025;Pollo entero;Otros;Veracruz;3.5;2.65;$64.30;;;;;;
9/1/2025;Pollo entero;Pilgrim's;Quer?taro;3.5;2.65;$64.50;;;;;;
9/1/2025;Pollo tipo rosticero;Bachoco;Guanajuato;2.7;1.8;$66.00;;;;;;
10/1/2025;Gallina;Sin marca;Quer?taro;3.6;3.3;$65.00;;;;;;
10/1/2025;Pollo entero;Bachoco;Guanajuato;3.5;2.65;$64.70;;;;;;
10/1/2025;Pollo entero;Otros;Veracruz;3.5;2.65;$64.30;;;;;;
10/1/2025;Pollo entero;Pilgrim's;Quer?taro;3.5;2.65;$64.50;;;;;;
10/1/2025;Pollo tipo rosticero;Bachoco;Guanajuato;2.7;1.8;$66.00;;;;;;
13/1/2025;Gallina;Sin marca;Guanajuato;3.6;3.3;$65.00;;;;;;
13/1/2025;Pollo entero;Bachoco;Guanajuato;3.5;2.65;$64.70;;;;;;
13/1/2025;Pollo entero;Otros;Veracruz;3.5;2.65;$64.30;;;;;;
13/1/2025;Pollo entero;Pilgrim's;Quer?taro;3.5;2.65;$64.50;;;;;;
13/1/2025;Pollo tipo rosticero;Bachoco;Guanajuato;2.7;1.8;$66.00;;;;;;
14/1/2025;Gallina;Sin marca;Guerrero;3.6;3.3;$65.00;;;;;;
14/1/2025;Pollo entero;Bachoco;Guanajuato;3.5;2.65;$64.70;;;;;;
14/1/2025;Pollo entero;Otros;Veracruz;3.5;2.65;$64.30;;;;;;
14/1/2025;Pollo entero;Pilgrim's;Quer?taro;3.5;2.65;$64.50;;;;;;
14/1/2025;Pollo tipo rosticero;Bachoco;Guanajuato;2.7;1.8;$66.00;;;;;;
15/1/2025;Gallina;Sin marca;Colima;3.6;3.3;$65.00;;;;;;
15/1/2025;Pollo entero;Bachoco;Guanajuato;3.5;2.65;$64.70;;;;;;
15/1/2025;Pollo entero;Otros;Veracruz;3.5;2.65;$64.30;;;;;;
15/1/2025;Pollo entero;Pilgrim's;Quer?taro;3.5;2.65;$64.50;;;;;;
15/1/2025;Pollo tipo rosticero;Bachoco;Guanajuato;2.7;1.8;$66.00;;;;;;
16/1/2025;Gallina;Sin marca;Jalisco;3.6;3.3;$65.00;;;;;;
16/1/2025;Pollo entero;Bachoco;Guanajuato;3.5;2.65;$64.70;;;;;;
16/1/2025;Pollo entero;Otros;Veracruz;3.5;2.65;$64.30;;;;;;
16/1/2025;Pollo entero;Pilgrim's;Quer?taro;3.5;2.65;$64.50;;;;;;
16/1/2025;Pollo tipo rosticero;Bachoco;Guanajuato;2.7;1.8;$66.00;;;;;;
17/1/2025;Gallina;Sin marca;Guerrero;3.6;3.3;$65.00;;;;;;
17/1/2025;Pollo entero;Bachoco;Guanajuato;3.5;2.65;$64.70;;;;;;
17/1/2025;Pollo entero;Otros;Veracruz;3.5;2.65;$64.00;;;;;;
17/1/2025;Pollo entero;Pilgrim's;Quer?taro;3.5;2.65;$64.50;;;;;;
17/1/2025;Pollo tipo rosticero;Bachoco;Guanajuato;2.7;1.8;$66.00;;;;;;
20/1/2025;Gallina;Sin marca;Guanajuato;3.6;3.3;$63.00;;;;;;
20/1/2025;Pollo entero;Bachoco;Guanajuato;3.5;2.65;$66.70;;;;;;
20/1/2025;Pollo entero;Otros;Veracruz;3.5;2.65;$66.30;;;;;;
20/1/2025;Pollo entero;Pilgrim's;Quer?taro;3.5;2.65;$66.50;;;;;;
20/1/2025;Pollo tipo rosticero;Bachoco;Guanajuato;2.7;1.8;$68.00;;;;;;
21/1/2025;Gallina;Sin marca;Aguascalientes;3.6;3.3;$63.00;;;;;;
21/1/2025;Pollo entero;Bachoco;Guanajuato;3.5;2.65;$66.70;;;;;;
21/1/2025;Pollo entero;Otros;Veracruz;3.5;2.65;$66.30;;;;;;
21/1/2025;Pollo entero;Pilgrim's;Quer?taro;3.5;2.65;$66.50;;;;;;
21/1/2025;Pollo tipo rosticero;Bachoco;Guanajuato;2.7;1.8;$68.00;;;;;;
22/1/2025;Gallina;Sin marca;Edo. de M?xico;3.6;3.3;$62.00;;;;;;
22/1/2025;Pollo entero;Bachoco;Guanajuato;3.5;2.65;$66.70;;;;;;
22/1/2025;Pollo entero;Otros;Veracruz;3.5;2.65;$66.00;;;;;;
22/1/2025;Pollo entero;Pilgrim's;Quer?taro;3.5;2.65;$66.50;;;;;;
22/1/2025;Pollo tipo rosticero;Bachoco;Guanajuato;2.7;1.8;$68.00;;;;;;
23/1/2025;Gallina;Sin marca;Tlaxcala;3.6;3.3;$62.00;;;;;;
23/1/2025;Pollo entero;Bachoco;Guanajuato;3.5;2.65;$66.70;;;;;;
23/1/2025;Pollo entero;Otros;Veracruz;3.5;2.65;$66.30;;;;;;
23/1/2025;Pollo entero;Pilgrim's;Guanajuato;3.5;2.65;$66.50;;;;;;
23/1/2025;Pollo tipo rosticero;Bachoco;Guanajuato;2.7;1.8;$68.00;;;;;;
24/1/2025;Gallina;Sin marca;Morelos;3.6;3.3;$62.00;;;;;;
24/1/2025;Pollo entero;Bachoco;Guanajuato;3.5;2.65;$68.70;;;;;;
24/1/2025;Pollo entero;Otros;Veracruz;3.5;2.65;$68.30;;;;;;
24/1/2025;Pollo entero;Pilgrim's;Quer?taro;3.5;2.65;$68.50;;;;;;
24/1/2025;Pollo tipo rosticero;Bachoco;Guanajuato;2.7;1.8;$70.00;;;;;;
27/1/2025;Gallina;Sin marca;Quer?taro;3.6;3.3;$62.00;;;;;;
27/1/2025;Pollo entero;Bachoco;Guanajuato;3.5;2.65;$69.70;;;;;;
27/1/2025;Pollo entero;Otros;Veracruz;3.5;2.65;$69.30;;;;;;
27/1/2025;Pollo entero;Pilgrim's;Quer?taro;3.5;2.65;$69.50;;;;;;
27/1/2025;Pollo tipo rosticero;Bachoco;Guanajuato;2.7;1.8;$71.00;;;;;;
28/1/2025;Gallina;Sin marca;Tlaxcala;3.6;3.3;$62.00;;;;;;
28/1/2025;Pollo entero;Bachoco;Guanajuato;3.5;2.65;$69.70;;;;;;
28/1/2025;Pollo entero;Otros;Veracruz;3.5;2.65;$69.30;;;;;;
28/1/2025;Pollo entero;Pilgrim's;Quer?taro;3.5;2.65;$69.50;;;;;;
28/1/2025;Pollo tipo rosticero;Bachoco;Guanajuato;2.7;1.8;$71.00;;;;;;
29/1/2025;Gallina;Sin marca;Puebla;3.6;3.3;$62.00;;;;;;
29/1/2025;Pollo entero;Bachoco;Guanajuato;3.5;2.65;$69.70;;;;;;
29/1/2025;Pollo entero;Otros;Veracruz;3.5;2.65;$69.00;;;;;;
29/1/2025;Pollo entero;Pilgrim's;Quer?taro;3.5;2.65;$69.50;;;;;;
29/1/2025;Pollo tipo rosticero;Bachoco;Guanajuato;2.7;1.8;$71.00;;;;;;
30/1/2025;Gallina;Sin marca;Morelos;3.6;3.3;$62.00;;;;;;
30/1/2025;Pollo entero;Bachoco;Guanajuato;3.5;2.65;$69.70;;;;;;
30/1/2025;Pollo entero;Otros;Veracruz;3.5;2.65;$69.30;;;;;;
30/1/2025;Pollo entero;Pilgrim's;Quer?taro;3.5;2.65;$69.50;;;;;;
30/1/2025;Pollo tipo rosticero;Bachoco;Guanajuato;2.7;1.8;$71.00;;;;;;
31/1/2025;Gallina;Sin marca;Guerrero;3.6;3.3;$62.00;;;;;;
31/1/2025;Pollo entero;Bachoco;Guanajuato;3.5;2.65;$69.70;;;;;;
31/1/2025;Pollo entero;Otros;Veracruz;3.5;2.65;$69.30;;;;;;
31/1/2025;Pollo entero;Pilgrim's;Quer?taro;3.5;2.65;$69.50;;;;;;
31/1/2025;Pollo tipo rosticero;Bachoco;Guanajuato;2.7;1.8;$71.00;;;;;;
D.F. : Centro de distribuci?n San Juan;;;;;;;;;;;;
2/1/2025;Gallina;Sin marca;San Luis Potos?;3.6;3.3;$64.00;;;;;;
2/1/2025;Pollo entero;Bachoco;Guanajuato;3.5;2.65;$64.50;;;;;;
2/1/2025;Pollo entero;Otros;Veracruz;3.5;2.65;$64.00;;;;;;
2/1/2025;Pollo entero;Pilgrim's;Quer?taro;3.5;2.65;$64.30;;;;;;
2/1/2025;Pollo tipo rosticero;Bachoco;Guanajuato;2.7;1.8;$66.00;;;;;;
3/1/2025;Gallina;Sin marca;Coahuila;3.6;3.3;$64.00;;;;;;
3/1/2025;Pollo entero;Bachoco;Guanajuato;3.5;2.65;$64.50;;;;;;
3/1/2025;Pollo entero;Otros;Veracruz;3.5;2.65;$64.00;;;;;;
3/1/2025;Pollo entero;Pilgrim's;Quer?taro;3.5;2.65;$64.30;;;;;;
3/1/2025;Pollo tipo rosticero;Bachoco;Guanajuato;2.7;1.8;$66.00;;;;;;
6/1/2025;Gallina;Sin marca;Quer?taro;3.6;3.3;$64.00;;;;;;
6/1/2025;Pollo entero;Bachoco;Guanajuato;3.5;2.65;$64.50;;;;;;
6/1/2025;Pollo entero;Otros;Veracruz;3.5;2.65;$64.00;;;;;;
6/1/2025;Pollo entero;Pilgrim's;Quer?taro;3.5;2.65;$64.30;;;;;;
6/1/2025;Pollo tipo rosticero;Bachoco;Guanajuato;2.7;1.8;$66.00;;;;;;
7/1/2025;Gallina;Sin marca;Morelos;3.6;3.3;$64.00;;;;;;
7/1/2025;Pollo entero;Bachoco;Guanajuato;3.5;2.65;$64.50;;;;;;
7/1/2025;Pollo entero;Otros;Veracruz;3.5;2.65;$64.00;;;;;;
7/1/2025;Pollo entero;Pilgrim's;Quer?taro;3.5;2.65;$64.30;;;;;;
7/1/2025;Pollo tipo rosticero;Bachoco;Guanajuato;2.7;1.8;$66.00;;;;;;
8/1/2025;Gallina;Sin marca;Edo. de M?xico;3.6;3.3;$64.00;;;;;;
8/1/2025;Pollo entero;Bachoco;Guanajuato;3.5;2.65;$64.50;;;;;;
8/1/2025;Pollo entero;Otros;Veracruz;3.5;2.65;$64.00;;;;;;
8/1/2025;Pollo entero;Pilgrim's;Quer?taro;3.5;2.65;$64.30;;;;;;
8/1/2025;Pollo tipo rosticero;Bachoco;Guanajuato;2.7;1.8;$66.00;;;;;;
9/1/2025;Gallina;Sin marca;Morelos;3.6;3.3;$64.00;;;;;;
9/1/2025;Pollo entero;Bachoco;Guanajuato;3.5;2.65;$64.50;;;;;;
9/1/2025;Pollo entero;Otros;Veracruz;3.5;2.65;$64.00;;;;;;
9/1/2025;Pollo entero;Pilgrim's;Quer?taro;3.5;2.65;$64.30;;;;;;
9/1/2025;Pollo tipo rosticero;Bachoco;Guanajuato;2.7;1.8;$66.00;;;;;;
10/1/2025;Gallina;Sin marca;Tamaulipas;3.6;3.3;$65.00;;;;;;
10/1/2025;Pollo entero;Bachoco;Guanajuato;3.5;2.65;$64.50;;;;;;
10/1/2025;Pollo entero;Otros;Veracruz;3.5;2.65;$64.00;;;;;;
10/1/2025;Pollo entero;Pilgrim's;Quer?taro;3.5;2.65;$64.30;;;;;;
10/1/2025;Pollo tipo rosticero;Bachoco;Guanajuato;2.7;1.8;$66.00;;;;;;
13/1/2025;Gallina;Sin marca;Quer?taro;3.6;3.3;$65.00;;;;;;
13/1/2025;Pollo entero;Bachoco;Guanajuato;3.5;2.65;$64.50;;;;;;
13/1/2025;Pollo entero;Otros;Veracruz;3.5;2.65;$64.00;;;;;;
13/1/2025;Pollo entero;Pilgrim's;Quer?taro;3.5;2.65;$64.30;;;;;;
13/1/2025;Pollo tipo rosticero;Bachoco;Guanajuato;2.7;1.8;$66.00;;;;;;
14/1/2025;Gallina;Sin marca;Zacatecas;3.6;3.3;$65.00;;;;;;
14/1/2025;Pollo entero;Bachoco;Guanajuato;3.5;2.65;$64.50;;;;;;
14/1/2025;Pollo entero;Otros;Veracruz;3.5;2.65;$64.00;;;;;;
14/1/2025;Pollo entero;Pilgrim's;Quer?taro;3.5;2.65;$64.30;;;;;;
14/1/2025;Pollo tipo rosticero;Bachoco;Guanajuato;2.7;1.8;$66.00;;;;;;
15/1/2025;Gallina;Sin marca;Tlaxcala;3.6;3.3;$65.00;;;;;;
15/1/2025;Pollo entero;Bachoco;Guanajuato;3.5;2.65;$64.50;;;;;;
15/1/2025;Pollo entero;Otros;Veracruz;3.5;2.65;$64.00;;;;;;
15/1/2025;Pollo entero;Pilgrim's;Quer?taro;3.5;2.65;$64.30;;;;;;
15/1/2025;Pollo tipo rosticero;Bachoco;Guanajuato;2.7;1.8;$66.00;;;;;;
16/1/2025;Gallina;Sin marca;Coahuila;3.6;3.3;$65.00;;;;;;
16/1/2025;Pollo entero;Bachoco;Guanajuato;3.5;2.65;$64.50;;;;;;
16/1/2025;Pollo entero;Otros;Veracruz;3.5;2.65;$64.00;;;;;;
16/1/2025;Pollo entero;Pilgrim's;Quer?taro;3.5;2.65;$64.30;;;;;;
16/1/2025;Pollo tipo rosticero;Bachoco;Guanajuato;2.7;1.8;$66.00;;;;;;
17/1/2025;Gallina;Sin marca;Tabasco;3.6;3.3;$65.00;;;;;;
17/1/2025;Pollo entero;Bachoco;Guanajuato;3.5;2.65;$64.50;;;;;;
17/1/2025;Pollo entero;Otros;Veracruz;3.5;2.65;$64.00;;;;;;
17/1/2025;Pollo entero;Pilgrim's;Quer?taro;3.5;2.65;$64.30;;;;;;
17/1/2025;Pollo tipo rosticero;Bachoco;Guanajuato;2.7;1.8;$66.00;;;;;;
20/1/2025;Gallina;Sin marca;Quer?taro;3.6;3.3;$63.00;;;;;;
20/1/2025;Pollo entero;Bachoco;Guanajuato;3.5;2.65;$66.50;;;;;;
20/1/2025;Pollo entero;Otros;Veracruz;3.5;2.65;$66.00;;;;;;
20/1/2025;Pollo entero;Pilgrim's;Quer?taro;3.5;2.65;$66.50;;;;;;
20/1/2025;Pollo tipo rosticero;Bachoco;Guanajuato;2.7;1.8;$68.00;;;;;;
21/1/2025;Gallina;Sin marca;Chiapas;3.6;3.3;$63.00;;;;;;
21/1/2025;Pollo entero;Bachoco;Guanajuato;3.5;2.65;$66.50;;;;;;
21/1/2025;Pollo entero;Otros;Veracruz;3.5;2.65;$66.00;;;;;;
21/1/2025;Pollo entero;Pilgrim's;Quer?taro;3.5;2.65;$66.30;;;;;;
21/1/2025;Pollo tipo rosticero;Bachoco;Guanajuato;2.7;1.8;$68.00;;;;;;
22/1/2025;Gallina;Sin marca;Puebla;3.6;3.3;$62.00;;;;;;
22/1/2025;Pollo entero;Bachoco;Guanajuato;3.5;2.65;$66.50;;;;;;
22/1/2025;Pollo entero;Otros;Veracruz;3.5;2.65;$66.00;;;;;;
22/1/2025;Pollo entero;Pilgrim's;Quer?taro;3.5;2.65;$66.30;;;;;;
22/1/2025;Pollo tipo rosticero;Bachoco;Guanajuato;2.7;1.8;$68.00;;;;;;
23/1/2025;Gallina;Sin marca;Veracruz;3.6;3.3;$62.00;;;;;;
23/1/2025;Pollo entero;Bachoco;Guanajuato;3.5;2.65;$66.50;;;;;;
23/1/2025;Pollo entero;Otros;Veracruz;3.5;2.65;$66.00;;;;;;
23/1/2025;Pollo entero;Pilgrim's;Quer?taro;3.5;2.65;$66.30;;;;;;
23/1/2025;Pollo tipo rosticero;Bachoco;Guanajuato;2.7;1.8;$68.00;;;;;;
24/1/2025;Gallina;Sin marca;Guerrero;3.6;3.3;$62.00;;;;;;
24/1/2025;Pollo entero;Bachoco;Guanajuato;3.5;2.65;$68.50;;;;;;
24/1/2025;Pollo entero;Otros;Veracruz;3.5;2.65;$68.00;;;;;;
24/1/2025;Pollo entero;Pilgrim's;Quer?taro;3.5;2.65;$68.30;;;;;;
24/1/2025;Pollo tipo rosticero;Bachoco;Guanajuato;2.7;1.8;$70.00;;;;;;
27/1/2025;Gallina;Sin marca;Guanajuato;3.5;2.65;$62.00;;;;;;
27/1/2025;Pollo entero;Bachoco;Guanajuato;3.5;2.65;$69.50;;;;;;
27/1/2025;Pollo entero;Otros;Veracruz;3.5;2.65;$69.00;;;;;;
27/1/2025;Pollo entero;Pilgrim's;Quer?taro;3.5;2.65;$69.30;;;;;;
27/1/2025;Pollo tipo rosticero;Bachoco;Guanajuato;2.7;1.8;$71.00;;;;;;
28/1/2025;Gallina;Sin marca;Hidalgo;3.6;3.3;$62.00;;;;;;
28/1/2025;Pollo entero;Bachoco;Guanajuato;3.5;2.65;$69.50;;;;;;
28/1/2025;Pollo entero;Otros;Veracruz;3.5;2.65;$69.00;;;;;;
28/1/2025;Pollo entero;Pilgrim's;Quer?taro;3.5;2.65;$69.30;;;;;;
28/1/2025;Pollo tipo rosticero;Bachoco;Guanajuato;2.7;1.8;$71.00;;;;;;
29/1/2025;Gallina;Sin marca;Tlaxcala;3.6;3.3;$62.00;;;;;;
29/1/2025;Pollo entero;Bachoco;Guanajuato;3.5;2.65;$69.50;;;;;;
29/1/2025;Pollo entero;Otros;Veracruz;3.5;2.65;$69.00;;;;;;
29/1/2025;Pollo entero;Pilgrim's;Quer?taro;3.5;2.65;$69.30;;;;;;
29/1/2025;Pollo tipo rosticero;Bachoco;Guanajuato;2.7;1.8;$71.00;;;;;;
30/1/2025;Gallina;Sin marca;Durango;3.6;3.3;$62.00;;;;;;
30/1/2025;Pollo entero;Bachoco;Guanajuato;3.5;2.65;$69.50;;;;;;
30/1/2025;Pollo entero;Otros;Veracruz;3.5;2.65;$69.00;;;;;;
30/1/2025;Pollo entero;Pilgrim's;Quer?taro;3.5;2.65;$69.30;;;;;;
30/1/2025;Pollo tipo rosticero;Bachoco;Guanajuato;2.7;1.8;$71.00;;;;;;
31/1/2025;Gallina;Sin marca;Morelos;3.6;3.3;$62.00;;;;;;
31/1/2025;Pollo entero;Bachoco;Guanajuato;3.5;2.65;$69.50;;;;;;
31/1/2025;Pollo entero;Otros;Veracruz;3.5;2.65;$69.00;;;;;;
31/1/2025;Pollo entero;Pilgrim's;Quer?taro;3.5;2.65;$69.30;;;;;;
31/1/2025;Pollo tipo rosticero;Bachoco;Guanajuato;2.7;1.8;$71.00;;;;;;
Nay: Centros de Distribuci?n de Nayarit;;;;;;;;;;;;
6/1/2025;Pollo entero;Bachoco;Nayarit;2.7;2.5;$68.00;;;;;;
7/1/2025;Pollo entero;Bachoco;Nayarit;2.7;2.5;$68.00;;;;;;
Qro. : Centros de distribuci?n de Quer?taro;;;;;;;;;;;;
2/1/2025;Pollo entero;Pilgrim's;Quer?taro;2.7;2.5;$55.00;;;;;;
3/1/2025;Pollo entero;Pilgrim's;Quer?taro;2.7;2.5;$55.00;;;;;;
6/1/2025;Pollo entero;Pilgrim's;Quer?taro;2.7;2.5;$55.00;;;;;;
7/1/2025;Pollo entero;Pilgrim's;Quer?taro;2.7;2.5;$55.00;;;;;;
8/1/2025;Pollo entero;Pilgrim's;Quer?taro;2.7;2.5;$55.00;;;;;;
9/1/2025;Pollo entero;Pilgrim's;Quer?taro;2.7;2.5;$55.00;;;;;;
10/1/2025;Pollo entero;Pilgrim's;Quer?taro;2.7;2.5;$62.00;;;;;;
13/1/2025;Pollo entero;Pilgrim's;Quer?taro;2.7;2.5;$62.00;;;;;;
14/1/2025;Pollo entero;Pilgrim's;Quer?taro;2.7;2.5;$62.00;;;;;;
15/1/2025;Pollo entero;Pilgrim's;Quer?taro;2.7;2.5;$62.00;;;;;;
16/1/2025;Pollo entero;Pilgrim's;Quer?taro;2.7;2.5;$62.00;;;;;;
17/1/2025;Pollo entero;Pilgrim's;Quer?taro;2.7;2.5;$62.00;;;;;;
20/1/2025;Pollo entero;Pilgrim's;Quer?taro;2.7;2.5;$62.00;;;;;;
21/1/2025;Pollo entero;Pilgrim's;Quer?taro;2.7;2.5;$62.00;;;;;;
22/1/2025;Pollo entero;Pilgrim's;Quer?taro;2.7;2.5;$62.00;;;;;;
23/1/2025;Pollo entero;Pilgrim's;Quer?taro;2.7;2.5;$62.00;;;;;;
24/1/2025;Pollo entero;Pilgrim's;Quer?taro;2.7;2.5;$62.00;;;;;;
27/1/2025;Pollo entero;Pilgrim's;Quer?taro;2.7;2.5;$62.00;;;;;;
28/1/2025;Pollo entero;Pilgrim's;Quer?taro;2.7;2.5;$62.00;;;;;;
29/1/2025;Pollo entero;Pilgrim's;Quer?taro;2.7;2.5;$62.00;;;;;;
30/1/2025;Pollo entero;Pilgrim's;Quer?taro;2.7;2.5;$62.00;;;;;;
31/1/2025;Pollo entero;Pilgrim's;Quer?taro;2.7;2.5;$65.00;;;;;;
Zac: Mercado de Abasto de Zacatecas;;;;;;;;;;;;
2/1/2025;Pollo entero;Nutri Pollo;San Luis Potos?;2.1;1.9;$70.00;;;;;;
2/1/2025;Pollo entero;Pilgrim's;San Luis Potos?;2.1;1.9;$70.00;;;;;;
2/1/2025;Pollo tipo rosticero;Nutri Pollo;San Luis Potos?;1.4;1.2;$66.00;;;;;;
2/1/2025;Pollo tipo rosticero;Pilgrim's;San Luis Potos?;1.4;1.2;$66.00;;;;;;
3/1/2025;Pollo entero;Nutri Pollo;San Luis Potos?;2.1;1.9;$70.00;;;;;;
3/1/2025;Pollo entero;Pilgrim's;San Luis Potos?;2.1;1.9;$70.00;;;;;;
3/1/2025;Pollo tipo rosticero;Nutri Pollo;San Luis Potos?;1.4;1.2;$66.00;;;;;;
3/1/2025;Pollo tipo rosticero;Pilgrim's;San Luis Potos?;1.4;1.2;$66.00;;;;;;
6/1/2025;Pollo entero;Nutri Pollo;San Luis Potos?;2.1;1.9;$70.00;;;;;;
6/1/2025;Pollo entero;Pilgrim's;San Luis Potos?;2.1;1.9;$70.00;;;;;;
6/1/2025;Pollo tipo rosticero;Nutri Pollo;San Luis Potos?;1.4;1.2;$66.00;;;;;;
6/1/2025;Pollo tipo rosticero;Pilgrim's;San Luis Potos?;1.4;1.2;$66.00;;;;;;
7/1/2025;Pollo entero;Nutri Pollo;San Luis Potos?;2.1;1.9;$70.00;;;;;;
7/1/2025;Pollo entero;Pilgrim's;San Luis Potos?;2.1;1.9;$70.00;;;;;;
7/1/2025;Pollo tipo rosticero;Nutri Pollo;San Luis Potos?;1.4;1.2;$66.00;;;;;;
7/1/2025;Pollo tipo rosticero;Pilgrim's;San Luis Potos?;1.4;1.2;$66.00;;;;;;
8/1/2025;Pollo entero;Nutri Pollo;San Luis Potos?;2.1;1.9;$70.00;;;;;;
8/1/2025;Pollo entero;Pilgrim's;San Luis Potos?;2.1;1.9;$70.00;;;;;;
8/1/2025;Pollo tipo rosticero;Nutri Pollo;San Luis Potos?;1.4;1.2;$66.00;;;;;;
8/1/2025;Pollo tipo rosticero;Pilgrim's;San Luis Potos?;1.4;1.2;$66.00;;;;;;
9/1/2025;Pollo entero;Nutri Pollo;San Luis Potos?;2.1;1.9;$70.00;;;;;;
9/1/2025;Pollo entero;Pilgrim's;San Luis Potos?;2.1;1.9;$70.00;;;;;;
9/1/2025;Pollo tipo rosticero;Nutri Pollo;San Luis Potos?;1.4;1.2;$66.00;;;;;;
9/1/2025;Pollo tipo rosticero;Pilgrim's;San Luis Potos?;1.4;1.2;$66.00;;;;;;
10/1/2025;Pollo entero;Nutri Pollo;San Luis Potos?;2.1;1.9;$70.00;;;;;;
10/1/2025;Pollo entero;Pilgrim's;San Luis Potos?;2.1;1.9;$70.00;;;;;;
10/1/2025;Pollo tipo rosticero;Nutri Pollo;San Luis Potos?;1.4;1.2;$66.00;;;;;;
10/1/2025;Pollo tipo rosticero;Pilgrim's;San Luis Potos?;1.4;1.2;$66.00;;;;;;
13/1/2025;Pollo entero;Nutri Pollo;San Luis Potos?;2.1;1.9;$70.00;;;;;;
13/1/2025;Pollo entero;Pilgrim's;San Luis Potos?;2.1;1.9;$70.00;;;;;;
13/1/2025;Pollo tipo rosticero;Nutri Pollo;San Luis Potos?;1.4;1.2;$66.00;;;;;;
13/1/2025;Pollo tipo rosticero;Pilgrim's;San Luis Potos?;1.4;1.2;$66.00;;;;;;
14/1/2025;Pollo entero;Nutri Pollo;San Luis Potos?;2.1;1.9;$70.00;;;;;;
14/1/2025;Pollo entero;Pilgrim's;San Luis Potos?;2.1;1.9;$70.00;;;;;;
14/1/2025;Pollo tipo rosticero;Nutri Pollo;San Luis Potos?;1.4;1.2;$66.00;;;;;;
14/1/2025;Pollo tipo rosticero;Pilgrim's;San Luis Potos?;1.4;1.2;$66.00;;;;;;
15/1/2025;Pollo entero;Nutri Pollo;San Luis Potos?;2.1;1.9;$70.00;;;;;;
15/1/2025;Pollo entero;Pilgrim's;San Luis Potos?;2.1;1.9;$70.00;;;;;;
15/1/2025;Pollo tipo rosticero;Nutri Pollo;San Luis Potos?;1.4;1.2;$66.00;;;;;;
15/1/2025;Pollo tipo rosticero;Pilgrim's;San Luis Potos?;1.4;1.2;$66.00;;;;;;
16/1/2025;Pollo entero;Nutri Pollo;San Luis Potos?;2.1;1.9;$70.00;;;;;;
16/1/2025;Pollo entero;Pilgrim's;San Luis Potos?;2.1;1.9;$70.00;;;;;;
16/1/2025;Pollo tipo rosticero;Nutri Pollo;San Luis Potos?;1.4;1.2;$66.00;;;;;;
16/1/2025;Pollo tipo rosticero;Pilgrim's;San Luis Potos?;1.4;1.2;$66.00;;;;;;
17/1/2025;Pollo entero;Nutri Pollo;San Luis Potos?;2.1;1.9;$70.00;;;;;;
17/1/2025;Pollo entero;Pilgrim's;San Luis Potos?;2.1;1.9;$70.00;;;;;;
17/1/2025;Pollo tipo rosticero;Nutri Pollo;San Luis Potos?;1.4;1.2;$66.00;;;;;;
17/1/2025;Pollo tipo rosticero;Pilgrim's;San Luis Potos?;1.4;1.2;$66.00;;;;;;
20/1/2025;Pollo entero;Nutri Pollo;San Luis Potos?;2.1;1.9;$70.00;;;;;;
20/1/2025;Pollo entero;Pilgrim's;San Luis Potos?;2.1;1.9;$70.00;;;;;;
20/1/2025;Pollo tipo rosticero;Nutri Pollo;San Luis Potos?;1.4;1.2;$66.00;;;;;;
20/1/2025;Pollo tipo rosticero;Pilgrim's;San Luis Potos?;1.4;1.2;$66.00;;;;;;
21/1/2025;Pollo entero;Nutri Pollo;San Luis Potos?;2.1;1.9;$70.00;;;;;;
21/1/2025;Pollo entero;Pilgrim's;San Luis Potos?;2.1;1.9;$70.00;;;;;;
21/1/2025;Pollo tipo rosticero;Nutri Pollo;San Luis Potos?;1.4;1.2;$66.00;;;;;;
21/1/2025;Pollo tipo rosticero;Pilgrim's;San Luis Potos?;1.4;1.2;$66.00;;;;;;
22/1/2025;Pollo entero;Nutri Pollo;San Luis Potos?;2.1;1.9;$70.00;;;;;;
22/1/2025;Pollo entero;Pilgrim's;San Luis Potos?;2.1;1.9;$70.00;;;;;;
22/1/2025;Pollo tipo rosticero;Nutri Pollo;San Luis Potos?;1.4;1.2;$66.00;;;;;;
22/1/2025;Pollo tipo rosticero;Pilgrim's;San Luis Potos?;1.4;1.2;$66.00;;;;;;
23/1/2025;Pollo entero;Nutri Pollo;San Luis Potos?;2.1;1.9;$70.00;;;;;;
23/1/2025;Pollo entero;Pilgrim's;San Luis Potos?;2.1;1.9;$70.00;;;;;;
23/1/2025;Pollo tipo rosticero;Nutri Pollo;San Luis Potos?;1.4;1.2;$66.00;;;;;;
23/1/2025;Pollo tipo rosticero;Pilgrim's;San Luis Potos?;1.4;1.2;$66.00;;;;;;
24/1/2025;Pollo entero;Nutri Pollo;San Luis Potos?;2.1;1.9;$70.00;;;;;;
24/1/2025;Pollo entero;Pilgrim's;San Luis Potos?;2.1;1.9;$70.00;;;;;;
24/1/2025;Pollo tipo rosticero;Nutri Pollo;San Luis Potos?;1.4;1.2;$66.00;;;;;;
24/1/2025;Pollo tipo rosticero;Pilgrim's;San Luis Potos?;1.4;1.2;$66.00;;;;;;
27/1/2025;Pollo entero;Nutri Pollo;San Luis Potos?;2.1;1.9;$70.00;;;;;;
27/1/2025;Pollo entero;Pilgrim's;San Luis Potos?;2.1;1.9;$70.00;;;;;;
27/1/2025;Pollo tipo rosticero;Nutri Pollo;San Luis Potos?;1.4;1.2;$66.00;;;;;;
27/1/2025;Pollo tipo rosticero;Pilgrim's;San Luis Potos?;1.4;1.2;$66.00;;;;;;
28/1/2025;Pollo entero;Nutri Pollo;San Luis Potos?;2.1;1.9;$70.00;;;;;;
28/1/2025;Pollo entero;Pilgrim's;San Luis Potos?;2.1;1.9;$70.00;;;;;;
28/1/2025;Pollo tipo rosticero;Nutri Pollo;San Luis Potos?;1.4;1.2;$66.00;;;;;;
28/1/2025;Pollo tipo rosticero;Pilgrim's;San Luis Potos?;1.4;1.2;$66.00;;;;;;
29/1/2025;Pollo entero;Nutri Pollo;San Luis Potos?;2.1;1.9;$70.00;;;;;;
29/1/2025;Pollo entero;Pilgrim's;San Luis Potos?;2.1;1.9;$70.00;;;;;;
29/1/2025;Pollo tipo rosticero;Nutri Pollo;San Luis Potos?;1.4;1.2;$66.00;;;;;;
29/1/2025;Pollo tipo rosticero;Pilgrim's;San Luis Potos?;1.4;1.2;$66.00;;;;;;
30/1/2025;Pollo entero;Nutri Pollo;San Luis Potos?;2.1;1.9;$70.00;;;;;;
30/1/2025;Pollo entero;Pilgrim's;San Luis Potos?;2.1;1.9;$70.00;;;;;;
30/1/2025;Pollo tipo rosticero;Nutri Pollo;San Luis Potos?;1.4;1.2;$66.00;;;;;;
30/1/2025;Pollo tipo rosticero;Pilgrim's;San Luis Potos?;1.4;1.2;$66.00;;;;;;
31/1/2025;Pollo entero;Nutri Pollo;San Luis Potos?;2.1;1.9;$70.00;;;;;;
31/1/2025;Pollo entero;Pilgrim's;San Luis Potos?;2.1;1.9;$70.00;;;;;;
31/1/2025;Pollo tipo rosticero;Nutri Pollo;San Luis Potos?;1.4;1.2;$66.00;;;;;;
31/1/2025;Pollo tipo rosticero;Pilgrim's;San Luis Potos?;1.4;1.2;$66.00;;;;;;
;;;;;;;;;;;;
B.C.S: Diversos establecimientos de La Paz;;;;;;;;;;;;
4/2/2025;Pollo entero;Bachoco;Baja California Sur;-;-;$67.00;;;;;;
5/2/2025;Pollo entero;Bachoco;Baja California Sur;-;-;$67.00;;;;;;
6/2/2025;Pollo entero;Bachoco;Baja California Sur;-;-;$67.00;;;;;;
7/2/2025;Pollo entero;Bachoco;Baja California Sur;-;-;$67.00;;;;;;
10/2/2025;Pollo entero;Bachoco;Baja California Sur;-;-;$67.00;;;;;;
11/2/2025;Pollo entero;Bachoco;Baja California Sur;-;-;$67.00;;;;;;
12/2/2025;Pollo entero;Bachoco;Baja California Sur;-;-;$67.00;;;;;;
13/2/2025;Pollo entero;Bachoco;Baja California Sur;-;-;$67.00;;;;;;
14/2/2025;Pollo entero;Bachoco;Baja California Sur;-;-;$67.00;;;;;;
17/2/2025;Pollo entero;Bachoco;Baja California Sur;-;-;$67.00;;;;;;
19/2/2025;Pollo entero;Bachoco;Baja California Sur;-;-;$67.00;;;;;;
20/2/2025;Pollo entero;Bachoco;Baja California Sur;-;-;$67.00;;;;;;
21/2/2025;Pollo entero;Bachoco;Baja California Sur;-;-;$67.00;;;;;;
24/2/2025;Pollo entero;Bachoco;Baja California Sur;-;-;$67.00;;;;;;
25/2/2025;Pollo entero;Bachoco;Baja California Sur;-;-;$67.00;;;;;;
26/2/2025;Pollo entero;Bachoco;Baja California Sur;-;-;$67.00;;;;;;
27/2/2025;Pollo entero;Bachoco;Baja California Sur;-;-;$67.00;;;;;;
28/2/2025;Pollo entero;Bachoco;Baja California Sur;-;-;$67.00;;;;;;
D.F. : Centro de distribuci?n Becerra;;;;;;;;;;;;
4/2/2025;Gallina;Sin marca;Coahuila;3.6;3.3;$60.00;;;;;;
4/2/2025;Pollo entero;Bachoco;Guanajuato;3.5;2.65;$70.00;;;;;;
4/2/2025;Pollo entero;Otros;Veracruz;3.5;2.65;$69.50;;;;;;
4/2/2025;Pollo entero;Pilgrim's;Quer?taro;3.5;2.65;$69.70;;;;;;
4/2/2025;Pollo entero;Tyson;Coahuila;3.5;2.65;$69.90;;;;;;
4/2/2025;Pollo tipo rosticero;Bachoco;Guanajuato;2.7;1.8;$71.00;;;;;;
5/2/2025;Gallina;Sin marca;Chiapas;3.6;3.3;$60.00;;;;;;
5/2/2025;Pollo entero;Bachoco;Guanajuato;3.5;2.65;$70.00;;;;;;
5/2/2025;Pollo entero;Otros;Veracruz;3.5;2.65;$69.50;;;;;;
5/2/2025;Pollo entero;Pilgrim's;Quer?taro;3.5;2.65;$69.70;;;;;;
5/2/2025;Pollo entero;Tyson;Coahuila;3.5;2.65;$69.90;;;;;;
5/2/2025;Pollo tipo rosticero;Bachoco;Guanajuato;2.7;1.8;$71.00;;;;;;
6/2/2025;Gallina;Sin marca;Veracruz;3.6;3.3;$60.00;;;;;;
6/2/2025;Pollo entero;Bachoco;Guanajuato;3.5;2.65;$70.00;;;;;;
6/2/2025;Pollo entero;Otros;Veracruz;3.5;2.65;$69.40;;;;;;
6/2/2025;Pollo entero;Pilgrim's;Quer?taro;3.5;2.65;$69.60;;;;;;
6/2/2025;Pollo entero;Tyson;Coahuila;3.5;2.65;$69.80;;;;;;
6/2/2025;Pollo tipo rosticero;Bachoco;Guanajuato;2.7;1.8;$71.00;;;;;;
7/2/2025;Gallina;Sin marca;Sinaloa;3.6;3.3;$60.00;;;;;;
7/2/2025;Pollo entero;Bachoco;Guanajuato;3.5;2.65;$70.00;;;;;;
7/2/2025;Pollo entero;Otros;Veracruz;3.5;2.65;$69.40;;;;;;
7/2/2025;Pollo entero;Pilgrim's;Quer?taro;3.5;2.65;$69.60;;;;;;
7/2/2025;Pollo entero;Tyson;Coahuila;3.5;2.65;$69.80;;;;;;
7/2/2025;Pollo tipo rosticero;Bachoco;Guanajuato;2.7;1.8;$71.00;;;;;;
10/2/2025;Gallina;Sin marca;Coahuila;3.6;3.3;$60.00;;;;;;
10/2/2025;Pollo entero;Bachoco;Guanajuato;3.5;2.65;$70.00;;;;;;
10/2/2025;Pollo entero;Otros;Veracruz;3.5;2.65;$69.40;;;;;;
10/2/2025;Pollo entero;Pilgrim's;Quer?taro;3.5;2.65;$69.60;;;;;;
10/2/2025;Pollo entero;Tyson;Coahuila;3.5;2.65;$69.80;;;;;;
10/2/2025;Pollo tipo rosticero;Bachoco;Guanajuato;2.7;1.8;$71.00;;;;;;
11/2/2025;Gallina;Sin marca;Morelos;3.6;3.3;$58.00;;;;;;
11/2/2025;Pollo entero;Bachoco;Guanajuato;3.5;2.65;$68.00;;;;;;
11/2/2025;Pollo entero;Otros;Veracruz;3.5;2.65;$67.40;;;;;;
11/2/2025;Pollo entero;Pilgrim's;Quer?taro;3.5;2.65;$67.60;;;;;;
11/2/2025;Pollo entero;Tyson;Coahuila;3.5;2.65;$67.80;;;;;;
11/2/2025;Pollo tipo rosticero;Bachoco;Guanajuato;2.7;1.8;$69.00;;;;;;
12/2/2025;Gallina;Sin marca;Jalisco;3.6;3.3;$58.00;;;;;;
12/2/2025;Pollo entero;Bachoco;Guanajuato;3.5;2.65;$66.00;;;;;;
12/2/2025;Pollo entero;Otros;Veracruz;3.5;2.65;$65.40;;;;;;
12/2/2025;Pollo entero;Pilgrim's;Quer?taro;3.5;2.65;$65.60;;;;;;
12/2/2025;Pollo entero;Tyson;Coahuila;3.5;2.65;$65.80;;;;;;
12/2/2025;Pollo tipo rosticero;Bachoco;Guanajuato;2.7;1.8;$67.00;;;;;;
13/2/2025;Gallina;Sin marca;Morelos;3.6;3.3;$58.00;;;;;;
13/2/2025;Pollo entero;Bachoco;Guanajuato;3.5;2.65;$66.00;;;;;;
13/2/2025;Pollo entero;Otros;Veracruz;3.5;2.65;$65.40;;;;;;
13/2/2025;Pollo entero;Pilgrim's;Quer?taro;3.5;2.65;$65.60;;;;;;
13/2/2025;Pollo entero;Tyson;Coahuila;3.5;2.65;$65.80;;;;;;
13/2/2025;Pollo tipo rosticero;Bachoco;Guanajuato;2.7;1.8;$67.00;;;;;;
14/2/2025;Gallina;Sin marca;Sinaloa;3.6;3.3;$56.00;;;;;;
14/2/2025;Pollo entero;Bachoco;Guanajuato;3.5;2.65;$64.00;;;;;;
14/2/2025;Pollo entero;Otros;Veracruz;3.5;2.65;$63.40;;;;;;
14/2/2025;Pollo entero;Pilgrim's;Quer?taro;3.5;2.65;$63.60;;;;;;
14/2/2025;Pollo entero;Tyson;Coahuila;3.5;2.65;$63.80;;;;;;
14/2/2025;Pollo tipo rosticero;Bachoco;Guanajuato;2.7;1.8;$65.00;;;;;;
17/2/2025;Gallina;Sin marca;Coahuila;3.6;3.3;$56.00;;;;;;
17/2/2025;Pollo entero;Bachoco;Guanajuato;3.5;2.65;$62.00;;;;;;
17/2/2025;Pollo entero;Otros;Veracruz;3.5;2.65;$61.40;;;;;;
17/2/2025;Pollo entero;Pilgrim's;Quer?taro;3.5;2.65;$61.60;;;;;;
17/2/2025;Pollo entero;Tyson;Coahuila;3.5;2.65;$61.80;;;;;;
17/2/2025;Pollo tipo rosticero;Bachoco;Guanajuato;2.7;1.8;$63.00;;;;;;
18/2/2025;Gallina;Sin marca;Morelos;3.6;3.3;$56.00;;;;;;
18/2/2025;Pollo entero;Bachoco;Guanajuato;3.5;2.65;$62.00;;;;;;
18/2/2025;Pollo entero;Otros;Veracruz;3.5;2.65;$61.40;;;;;;
18/2/2025;Pollo entero;Pilgrim's;Quer?taro;3.5;2.65;$61.60;;;;;;
18/2/2025;Pollo entero;Tyson;Coahuila;3.5;2.65;$61.80;;;;;;
18/2/2025;Pollo tipo rosticero;Bachoco;Guanajuato;2.7;1.8;$63.00;;;;;;
19/2/2025;Gallina;Sin marca;Jalisco;3.6;3.3;$56.00;;;;;;
19/2/2025;Pollo entero;Bachoco;Guanajuato;3.5;2.65;$62.00;;;;;;
19/2/2025;Pollo entero;Otros;Veracruz;3.5;2.65;$61.40;;;;;;
19/2/2025;Pollo entero;Pilgrim's;Quer?taro;3.5;2.65;$61.60;;;;;;
19/2/2025;Pollo entero;Tyson;Coahuila;3.5;2.65;$61.80;;;;;;
19/2/2025;Pollo tipo rosticero;Bachoco;Guanajuato;2.7;1.8;$63.00;;;;;;
20/2/2025;Gallina;Sin marca;Tabasco;3.6;3.3;$56.00;;;;;;
20/2/2025;Pollo entero;Bachoco;Guanajuato;3.5;2.65;$60.00;;;;;;
20/2/2025;Pollo entero;Otros;Veracruz;3.5;2.65;$59.40;;;;;;
20/2/2025;Pollo entero;Pilgrim's;Quer?taro;3.5;2.65;$59.60;;;;;;
20/2/2025;Pollo entero;Tyson;Coahuila;3.5;2.65;$59.80;;;;;;
20/2/2025;Pollo tipo rosticero;Bachoco;Guanajuato;2.7;1.8;$61.00;;;;;;
21/2/2025;Gallina;Sin marca;Sinaloa;3.6;3.3;$56.00;;;;;;
21/2/2025;Pollo entero;Bachoco;Guanajuato;3.5;2.65;$60.00;;;;;;
21/2/2025;Pollo entero;Otros;Veracruz;3.5;2.65;$59.40;;;;;;
21/2/2025;Pollo entero;Pilgrim's;Quer?taro;3.5;2.65;$59.60;;;;;;
21/2/2025;Pollo entero;Tyson;Coahuila;3.5;2.65;$59.80;;;;;;
21/2/2025;Pollo tipo rosticero;Bachoco;Guanajuato;2.7;1.8;$61.00;;;;;;
24/2/2025;Gallina;Sin marca;Coahuila;3.6;3.3;$56.00;;;;;;
24/2/2025;Pollo entero;Bachoco;Guanajuato;3.5;2.65;$58.00;;;;;;
24/2/2025;Pollo entero;Otros;Veracruz;3.5;2.65;$57.40;;;;;;
24/2/2025;Pollo entero;Pilgrim's;Quer?taro;3.5;2.65;$57.60;;;;;;
24/2/2025;Pollo entero;Tyson;Coahuila;3.5;2.65;$57.80;;;;;;
24/2/2025;Pollo tipo rosticero;Bachoco;Guanajuato;2.7;1.8;$59.00;;;;;;
25/2/2025;Gallina;Sin marca;Veracruz;3.5;2.65;$56.00;;;;;;
25/2/2025;Pollo entero;Bachoco;Guanajuato;3.5;2.65;$58.00;;;;;;
25/2/2025;Pollo entero;Otros;Veracruz;3.5;2.65;$57.40;;;;;;
25/2/2025;Pollo entero;Pilgrim's;Quer?taro;3.5;2.65;$57.60;;;;;;
25/2/2025;Pollo entero;Tyson;Coahuila;3.5;2.65;$57.80;;;;;;
25/2/2025;Pollo tipo rosticero;Bachoco;Guanajuato;2.7;1.8;$59.00;;;;;;
26/2/2025;Gallina;Sin marca;Chiapas;3.6;3.3;$56.00;;;;;;
26/2/2025;Pollo entero;Bachoco;Guanajuato;3.5;2.65;$58.00;;;;;;
26/2/2025;Pollo entero;Otros;Veracruz;3.5;2.65;$57.40;;;;;;
26/2/2025;Pollo entero;Pilgrim's;Quer?taro;3.5;2.65;$57.60;;;;;;
26/2/2025;Pollo entero;Tyson;Coahuila;3.5;2.65;$57.80;;;;;;
26/2/2025;Pollo tipo rosticero;Bachoco;Guanajuato;2.7;1.8;$59.00;;;;;;
27/2/2025;Gallina;Sin marca;Tabasco;3.6;3.3;$56.00;;;;;;
27/2/2025;Pollo entero;Bachoco;Guanajuato;3.5;2.65;$58.00;;;;;;
27/2/2025;Pollo entero;Otros;Veracruz;3.5;2.65;$57.40;;;;;;
27/2/2025;Pollo entero;Pilgrim's;Quer?taro;3.5;2.65;$57.60;;;;;;
27/2/2025;Pollo entero;Tyson;Coahuila;3.5;2.65;$57.80;;;;;;
27/2/2025;Pollo tipo rosticero;Bachoco;Guanajuato;2.7;1.8;$59.00;;;;;;
28/2/2025;Gallina;Sin marca;San Luis Potos?;3.6;3.3;$55.00;;;;;;
28/2/2025;Pollo entero;Bachoco;Guanajuato;3.5;2.65;$58.00;;;;;;
28/2/2025;Pollo entero;Otros;Veracruz;3.5;2.65;$57.40;;;;;;
28/2/2025;Pollo entero;Pilgrim's;Quer?taro;3.5;2.65;$57.60;;;;;;
28/2/2025;Pollo entero;Tyson;Coahuila;3.5;2.65;$57.80;;;;;;
28/2/2025;Pollo tipo rosticero;Bachoco;Guanajuato;2.7;1.8;$59.00;;;;;;
D.F. : Centro de distribuci?n Nuevo San Juan;;;;;;;;;;;;
4/2/2025;Gallina;Sin marca;Veracruz;3.6;3.3;$60.00;;;;;;
4/2/2025;Pollo entero;Bachoco;Guanajuato;3.5;2.65;$69.90;;;;;;
4/2/2025;Pollo entero;Otros;Veracruz;3.5;2.65;$69.30;;;;;;
4/2/2025;Pollo entero;Pilgrim's;Quer?taro;3.5;2.65;$69.50;;;;;;
4/2/2025;Pollo entero;Tyson;Coahuila;3.5;2.65;$69.70;;;;;;
4/2/2025;Pollo tipo rosticero;Bachoco;Guanajuato;2.7;1.8;$71.00;;;;;;
5/2/2025;Gallina;Sin marca;Oaxaca;3.6;3.3;$60.00;;;;;;
5/2/2025;Pollo entero;Bachoco;Guanajuato;3.5;2.65;$69.90;;;;;;
5/2/2025;Pollo entero;Otros;Veracruz;3.5;2.65;$69.30;;;;;;
5/2/2025;Pollo entero;Pilgrim's;Quer?taro;3.5;2.65;$69.50;;;;;;
5/2/2025;Pollo entero;Tyson;Coahuila;3.5;2.65;$69.70;;;;;;
5/2/2025;Pollo tipo rosticero;Bachoco;Guanajuato;2.7;1.8;$71.00;;;;;;
6/2/2025;Gallina;Sin marca;Chiapas;3.6;3.3;$60.00;;;;;;
6/2/2025;Pollo entero;Bachoco;Guanajuato;3.5;2.65;$69.90;;;;;;
6/2/2025;Pollo entero;Otros;Veracruz;3.5;2.65;$69.30;;;;;;
6/2/2025;Pollo entero;Pilgrim's;Quer?taro;3.5;2.65;$69.50;;;;;;
6/2/2025;Pollo entero;Tyson;Coahuila;3.5;2.65;$69.70;;;;;;
6/2/2025;Pollo tipo rosticero;Bachoco;Guanajuato;2.7;1.8;$71.00;;;;;;
7/2/2025;Gallina;Sin marca;Aguascalientes;3.6;3.3;$60.00;;;;;;
7/2/2025;Pollo entero;Bachoco;Guanajuato;3.5;2.65;$69.90;;;;;;
7/2/2025;Pollo entero;Otros;Veracruz;3.5;2.65;$69.30;;;;;;
7/2/2025;Pollo entero;Pilgrim's;Quer?taro;3.5;2.65;$69.50;;;;;;
7/2/2025;Pollo entero;Tyson;Coahuila;3.5;2.65;$69.70;;;;;;
7/2/2025;Pollo tipo rosticero;Bachoco;Guanajuato;2.7;1.8;$71.00;;;;;;
10/2/2025;Gallina;Sin marca;Veracruz;3.6;3.3;$60.00;;;;;;
10/2/2025;Pollo entero;Bachoco;Guanajuato;3.5;2.65;$69.90;;;;;;
10/2/2025;Pollo entero;Otros;Veracruz;3.5;2.65;$69.30;;;;;;
10/2/2025;Pollo entero;Pilgrim's;Quer?taro;3.5;2.65;$69.50;;;;;;
10/2/2025;Pollo entero;Tyson;Coahuila;3.5;2.65;$69.70;;;;;;
10/2/2025;Pollo tipo rosticero;Bachoco;Guanajuato;2.7;1.8;$71.00;;;;;;
11/2/2025;Gallina;Sin marca;Sinaloa;3.6;3.3;$58.00;;;;;;
11/2/2025;Pollo entero;Bachoco;Guanajuato;3.5;2.65;$67.90;;;;;;
11/2/2025;Pollo entero;Otros;Veracruz;3.5;2.65;$67.30;;;;;;
11/2/2025;Pollo entero;Pilgrim's;Quer?taro;3.5;2.65;$67.50;;;;;;
11/2/2025;Pollo entero;Tyson;Coahuila;3.5;2.65;$67.70;;;;;;
11/2/2025;Pollo tipo rosticero;Bachoco;Guanajuato;2.7;1.8;$69.00;;;;;;
12/2/2025;Gallina;Sin marca;Oaxaca;3.6;3.3;$58.00;;;;;;
12/2/2025;Pollo entero;Bachoco;Guanajuato;3.5;2.65;$65.90;;;;;;
12/2/2025;Pollo entero;Otros;Veracruz;3.5;2.65;$65.30;;;;;;
12/2/2025;Pollo entero;Pilgrim's;Quer?taro;3.5;2.65;$65.50;;;;;;
12/2/2025;Pollo entero;Tyson;Coahuila;3.5;2.65;$65.70;;;;;;
12/2/2025;Pollo tipo rosticero;Bachoco;Guanajuato;2.7;1.8;$67.00;;;;;;
13/2/2025;Gallina;Sin marca;Tamaulipas;3.6;3.3;$58.00;;;;;;
13/2/2025;Pollo entero;Bachoco;Guanajuato;3.5;2.65;$65.90;;;;;;
13/2/2025;Pollo entero;Otros;Veracruz;3.5;2.65;$65.30;;;;;;
13/2/2025;Pollo entero;Pilgrim's;Quer?taro;3.5;2.65;$65.50;;;;;;
13/2/2025;Pollo entero;Tyson;Coahuila;3.5;2.65;$65.70;;;;;;
13/2/2025;Pollo tipo rosticero;Bachoco;Guanajuato;2.7;1.8;$67.00;;;;;;
14/2/2025;Gallina;Sin marca;Jalisco;3.6;33;$56.00;;;;;;
14/2/2025;Pollo entero;Bachoco;Guanajuato;3.5;2.65;$63.90;;;;;;
14/2/2025;Pollo entero;Otros;Veracruz;3.5;2.65;$63.30;;;;;;
14/2/2025;Pollo entero;Pilgrim's;Quer?taro;3.5;2.65;$63.50;;;;;;
14/2/2025;Pollo entero;Tyson;Coahuila;3.5;2.65;$63.70;;;;;;
14/2/2025;Pollo tipo rosticero;Bachoco;Guanajuato;2.7;1.8;$65.00;;;;;;
17/2/2025;Gallina;Sin marca;Veracruz;3.6;3.3;$56.00;;;;;;
17/2/2025;Pollo entero;Bachoco;Guanajuato;3.5;2.65;$61.90;;;;;;
17/2/2025;Pollo entero;Otros;Veracruz;3.5;2.65;$61.30;;;;;;
17/2/2025;Pollo entero;Pilgrim's;Quer?taro;3.5;2.65;$61.50;;;;;;
17/2/2025;Pollo entero;Tyson;Coahuila;3.5;2.65;$61.70;;;;;;
17/2/2025;Pollo tipo rosticero;Bachoco;Guanajuato;2.7;1.8;$63.00;;;;;;
18/2/2025;Gallina;Sin marca;Chiapas;3.6;3.3;$56.00;;;;;;
18/2/2025;Pollo entero;Bachoco;Guanajuato;3.5;2.65;$61.90;;;;;;
18/2/2025;Pollo entero;Otros;Veracruz;3.5;2.65;$61.30;;;;;;
18/2/2025;Pollo entero;Pilgrim's;Quer?taro;3.5;2.65;$61.50;;;;;;
18/2/2025;Pollo entero;Tyson;Coahuila;3.5;2.65;$61.70;;;;;;
18/2/2025;Pollo tipo rosticero;Bachoco;Guanajuato;2.7;1.8;$63.00;;;;;;
19/2/2025;Gallina;Sin marca;Oaxaca;3.6;3.3;$56.00;;;;;;
19/2/2025;Pollo entero;Bachoco;Guanajuato;3.5;2.65;$61.90;;;;;;
19/2/2025;Pollo entero;Otros;Veracruz;3.5;2.65;$61.30;;;;;;
19/2/2025;Pollo entero;Pilgrim's;Quer?taro;3.5;2.65;$61.50;;;;;;
19/2/2025;Pollo entero;Tyson;Coahuila;3.5;2.65;$61.70;;;;;;
19/2/2025;Pollo tipo rosticero;Bachoco;Guanajuato;2.7;1.8;$63.00;;;;;;
20/2/2025;Gallina;Sin marca;Aguascalientes;3.6;3.3;$56.00;;;;;;
20/2/2025;Pollo entero;Bachoco;Guanajuato;3.5;2.65;$59.90;;;;;;
20/2/2025;Pollo entero;Otros;Veracruz;3.5;2.65;$59.30;;;;;;
20/2/2025;Pollo entero;Pilgrim's;Quer?taro;3.5;2.65;$59.50;;;;;;
20/2/2025;Pollo entero;Tyson;Coahuila;3.5;2.65;$59.70;;;;;;
20/2/2025;Pollo tipo rosticero;Bachoco;Guanajuato;2.7;1.8;$61.00;;;;;;
21/2/2025;Gallina;Sin marca;Jalisco;3.6;3.3;$56.00;;;;;;
21/2/2025;Pollo entero;Bachoco;Guanajuato;3.5;2.65;$59.90;;;;;;
21/2/2025;Pollo entero;Otros;Veracruz;3.5;2.65;$59.30;;;;;;
21/2/2025;Pollo entero;Pilgrim's;Quer?taro;3.5;2.65;$59.50;;;;;;
21/2/2025;Pollo entero;Tyson;Coahuila;3.5;2.65;$59.70;;;;;;
21/2/2025;Pollo tipo rosticero;Bachoco;Guanajuato;2.7;1.8;$61.00;;;;;;
24/2/2025;Gallina;Sin marca;Veracruz;3.6;3.3;$56.00;;;;;;
24/2/2025;Pollo entero;Bachoco;Guanajuato;3.5;2.65;$57.90;;;;;;
24/2/2025;Pollo entero;Otros;Veracruz;3.5;2.65;$57.30;;;;;;
24/2/2025;Pollo entero;Pilgrim's;Quer?taro;3.5;2.65;$57.50;;;;;;
24/2/2025;Pollo entero;Tyson;Coahuila;3.5;2.65;$57.70;;;;;;
24/2/2025;Pollo tipo rosticero;Bachoco;Guanajuato;2.7;1.8;$59.00;;;;;;
25/2/2025;Gallina;Sin marca;Oaxaca;3.5;2.65;$56.00;;;;;;
25/2/2025;Pollo entero;Bachoco;Guanajuato;3.5;2.65;$57.90;;;;;;
25/2/2025;Pollo entero;Otros;Veracruz;3.5;2.65;$57.30;;;;;;
25/2/2025;Pollo entero;Pilgrim's;Quer?taro;3.5;2.65;$57.50;;;;;;
25/2/2025;Pollo entero;Tyson;Coahuila;3.5;2.65;$57.70;;;;;;
25/2/2025;Pollo tipo rosticero;Bachoco;Guanajuato;2.7;1.8;$59.00;;;;;;
26/2/2025;Gallina;Sin marca;Aguascalientes;3.6;3.3;$56.00;;;;;;
26/2/2025;Pollo entero;Bachoco;Guanajuato;3.5;2.65;$57.90;;;;;;
26/2/2025;Pollo entero;Otros;Veracruz;3.5;2.65;$57.30;;;;;;
26/2/2025;Pollo entero;Pilgrim's;Quer?taro;3.5;2.65;$57.50;;;;;;
26/2/2025;Pollo entero;Tyson;Coahuila;3.5;2.65;$57.70;;;;;;
26/2/2025;Pollo tipo rosticero;Bachoco;Guanajuato;2.7;1.8;$59.00;;;;;;
27/2/2025;Gallina;Sin marca;Oaxaca;3.6;3.3;$56.00;;;;;;
27/2/2025;Pollo entero;Bachoco;Guanajuato;3.5;2.65;$57.90;;;;;;
27/2/2025;Pollo entero;Otros;Veracruz;3.5;2.65;$57.30;;;;;;
27/2/2025;Pollo entero;Pilgrim's;Quer?taro;3.5;2.65;$57.50;;;;;;
27/2/2025;Pollo entero;Tyson;Coahuila;3.5;2.65;$57.70;;;;;;
27/2/2025;Pollo tipo rosticero;Bachoco;Guanajuato;2.7;1.8;$59.00;;;;;;
28/2/2025;Gallina;Sin marca;Aguascalientes;3.6;3.3;$55.00;;;;;;
28/2/2025;Pollo entero;Bachoco;Guanajuato;3.5;2.65;$57.90;;;;;;
28/2/2025;Pollo entero;Otros;Veracruz;3.5;2.65;$57.30;;;;;;
28/2/2025;Pollo entero;Pilgrim's;Quer?taro;3.5;2.65;$57.50;;;;;;
28/2/2025;Pollo entero;Tyson;Coahuila;3.5;2.65;$57.70;;;;;;
28/2/2025;Pollo tipo rosticero;Bachoco;Guanajuato;2.7;1.8;$59.00;;;;;;
D.F. : Centro de distribuci?n Ray?n;;;;;;;;;;;;
4/2/2025;Gallina;Sin marca;Guerrero;3.6;3.3;$60.00;;;;;;
4/2/2025;Pollo entero;Bachoco;Guanajuato;3.5;2.65;$69.70;;;;;;
4/2/2025;Pollo entero;Otros;Veracruz;3.5;2.65;$69.30;;;;;;
4/2/2025;Pollo entero;Pilgrim's;Quer?taro;3.5;2.65;$69.50;;;;;;
4/2/2025;Pollo tipo rosticero;Bachoco;Guanajuato;2.7;1.8;$71.00;;;;;;
5/2/2025;Gallina;Sin marca;Edo. de M?xico;3.6;3.3;$60.00;;;;;;
5/2/2025;Pollo entero;Bachoco;Guanajuato;3.5;2.65;$69.70;;;;;;
5/2/2025;Pollo entero;Otros;Veracruz;3.5;2.65;$69.30;;;;;;
5/2/2025;Pollo entero;Pilgrim's;Quer?taro;3.5;2.65;$69.50;;;;;;
5/2/2025;Pollo tipo rosticero;Bachoco;Guanajuato;2.7;1.8;$71.00;;;;;;
6/2/2025;Gallina;Sin marca;Tlaxcala;3.6;3.3;$60.00;;;;;;
6/2/2025;Pollo entero;Bachoco;Guanajuato;3.5;2.65;$69.70;;;;;;
6/2/2025;Pollo entero;Otros;Veracruz;3.5;2.65;$69.30;;;;;;
6/2/2025;Pollo entero;Pilgrim's;Quer?taro;3.5;2.65;$69.50;;;;;;
6/2/2025;Pollo tipo rosticero;Bachoco;Guanajuato;2.7;1.8;$71.00;;;;;;
7/2/2025;Gallina;Sin marca;Jalisco;3.6;3.3;$60.00;;;;;;
7/2/2025;Pollo entero;Bachoco;Guanajuato;3.5;2.65;$69.70;;;;;;
7/2/2025;Pollo entero;Otros;Veracruz;3.5;2.65;$69.30;;;;;;
7/2/2025;Pollo entero;Pilgrim's;Quer?taro;3.5;2.65;$69.50;;;;;;
7/2/2025;Pollo tipo rosticero;Bachoco;Guanajuato;2.7;1.8;$71.00;;;;;;
10/2/2025;Gallina;Sin marca;Guanajuato;3.6;3.3;$60.00;;;;;;
10/2/2025;Pollo entero;Bachoco;Guanajuato;3.5;2.65;$69.70;;;;;;
10/2/2025;Pollo entero;Otros;Veracruz;3.5;2.65;$69.30;;;;;;
10/2/2025;Pollo entero;Pilgrim's;Quer?taro;3.5;2.65;$69.50;;;;;;
10/2/2025;Pollo tipo rosticero;Bachoco;Guanajuato;2.7;1.8;$71.00;;;;;;
11/2/2025;Gallina;Sin marca;Puebla;3.6;3.3;$58.00;;;;;;
11/2/2025;Pollo entero;Bachoco;Guanajuato;3.5;2.65;$67.70;;;;;;
11/2/2025;Pollo entero;Otros;Veracruz;3.5;2.65;$67.30;;;;;;
11/2/2025;Pollo entero;Pilgrim's;Quer?taro;3.5;2.65;$67.50;;;;;;
11/2/2025;Pollo tipo rosticero;Bachoco;Guanajuato;2.7;1.8;$69.00;;;;;;
12/2/2025;Gallina;Sin marca;Puebla;3.6;3.3;$58.00;;;;;;
12/2/2025;Pollo entero;Bachoco;Guanajuato;3.5;2.65;$65.70;;;;;;
12/2/2025;Pollo entero;Otros;Veracruz;3.5;2.65;$65.30;;;;;;
12/2/2025;Pollo entero;Pilgrim's;Quer?taro;3.5;2.65;$65.50;;;;;;
12/2/2025;Pollo tipo rosticero;Bachoco;Guanajuato;2.7;1.8;$67.00;;;;;;
13/2/2025;Gallina;Sin marca;San Luis Potos?;3.6;3.3;$58.00;;;;;;
13/2/2025;Pollo entero;Bachoco;Guanajuato;3.5;2.65;$65.70;;;;;;
13/2/2025;Pollo entero;Otros;Veracruz;3.5;2.65;$65.30;;;;;;
13/2/2025;Pollo entero;Pilgrim's;Quer?taro;3.5;2.65;$65.50;;;;;;
13/2/2025;Pollo tipo rosticero;Bachoco;Guanajuato;2.7;1.8;$67.00;;;;;;
14/2/2025;Gallina;Sin marca;Guerrero;3.6;3.3;$56.00;;;;;;
14/2/2025;Pollo entero;Bachoco;Guanajuato;3.5;2.65;$63.70;;;;;;
14/2/2025;Pollo entero;Otros;Veracruz;3.5;2.65;$63.30;;;;;;
14/2/2025;Pollo entero;Pilgrim's;Quer?taro;3.5;2.65;$63.50;;;;;;
14/2/2025;Pollo tipo rosticero;Bachoco;Guanajuato;2.7;1.8;$65.00;;;;;;
17/2/2025;Gallina;Sin marca;Quer?taro;3.6;3.3;$56.00;;;;;;
17/2/2025;Pollo entero;Bachoco;Guanajuato;3.5;2.65;$61.70;;;;;;
17/2/2025;Pollo entero;Otros;Veracruz;3.5;2.65;$61.30;;;;;;
17/2/2025;Pollo entero;Pilgrim's;Quer?taro;3.5;2.65;$61.50;;;;;;
17/2/2025;Pollo tipo rosticero;Bachoco;Guanajuato;2.7;1.8;$63.00;;;;;;
18/2/2025;Gallina;Sin marca;San Luis Potos?;3.6;3.3;$56.00;;;;;;
18/2/2025;Pollo entero;Bachoco;Guanajuato;3.5;2.65;$61.70;;;;;;
18/2/2025;Pollo entero;Otros;Veracruz;3.5;2.65;$61.30;;;;;;
18/2/2025;Pollo entero;Pilgrim's;Quer?taro;3.5;2.65;$61.50;;;;;;
18/2/2025;Pollo tipo rosticero;Bachoco;Guanajuato;2.7;1.8;$63.00;;;;;;
19/2/2025;Gallina;Sin marca;Puebla;3.6;3.3;$56.00;;;;;;
19/2/2025;Pollo entero;Bachoco;Guanajuato;3.5;2.65;$61.70;;;;;;
19/2/2025;Pollo entero;Otros;Veracruz;3.5;2.65;$61.30;;;;;;
19/2/2025;Pollo entero;Pilgrim's;Quer?taro;3.5;2.65;$61.50;;;;;;
19/2/2025;Pollo tipo rosticero;Bachoco;Guanajuato;2.7;1.8;$63.00;;;;;;
20/2/2025;Gallina;Sin marca;Guanajuato;3.6;3.3;$56.00;;;;;;
20/2/2025;Pollo entero;Bachoco;Guanajuato;3.5;2.65;$59.70;;;;;;
20/2/2025;Pollo entero;Otros;Veracruz;3.5;2.65;$59.30;;;;;;
20/2/2025;Pollo entero;Pilgrim's;Quer?taro;3.5;2.65;$59.50;;;;;;
20/2/2025;Pollo tipo rosticero;Bachoco;Guanajuato;2.7;1.8;$61.00;;;;;;
21/2/2025;Gallina;Sin marca;Guerrero;3.6;3.3;$56.00;;;;;;
21/2/2025;Pollo entero;Bachoco;Guanajuato;3.5;2.65;$59.70;;;;;;
21/2/2025;Pollo entero;Otros;Veracruz;3.5;2.65;$59.30;;;;;;
21/2/2025;Pollo entero;Pilgrim's;Quer?taro;3.5;2.65;$59.50;;;;;;
21/2/2025;Pollo tipo rosticero;Bachoco;Guanajuato;2.7;1.8;$61.00;;;;;;
24/2/2025;Gallina;Sin marca;Quer?taro;3.6;3.3;$56.00;;;;;;
24/2/2025;Pollo entero;Bachoco;Guanajuato;3.5;2.65;$57.70;;;;;;
24/2/2025;Pollo entero;Otros;Veracruz;3.5;2.65;$57.30;;;;;;
24/2/2025;Pollo entero;Pilgrim's;Quer?taro;3.5;2.65;$57.50;;;;;;
24/2/2025;Pollo tipo rosticero;Bachoco;Guanajuato;2.7;1.8;$59.00;;;;;;
25/2/2025;Gallina;Sin marca;Puebla;3.6;3.3;$56.00;;;;;;
25/2/2025;Pollo entero;Bachoco;Guanajuato;3.5;2.65;$57.70;;;;;;
25/2/2025;Pollo entero;Otros;Veracruz;3.5;2.65;$57.30;;;;;;
25/2/2025;Pollo entero;Pilgrim's;Quer?taro;3.5;2.65;$57.50;;;;;;
25/2/2025;Pollo tipo rosticero;Bachoco;Guanajuato;2.7;1.8;$59.00;;;;;;
26/2/2025;Gallina;Sin marca;Coahuila;3.6;3.3;$56.00;;;;;;
26/2/2025;Pollo entero;Bachoco;Guanajuato;3.5;2.65;$57.70;;;;;;
26/2/2025;Pollo entero;Otros;Veracruz;3.5;2.65;$57.30;;;;;;
26/2/2025;Pollo entero;Pilgrim's;Quer?taro;3.5;2.65;$57.50;;;;;;
26/2/2025;Pollo tipo rosticero;Bachoco;Guanajuato;2.7;1.8;$59.00;;;;;;
27/2/2025;Gallina;Sin marca;Puebla;3.6;3.3;$56.00;;;;;;
27/2/2025;Pollo entero;Bachoco;Guanajuato;3.5;2.65;$57.70;;;;;;
27/2/2025;Pollo entero;Otros;Veracruz;3.5;2.65;$57.30;;;;;;
27/2/2025;Pollo entero;Pilgrim's;Quer?taro;3.5;2.65;$57.50;;;;;;
27/2/2025;Pollo tipo rosticero;Bachoco;Guanajuato;2.7;1.8;$59.00;;;;;;
28/2/2025;Gallina;Sin marca;Morelos;3.6;3.3;$55.00;;;;;;
28/2/2025;Pollo entero;Bachoco;Guanajuato;3.5;2.65;$57.70;;;;;;
28/2/2025;Pollo entero;Otros;Veracruz;3.5;2.65;$57.30;;;;;;
28/2/2025;Pollo entero;Pilgrim's;Quer?taro;3.5;2.65;$57.50;;;;;;
28/2/2025;Pollo tipo rosticero;Bachoco;Guanajuato;2.7;1.8;$59.00;;;;;;
D.F. : Centro de distribuci?n San Juan;;;;;;;;;;;;
4/2/2025;Gallina;Sin marca;Puebla;3.6;3.3;$60.00;;;;;;
4/2/2025;Pollo entero;Bachoco;Guanajuato;3.5;2.65;$69.50;;;;;;
4/2/2025;Pollo entero;Otros;Veracruz;3.5;2.65;$69.00;;;;;;
4/2/2025;Pollo entero;Pilgrim's;Quer?taro;3.5;2.65;$69.30;;;;;;
4/2/2025;Pollo tipo rosticero;Bachoco;Guanajuato;2.7;1.8;$71.00;;;;;;
5/2/2025;Gallina;Sin marca;Guanajuato;3.6;3.3;$60.00;;;;;;
5/2/2025;Pollo entero;Bachoco;Guanajuato;3.5;2.65;$69.50;;;;;;
5/2/2025;Pollo entero;Otros;Veracruz;3.5;2.65;$69.00;;;;;;
5/2/2025;Pollo entero;Pilgrim's;Quer?taro;3.5;2.65;$69.30;;;;;;
5/2/2025;Pollo tipo rosticero;Bachoco;Guanajuato;2.7;1.8;$71.00;;;;;;
6/2/2025;Gallina;Sin marca;Hidalgo;3.6;3.3;$60.00;;;;;;
6/2/2025;Pollo entero;Bachoco;Guanajuato;3.5;2.65;$69.50;;;;;;
6/2/2025;Pollo entero;Otros;Veracruz;3.5;2.65;$69.00;;;;;;
6/2/2025;Pollo entero;Pilgrim's;Quer?taro;3.5;2.65;$69.30;;;;;;
6/2/2025;Pollo tipo rosticero;Bachoco;Guanajuato;2.7;1.8;$71.00;;;;;;
7/2/2025;Gallina;Sin marca;Tamaulipas;3.6;3.3;$60.00;;;;;;
7/2/2025;Pollo entero;Bachoco;Guanajuato;3.5;2.65;$69.50;;;;;;
7/2/2025;Pollo entero;Otros;Veracruz;3.5;2.65;$69.00;;;;;;
7/2/2025;Pollo entero;Pilgrim's;Quer?taro;3.5;2.65;$69.30;;;;;;
7/2/2025;Pollo tipo rosticero;Bachoco;Guanajuato;2.7;1.8;$71.00;;;;;;
10/2/2025;Gallina;Sin marca;Quer?taro;3.6;3.3;$60.00;;;;;;
10/2/2025;Pollo entero;Bachoco;Guanajuato;3.5;2.65;$69.50;;;;;;
10/2/2025;Pollo entero;Otros;Veracruz;3.5;2.65;$69.00;;;;;;
10/2/2025;Pollo entero;Pilgrim's;Quer?taro;3.5;2.65;$69.30;;;;;;
10/2/2025;Pollo tipo rosticero;Bachoco;Guanajuato;2.7;1.8;$71.00;;;;;;
11/2/2025;Gallina;Sin marca;San Luis Potos?;3.6;3.3;$58.00;;;;;;
11/2/2025;Pollo entero;Bachoco;Guanajuato;3.5;2.65;$69.50;;;;;;
11/2/2025;Pollo entero;Otros;Veracruz;3.5;2.65;$67.00;;;;;;
11/2/2025;Pollo entero;Pilgrim's;Quer?taro;3.5;2.65;$67.30;;;;;;
11/2/2025;Pollo tipo rosticero;Bachoco;Guanajuato;2.7;1.8;$69.00;;;;;;
12/2/2025;Gallina;Sin marca;Hidalgo;3.6;3.3;$58.00;;;;;;
12/2/2025;Pollo entero;Bachoco;Guanajuato;3.5;2.65;$65.50;;;;;;
12/2/2025;Pollo entero;Otros;Veracruz;3.5;2.65;$65.00;;;;;;
12/2/2025;Pollo entero;Pilgrim's;Quer?taro;3.5;2.65;$65.30;;;;;;
12/2/2025;Pollo tipo rosticero;Bachoco;Guanajuato;2.7;1.8;$67.00;;;;;;
13/2/2025;Gallina;Sin marca;Aguascalientes;3.5;2.65;$58.00;;;;;;
13/2/2025;Pollo entero;Bachoco;Guanajuato;3.5;2.65;$65.50;;;;;;
13/2/2025;Pollo entero;Otros;Veracruz;3.5;2.65;$65.00;;;;;;
13/2/2025;Pollo entero;Pilgrim's;Quer?taro;3.5;2.65;$65.30;;;;;;
13/2/2025;Pollo tipo rosticero;Bachoco;Guanajuato;2.7;1.8;$67.00;;;;;;
14/2/2025;Gallina;Sin marca;Edo. de M?xico;3.6;3.3;$56.00;;;;;;
14/2/2025;Pollo entero;Bachoco;Guanajuato;3.5;2.65;$63.50;;;;;;
14/2/2025;Pollo entero;Otros;Veracruz;3.5;2.65;$63.00;;;;;;
14/2/2025;Pollo entero;Pilgrim's;Quer?taro;3.5;2.65;$63.30;;;;;;
14/2/2025;Pollo tipo rosticero;Bachoco;Guanajuato;2.7;1.8;$65.00;;;;;;
17/2/2025;Gallina;Sin marca;Guanajuato;3.6;3.3;$56.00;;;;;;
17/2/2025;Pollo entero;Bachoco;Guanajuato;3.5;2.65;$61.50;;;;;;
17/2/2025;Pollo entero;Otros;Veracruz;3.5;2.65;$61.00;;;;;;
17/2/2025;Pollo entero;Pilgrim's;Quer?taro;3.5;2.65;$61.30;;;;;;
17/2/2025;Pollo tipo rosticero;Bachoco;Guanajuato;2.7;1.8;$63.00;;;;;;
18/2/2025;Gallina;Sin marca;Edo. de M?xico;3.6;3.3;$56.00;;;;;;
18/2/2025;Pollo entero;Bachoco;Guanajuato;3.5;2.65;$61.50;;;;;;
18/2/2025;Pollo entero;Otros;Veracruz;3.5;2.65;$61.00;;;;;;
18/2/2025;Pollo entero;Pilgrim's;Quer?taro;3.5;2.65;$61.30;;;;;;
18/2/2025;Pollo tipo rosticero;Bachoco;Guanajuato;2.7;1.8;$63.00;;;;;;
19/2/2025;Gallina;Sin marca;Hidalgo;3.6;3.3;$56.00;;;;;;
19/2/2025;Pollo entero;Bachoco;Guanajuato;3.5;2.65;$61.50;;;;;;
19/2/2025;Pollo entero;Otros;Veracruz;3.5;2.65;$61.00;;;;;;
19/2/2025;Pollo entero;Pilgrim's;Quer?taro;3.5;2.65;$61.30;;;;;;
19/2/2025;Pollo tipo rosticero;Bachoco;Guanajuato;2.7;1.8;$63.00;;;;;;
20/2/2025;Gallina;Sin marca;Tlaxcala;3.6;3.3;$56.00;;;;;;
20/2/2025;Pollo entero;Bachoco;Guanajuato;3.5;2.65;$59.50;;;;;;
20/2/2025;Pollo entero;Otros;Veracruz;3.5;2.65;$59.00;;;;;;
20/2/2025;Pollo entero;Pilgrim's;Quer?taro;3.5;2.65;$59.30;;;;;;
20/2/2025;Pollo tipo rosticero;Bachoco;Guanajuato;2.7;1.8;$61.00;;;;;;
21/2/2025;Gallina;Sin marca;Hidalgo;3.6;3.3;$56.00;;;;;;
21/2/2025;Pollo entero;Bachoco;Guanajuato;3.5;2.65;$59.50;;;;;;
21/2/2025;Pollo entero;Otros;Veracruz;3.5;2.65;$59.00;;;;;;
21/2/2025;Pollo entero;Pilgrim's;Quer?taro;3.5;2.65;$59.30;;;;;;
21/2/2025;Pollo tipo rosticero;Bachoco;Guanajuato;2.7;1.8;$61.00;;;;;;
24/2/2025;Gallina;Sin marca;Guanajuato;3.6;3.3;$56.00;;;;;;
24/2/2025;Pollo entero;Bachoco;Guanajuato;3.5;2.65;$57.50;;;;;;
24/2/2025;Pollo entero;Otros;Veracruz;3.5;2.65;$57.00;;;;;;
24/2/2025;Pollo entero;Pilgrim's;Quer?taro;3.5;2.65;$57.30;;;;;;
24/2/2025;Pollo tipo rosticero;Bachoco;Guanajuato;2.7;1.8;$59.00;;;;;;
25/2/2025;Gallina;Sin marca;Hidalgo;3.6;3.3;$56.00;;;;;;
25/2/2025;Pollo entero;Bachoco;Guanajuato;3.5;2.65;$57.50;;;;;;
25/2/2025;Pollo entero;Otros;Veracruz;3.5;2.65;$57.00;;;;;;
25/2/2025;Pollo entero;Pilgrim's;Quer?taro;3.5;2.65;$57.30;;;;;;
25/2/2025;Pollo tipo rosticero;Bachoco;Guanajuato;2.7;1.8;$59.00;;;;;;
26/2/2025;Gallina;Sin marca;Colima;3.6;3.3;$56.00;;;;;;
26/2/2025;Pollo entero;Bachoco;Guanajuato;3.5;2.65;$57.50;;;;;;
26/2/2025;Pollo entero;Otros;Veracruz;3.5;2.65;$57.00;;;;;;
26/2/2025;Pollo entero;Pilgrim's;Quer?taro;3.5;2.65;$57.30;;;;;;
26/2/2025;Pollo tipo rosticero;Bachoco;Guanajuato;2.7;1.8;$59.00;;;;;;
27/2/2025;Gallina;Sin marca;Tlaxcala;3.6;3.3;$56.00;;;;;;
27/2/2025;Pollo entero;Bachoco;Guanajuato;2.7;1.8;$57.50;;;;;;
27/2/2025;Pollo entero;Otros;Veracruz;3.5;2.65;$57.00;;;;;;
27/2/2025;Pollo entero;Pilgrim's;Quer?taro;3.5;2.65;$57.30;;;;;;
27/2/2025;Pollo tipo rosticero;Bachoco;Guanajuato;2.7;1.8;$59.00;;;;;;
28/2/2025;Gallina;Sin marca;Guerrero;3.6;3.3;$55.00;;;;;;
28/2/2025;Pollo entero;Bachoco;Guanajuato;3.5;2.65;$57.50;;;;;;
28/2/2025;Pollo entero;Otros;Veracruz;3.5;2.65;$57.00;;;;;;
28/2/2025;Pollo entero;Pilgrim's;Quer?taro;3.5;2.65;$57.30;;;;;;
28/2/2025;Pollo tipo rosticero;Bachoco;Guanajuato;2.7;1.8;$59.00;;;;;;
Qro. : Centros de distribuci?n de Quer?taro;;;;;;;;;;;;
4/2/2025;Pollo entero;Pilgrim's;Quer?taro;2.7;2.5;$65.00;;;;;;
5/2/2025;Pollo entero;Pilgrim's;Quer?taro;2.7;2.5;$65.00;;;;;;
6/2/2025;Pollo entero;Pilgrim's;Quer?taro;2.7;2.5;$65.00;;;;;;
7/2/2025;Pollo entero;Pilgrim's;Quer?taro;2.7;2.5;$65.00;;;;;;
10/2/2025;Pollo entero;Pilgrim's;Quer?taro;2.7;2.5;$65.00;;;;;;
11/2/2025;Pollo entero;Pilgrim's;Quer?taro;2.7;2.5;$65.00;;;;;;
12/2/2025;Pollo entero;Pilgrim's;Quer?taro;2.7;2.5;$65.00;;;;;;
13/2/2025;Pollo entero;Pilgrim's;Quer?taro;2.7;2.5;$65.00;;;;;;
14/2/2025;Pollo entero;Pilgrim's;Quer?taro;2.7;2.5;$65.00;;;;;;
17/2/2025;Pollo entero;Pilgrim's;Quer?taro;2.7;2.5;$65.00;;;;;;
18/2/2025;Pollo entero;Pilgrim's;Quer?taro;2.7;2.5;$65.00;;;;;;
19/2/2025;Pollo entero;Pilgrim's;Quer?taro;2.7;2.5;$65.00;;;;;;
20/2/2025;Pollo entero;Pilgrim's;Quer?taro;2.7;2.5;$60.00;;;;;;
21/2/2025;Pollo entero;Pilgrim's;Quer?taro;2.7;2.5;$60.00;;;;;;
24/2/2025;Pollo entero;Pilgrim's;Quer?taro;2.7;2.5;$60.00;;;;;;
25/2/2025;Pollo entero;Pilgrim's;Quer?taro;2.7;2.5;$60.00;;;;;;
26/2/2025;Pollo entero;Pilgrim's;Quer?taro;2.7;2.5;$60.00;;;;;;
27/2/2025;Pollo entero;Pilgrim's;Quer?taro;2.7;2.5;$57.00;;;;;;
28/2/2025;Pollo entero;Pilgrim's;Quer?taro;2.7;2.5;$57.00;;;;;;
Zac: Mercado de Abasto de Zacatecas;;;;;;;;;;;;
4/2/2025;Pollo entero;Nutri Pollo;San Luis Potos?;2.1;1.9;$70.00;;;;;;
4/2/2025;Pollo entero;Pilgrim's;San Luis Potos?;2.1;1.9;$70.00;;;;;;
4/2/2025;Pollo tipo rosticero;Nutri Pollo;San Luis Potos?;1.4;1.2;$66.00;;;;;;
4/2/2025;Pollo tipo rosticero;Pilgrim's;San Luis Potos?;1.4;1.2;$66.00;;;;;;
5/2/2025;Pollo entero;Nutri Pollo;San Luis Potos?;2.1;1.9;$70.00;;;;;;
5/2/2025;Pollo entero;Pilgrim's;San Luis Potos?;2.1;1.9;$70.00;;;;;;
5/2/2025;Pollo tipo rosticero;Nutri Pollo;San Luis Potos?;1.4;1.2;$66.00;;;;;;
5/2/2025;Pollo tipo rosticero;Pilgrim's;San Luis Potos?;1.4;1.2;$66.00;;;;;;
6/2/2025;Pollo entero;Nutri Pollo;San Luis Potos?;2.1;1.9;$70.00;;;;;;
6/2/2025;Pollo entero;Pilgrim's;San Luis Potos?;2.1;1.9;$70.00;;;;;;
6/2/2025;Pollo tipo rosticero;Nutri Pollo;San Luis Potos?;1.4;1.2;$66.00;;;;;;
6/2/2025;Pollo tipo rosticero;Pilgrim's;San Luis Potos?;1.4;1.2;$66.00;;;;;;
7/2/2025;Pollo entero;Nutri Pollo;San Luis Potos?;2.1;1.9;$70.00;;;;;;
7/2/2025;Pollo entero;Pilgrim's;San Luis Potos?;2.1;1.9;$70.00;;;;;;
7/2/2025;Pollo tipo rosticero;Nutri Pollo;San Luis Potos?;1.4;1.2;$66.00;;;;;;
7/2/2025;Pollo tipo rosticero;Pilgrim's;San Luis Potos?;1.4;1.2;$66.00;;;;;;
10/2/2025;Pollo entero;Nutri Pollo;San Luis Potos?;2.1;1.9;$70.00;;;;;;
10/2/2025;Pollo entero;Pilgrim's;San Luis Potos?;2.1;1.9;$70.00;;;;;;
10/2/2025;Pollo tipo rosticero;Nutri Pollo;San Luis Potos?;1.4;1.2;$66.00;;;;;;
10/2/2025;Pollo tipo rosticero;Pilgrim's;San Luis Potos?;1.4;1.2;$66.00;;;;;;
11/2/2025;Pollo entero;Nutri Pollo;San Luis Potos?;2.1;1.9;$70.00;;;;;;
11/2/2025;Pollo entero;Pilgrim's;San Luis Potos?;2.1;1.9;$70.00;;;;;;
11/2/2025;Pollo tipo rosticero;Nutri Pollo;San Luis Potos?;1.4;1.2;$66.00;;;;;;
11/2/2025;Pollo tipo rosticero;Pilgrim's;San Luis Potos?;1.4;1.2;$66.00;;;;;;
12/2/2025;Pollo entero;Nutri Pollo;San Luis Potos?;2.1;1.9;$70.00;;;;;;
12/2/2025;Pollo entero;Pilgrim's;San Luis Potos?;2.1;1.9;$70.00;;;;;;
12/2/2025;Pollo tipo rosticero;Nutri Pollo;San Luis Potos?;1.4;1.2;$66.00;;;;;;
12/2/2025;Pollo tipo rosticero;Pilgrim's;San Luis Potos?;1.4;1.2;$66.00;;;;;;
13/2/2025;Pollo entero;Nutri Pollo;San Luis Potos?;2.1;1.9;$70.00;;;;;;
13/2/2025;Pollo entero;Pilgrim's;San Luis Potos?;2.1;1.9;$70.00;;;;;;
13/2/2025;Pollo tipo rosticero;Nutri Pollo;San Luis Potos?;1.4;1.2;$66.00;;;;;;
13/2/2025;Pollo tipo rosticero;Pilgrim's;San Luis Potos?;1.4;1.2;$66.00;;;;;;
14/2/2025;Pollo entero;Nutri Pollo;San Luis Potos?;2.1;1.9;$70.00;;;;;;
14/2/2025;Pollo entero;Pilgrim's;San Luis Potos?;2.1;1.9;$70.00;;;;;;
14/2/2025;Pollo tipo rosticero;Nutri Pollo;San Luis Potos?;1.4;1.2;$66.00;;;;;;
14/2/2025;Pollo tipo rosticero;Pilgrim's;San Luis Potos?;1.4;1.2;$66.00;;;;;;
17/2/2025;Pollo entero;Nutri Pollo;San Luis Potos?;2.1;1.9;$70.00;;;;;;
17/2/2025;Pollo entero;Pilgrim's;San Luis Potos?;2.1;1.9;$70.00;;;;;;
17/2/2025;Pollo tipo rosticero;Nutri Pollo;San Luis Potos?;1.4;1.2;$66.00;;;;;;
17/2/2025;Pollo tipo rosticero;Pilgrim's;San Luis Potos?;1.4;1.2;$66.00;;;;;;
18/2/2025;Pollo entero;Nutri Pollo;San Luis Potos?;2.1;1.9;$70.00;;;;;;
18/2/2025;Pollo entero;Pilgrim's;San Luis Potos?;2.1;1.9;$70.00;;;;;;
18/2/2025;Pollo tipo rosticero;Nutri Pollo;San Luis Potos?;1.4;1.2;$66.00;;;;;;
18/2/2025;Pollo tipo rosticero;Pilgrim's;San Luis Potos?;1.4;1.2;$66.00;;;;;;
19/2/2025;Pollo entero;Nutri Pollo;San Luis Potos?;2.1;1.9;$70.00;;;;;;
19/2/2025;Pollo entero;Pilgrim's;San Luis Potos?;2.1;1.9;$70.00;;;;;;
19/2/2025;Pollo tipo rosticero;Nutri Pollo;San Luis Potos?;1.4;1.2;$64.00;;;;;;
19/2/2025;Pollo tipo rosticero;Pilgrim's;San Luis Potos?;1.4;1.2;$64.00;;;;;;
20/2/2025;Pollo entero;Nutri Pollo;San Luis Potos?;2.1;1.9;$70.00;;;;;;
20/2/2025;Pollo entero;Pilgrim's;San Luis Potos?;2.1;1.9;$70.00;;;;;;
20/2/2025;Pollo tipo rosticero;Nutri Pollo;San Luis Potos?;1.4;1.2;$64.00;;;;;;
20/2/2025;Pollo tipo rosticero;Pilgrim's;San Luis Potos?;1.4;1.2;$64.00;;;;;;
21/2/2025;Pollo entero;Nutri Pollo;San Luis Potos?;2.1;1.9;$70.00;;;;;;
21/2/2025;Pollo entero;Pilgrim's;San Luis Potos?;2.1;1.9;$70.00;;;;;;
21/2/2025;Pollo tipo rosticero;Nutri Pollo;San Luis Potos?;1.4;1.2;$64.00;;;;;;
21/2/2025;Pollo tipo rosticero;Pilgrim's;San Luis Potos?;1.4;1.2;$64.00;;;;;;
24/2/2025;Pollo entero;Nutri Pollo;San Luis Potos?;2.1;1.9;$70.00;;;;;;
24/2/2025;Pollo entero;Pilgrim's;San Luis Potos?;2.1;1.9;$70.00;;;;;;
24/2/2025;Pollo tipo rosticero;Nutri Pollo;San Luis Potos?;1.4;1.2;$64.00;;;;;;
24/2/2025;Pollo tipo rosticero;Pilgrim's;San Luis Potos?;1.4;1.2;$64.00;;;;;;
25/2/2025;Pollo entero;Nutri Pollo;San Luis Potos?;2.1;1.9;$70.00;;;;;;
25/2/2025;Pollo entero;Pilgrim's;San Luis Potos?;2.1;1.9;$70.00;;;;;;
25/2/2025;Pollo tipo rosticero;Nutri Pollo;San Luis Potos?;1.4;1.2;$64.00;;;;;;
25/2/2025;Pollo tipo rosticero;Pilgrim's;San Luis Potos?;1.4;1.2;$64.00;;;;;;
26/2/2025;Pollo entero;Nutri Pollo;San Luis Potos?;2.1;1.9;$70.00;;;;;;
26/2/2025;Pollo entero;Pilgrim's;San Luis Potos?;2.1;1.9;$70.00;;;;;;
26/2/2025;Pollo tipo rosticero;Nutri Pollo;San Luis Potos?;1.4;1.2;$64.00;;;;;;
26/2/2025;Pollo tipo rosticero;Pilgrim's;San Luis Potos?;1.4;1.2;$64.00;;;;;;
27/2/2025;Pollo entero;Nutri Pollo;San Luis Potos?;2.1;1.9;$70.00;;;;;;
27/2/2025;Pollo entero;Pilgrim's;San Luis Potos?;2.1;1.9;$70.00;;;;;;
27/2/2025;Pollo tipo rosticero;Nutri Pollo;San Luis Potos?;1.4;1.2;$64.00;;;;;;
27/2/2025;Pollo tipo rosticero;Pilgrim's;San Luis Potos?;1.4;1.2;$64.00;;;;;;
28/2/2025;Pollo entero;Nutri Pollo;San Luis Potos?;2.1;1.9;$70.00;;;;;;
28/2/2025;Pollo entero;Pilgrim's;San Luis Potos?;2.1;1.9;$70.00;;;;;;
28/2/2025;Pollo tipo rosticero;Nutri Pollo;San Luis Potos?;1.4;1.2;$64.00;;;;;;
28/2/2025;Pollo tipo rosticero;Pilgrim's;San Luis Potos?;1.4;1.2;$64.00;;;;;;
;;;;;;;;;;;;
B.C.S: Diversos establecimientos de La Paz;;;;;;;;;;;;
3/3/2025;Pollo entero;Bachoco;Baja California Sur;-;-;$67.00;;;;;;
4/3/2025;Pollo entero;Bachoco;Baja California Sur;-;-;$67.00;;;;;;
5/3/2025;Pollo entero;Bachoco;Baja California Sur;-;-;$67.00;;;;;;
6/3/2025;Pollo entero;Bachoco;Baja California Sur;-;-;$67.00;;;;;;
7/3/2025;Pollo entero;Bachoco;Baja California Sur;-;-;$67.00;;;;;;
10/3/2025;Pollo entero;Bachoco;Baja California Sur;-;-;$67.00;;;;;;
D.F. : Centro de distribuci?n Becerra;;;;;;;;;;;;
3/3/2025;Gallina;Sin marca;Coahuila;3.6;3.3;$57.00;;;;;;
3/3/2025;Pollo entero;Bachoco;Guanajuato;3.5;2.65;$58.00;;;;;;
3/3/2025;Pollo entero;Otros;Veracruz;3.5;2.65;$57.40;;;;;;
3/3/2025;Pollo entero;Pilgrim's;Quer?taro;3.5;2.65;$57.60;;;;;;
3/3/2025;Pollo entero;Tyson;Coahuila;3.5;2.65;$57.80;;;;;;
3/3/2025;Pollo tipo rosticero;Bachoco;Guanajuato;2.7;1.8;$59.00;;;;;;
4/3/2025;Gallina;Sin marca;Nuevo Le?n;3.6;3.3;$57.00;;;;;;
4/3/2025;Pollo entero;Bachoco;Guanajuato;3.5;2.65;$58.00;;;;;;
4/3/2025;Pollo entero;Otros;Veracruz;3.5;2.65;$57.40;;;;;;
4/3/2025;Pollo entero;Pilgrim's;Quer?taro;3.5;2.65;$57.60;;;;;;
4/3/2025;Pollo entero;Tyson;Coahuila;3.5;2.65;$57.80;;;;;;
4/3/2025;Pollo tipo rosticero;Bachoco;Guanajuato;2.7;1.8;$59.00;;;;;;
5/3/2025;Gallina;Sin marca;Chiapas;3.6;3.3;$57.00;;;;;;
5/3/2025;Pollo entero;Bachoco;Guanajuato;3.5;2.65;$57.00;;;;;;
5/3/2025;Pollo entero;Otros;Veracruz;3.5;2.65;$56.40;;;;;;
5/3/2025;Pollo entero;Pilgrim's;Quer?taro;3.5;2.65;$56.60;;;;;;
5/3/2025;Pollo entero;Tyson;Coahuila;3.5;2.65;$56.80;;;;;;
5/3/2025;Pollo tipo rosticero;Bachoco;Guanajuato;2.7;1.8;$58.00;;;;;;
6/3/2025;Gallina;Sin marca;Jalisco;3.6;3.3;$57.00;;;;;;
6/3/2025;Pollo entero;Bachoco;Guanajuato;3.5;2.65;$57.00;;;;;;
6/3/2025;Pollo entero;Otros;Veracruz;3.5;2.65;$56.40;;;;;;
6/3/2025;Pollo entero;Pilgrim's;Quer?taro;3.5;2.65;$56.60;;;;;;
6/3/2025;Pollo entero;Tyson;Coahuila;3.5;2.65;$56.80;;;;;;
6/3/2025;Pollo tipo rosticero;Bachoco;Guanajuato;2.7;1.8;$58.00;;;;;;
7/3/2025;Gallina;Sin marca;Zacatecas;3.6;3.3;$57.00;;;;;;
7/3/2025;Pollo entero;Bachoco;Guanajuato;3.5;2.65;$57.00;;;;;;
7/3/2025;Pollo entero;Otros;Veracruz;3.5;2.65;$56.40;;;;;;
7/3/2025;Pollo entero;Pilgrim's;Quer?taro;3.5;2.65;$56.60;;;;;;
7/3/2025;Pollo entero;Tyson;Coahuila;3.5;2.65;$56.80;;;;;;
7/3/2025;Pollo tipo rosticero;Bachoco;Guanajuato;2.7;1.8;$58.00;;;;;;
10/3/2025;Gallina;Sin marca;Sinaloa;3.6;3.3;$57.00;;;;;;
10/3/2025;Pollo entero;Bachoco;Guanajuato;3.5;2.65;$57.00;;;;;;
10/3/2025;Pollo entero;Otros;Veracruz;3.5;2.65;$56.40;;;;;;
10/3/2025;Pollo entero;Pilgrim's;Quer?taro;3.5;2.65;$56.60;;;;;;
10/3/2025;Pollo entero;Tyson;Coahuila;3.5;2.65;$56.80;;;;;;
10/3/2025;Pollo tipo rosticero;Bachoco;Guanajuato;2.7;1.8;$58.00;;;;;;
11/3/2025;Gallina;Sin marca;Tamaulipas;3.6;3.3;$57.00;;;;;;
11/3/2025;Pollo entero;Bachoco;Guanajuato;3.5;2.65;$57.00;;;;;;
11/3/2025;Pollo entero;Otros;Veracruz;3.5;2.65;$56.40;;;;;;
11/3/2025;Pollo entero;Pilgrim's;Quer?taro;3.5;2.65;$56.60;;;;;;
11/3/2025;Pollo entero;Tyson;Coahuila;3.5;2.65;$56.80;;;;;;
11/3/2025;Pollo tipo rosticero;Bachoco;Guanajuato;2.7;1.8;$58.00;;;;;;
12/3/2025;Gallina;Sin marca;Jalisco;3.5;2.65;$57.00;;;;;;
12/3/2025;Pollo entero;Bachoco;Guanajuato;3.5;2.65;$57.00;;;;;;
12/3/2025;Pollo entero;Otros;Veracruz;3.5;2.65;$56.40;;;;;;
12/3/2025;Pollo entero;Pilgrim's;Quer?taro;3.5;2.65;$56.60;;;;;;
12/3/2025;Pollo entero;Tyson;Coahuila;3.5;2.65;$56.80;;;;;;
12/3/2025;Pollo tipo rosticero;Bachoco;Guanajuato;2.7;1.8;$58.00;;;;;;
13/3/2025;Gallina;Sin marca;Chiapas;3.6;3.3;$57.00;;;;;;
13/3/2025;Pollo entero;Bachoco;Guanajuato;3.5;2.65;$57.00;;;;;;
13/3/2025;Pollo entero;Otros;Veracruz;3.5;2.65;$56.40;;;;;;
13/3/2025;Pollo entero;Pilgrim's;Quer?taro;3.5;2.65;$56.60;;;;;;
13/3/2025;Pollo entero;Tyson;Coahuila;3.5;2.65;$56.80;;;;;;
13/3/2025;Pollo tipo rosticero;Bachoco;Guanajuato;2.7;1.8;$58.00;;;;;;
14/3/2025;Gallina;Sin marca;Tabasco;3.6;3.3;$57.00;;;;;;
14/3/2025;Pollo entero;Bachoco;Guanajuato;3.5;2.65;$57.00;;;;;;
14/3/2025;Pollo entero;Otros;Veracruz;3.5;2.65;$56.40;;;;;;
14/3/2025;Pollo entero;Pilgrim's;Quer?taro;3.5;2.65;$56.60;;;;;;
14/3/2025;Pollo entero;Tyson;Coahuila;3.5;2.65;$56.80;;;;;;
14/3/2025;Pollo tipo rosticero;Bachoco;Guanajuato;2.7;1.8;$58.00;;;;;;
18/3/2025;Gallina;Sin marca;Coahuila;3.6;3.3;$56.00;;;;;;
18/3/2025;Pollo entero;Bachoco;Guanajuato;2.7;2.5;$57.00;;;;;;
18/3/2025;Pollo entero;Otros;Veracruz;2.6;2.4;$56.40;;;;;;
18/3/2025;Pollo entero;Pilgrim's;Quer?taro;2.7;2.5;$56.60;;;;;;
18/3/2025;Pollo entero;Tyson;Coahuila;2.7;2.5;$56.80;;;;;;
19/3/2025;Gallina;Sin marca;Tamaulipas;3.6;3.3;$56.00;;;;;;
19/3/2025;Pollo entero;Bachoco;Guanajuato;2.7;2.5;$57.00;;;;;;
19/3/2025;Pollo entero;Otros;Veracruz;2.6;2.4;$56.40;;;;;;
19/3/2025;Pollo entero;Pilgrim's;Quer?taro;2.7;2.5;$56.60;;;;;;
19/3/2025;Pollo entero;Tyson;Coahuila;2.7;2.5;$56.80;;;;;;
19/3/2025;Pollo tipo rosticero;Bachoco;Guanajuato;1.8;1.6;$58.00;;;;;;
20/3/2025;Gallina;Sin marca;Sinaloa;3.6;3.3;$54.00;;;;;;
20/3/2025;Pollo entero;Bachoco;Guanajuato;2.7;2.5;$57.00;;;;;;
20/3/2025;Pollo entero;Otros;Veracruz;2.6;2.4;$56.40;;;;;;
20/3/2025;Pollo entero;Pilgrim's;Quer?taro;2.7;2.5;$56.60;;;;;;
20/3/2025;Pollo entero;Tyson;Coahuila;2.7;2.5;$56.80;;;;;;
20/3/2025;Pollo tipo rosticero;Bachoco;Guanajuato;1.8;1.8;$58.00;;;;;;
21/3/2025;Gallina;Sin marca;Sinaloa;3.6;3.3;$54.00;;;;;;
21/3/2025;Pollo entero;Bachoco;Guanajuato;2.7;2.5;$57.00;;;;;;
21/3/2025;Pollo entero;Otros;Veracruz;2.6;2.4;$56.40;;;;;;
21/3/2025;Pollo entero;Pilgrim's;Quer?taro;2.7;2.5;$56.60;;;;;;
21/3/2025;Pollo entero;Tyson;Coahuila;2.7;2.5;$56.80;;;;;;
21/3/2025;Pollo tipo rosticero;Bachoco;Guanajuato;1.8;1.6;$58.00;;;;;;
24/3/2025;Gallina;Sin marca;Coahuila;3.6;3.3;$52.00;;;;;;
24/3/2025;Pollo entero;Bachoco;Guanajuato;3.5;2.65;$57.00;;;;;;
24/3/2025;Pollo entero;Otros;Veracruz;3.5;2.65;$56.40;;;;;;
24/3/2025;Pollo entero;Pilgrim's;Quer?taro;3.5;2.65;$56.60;;;;;;
24/3/2025;Pollo entero;Tyson;Coahuila;3.5;2.65;$56.80;;;;;;
24/3/2025;Pollo tipo rosticero;Bachoco;Guanajuato;2.7;1.8;$58.00;;;;;;
25/3/2025;Gallina;Sin marca;Zacatecas;3.6;3.3;$52.00;;;;;;
25/3/2025;Pollo entero;Bachoco;Guanajuato;3.5;2.65;$57.00;;;;;;
25/3/2025;Pollo entero;Otros;Veracruz;3.5;2.65;$56.40;;;;;;
25/3/2025;Pollo entero;Pilgrim's;Quer?taro;3.5;2.65;$56.60;;;;;;
25/3/2025;Pollo entero;Tyson;Coahuila;3.5;2.65;$56.80;;;;;;
25/3/2025;Pollo tipo rosticero;Bachoco;Guanajuato;2.7;1.8;$58.00;;;;;;
26/3/2025;Gallina;Sin marca;Jalisco;3.6;3.3;$52.00;;;;;;
26/3/2025;Pollo entero;Bachoco;Guanajuato;3.5;2.65;$57.00;;;;;;
26/3/2025;Pollo entero;Otros;Veracruz;3.5;2.65;$56.40;;;;;;
26/3/2025;Pollo entero;Pilgrim's;Quer?taro;3.5;2.65;$56.60;;;;;;
26/3/2025;Pollo entero;Tyson;Coahuila;3.5;2.65;$56.80;;;;;;
26/3/2025;Pollo tipo rosticero;Bachoco;Guanajuato;2.7;1.8;$58.00;;;;;;
27/3/2025;Gallina;Sin marca;Morelos;3.6;3.3;$52.00;;;;;;
27/3/2025;Pollo entero;Bachoco;Guanajuato;3.5;2.65;$57.00;;;;;;
27/3/2025;Pollo entero;Otros;Veracruz;3.5;2.65;$56.40;;;;;;
27/3/2025;Pollo entero;Pilgrim's;Quer?taro;3.5;2.65;$56.60;;;;;;
27/3/2025;Pollo entero;Tyson;Coahuila;3.5;2.65;$56.80;;;;;;
27/3/2025;Pollo tipo rosticero;Bachoco;Guanajuato;2.7;1.8;$58.00;;;;;;
28/3/2025;Gallina;Sin marca;Guanajuato;3.6;3.3;$52.00;;;;;;
28/3/2025;Pollo entero;Bachoco;Guanajuato;3.5;2.65;$57.00;;;;;;
28/3/2025;Pollo entero;Otros;Veracruz;3.5;2.65;$56.40;;;;;;
28/3/2025;Pollo entero;Pilgrim's;Quer?taro;3.5;2.65;$56.60;;;;;;
28/3/2025;Pollo entero;Tyson;Coahuila;3.5;2.65;$56.80;;;;;;
28/3/2025;Pollo tipo rosticero;Bachoco;Guanajuato;2.7;1.8;$58.00;;;;;;
31/3/2025;Gallina;Sin marca;Coahuila;3.6;3.3;$52.00;;;;;;
31/3/2025;Pollo entero;Bachoco;Guanajuato;3.5;2.65;$57.00;;;;;;
31/3/2025;Pollo entero;Otros;Veracruz;3.5;2.65;$56.40;;;;;;
31/3/2025;Pollo entero;Pilgrim's;Quer?taro;3.5;2.65;$56.60;;;;;;
31/3/2025;Pollo entero;Tyson;Coahuila;3.5;2.65;$56.80;;;;;;
31/3/2025;Pollo tipo rosticero;Bachoco;Guanajuato;2.7;1.8;$58.00;;;;;;
D.F. : Centro de distribuci?n Nuevo San Juan;;;;;;;;;;;;
3/3/2025;Gallina;Sin marca;Veracruz;3.6;3.3;$57.00;;;;;;
3/3/2025;Pollo entero;Bachoco;Guanajuato;3.5;2.65;$57.90;;;;;;
3/3/2025;Pollo entero;Otros;Veracruz;3.5;2.65;$57.30;;;;;;
3/3/2025;Pollo entero;Pilgrim's;Quer?taro;3.5;2.65;$57.50;;;;;;
3/3/2025;Pollo entero;Tyson;Coahuila;3.5;2.65;$57.70;;;;;;
3/3/2025;Pollo tipo rosticero;Bachoco;Guanajuato;2.7;1.8;$59.00;;;;;;
4/3/2025;Gallina;Sin marca;Oaxaca;3.6;3.3;$57.00;;;;;;
4/3/2025;Pollo entero;Bachoco;Guanajuato;3.5;2.65;$57.90;;;;;;
4/3/2025;Pollo entero;Otros;Veracruz;3.5;2.65;$57.30;;;;;;
4/3/2025;Pollo entero;Pilgrim's;Quer?taro;3.5;2.65;$57.50;;;;;;
4/3/2025;Pollo entero;Tyson;Coahuila;3.5;2.65;$57.70;;;;;;
4/3/2025;Pollo tipo rosticero;Bachoco;Guanajuato;2.7;1.8;$59.00;;;;;;
5/3/2025;Gallina;Sin marca;Veracruz;3.6;3.3;$57.00;;;;;;
5/3/2025;Pollo entero;Bachoco;Guanajuato;3.5;2.65;$56.90;;;;;;
5/3/2025;Pollo entero;Otros;Veracruz;3.5;2.65;$56.30;;;;;;
5/3/2025;Pollo entero;Pilgrim's;Quer?taro;3.5;2.65;$56.50;;;;;;
5/3/2025;Pollo entero;Tyson;Coahuila;3.5;2.65;$56.70;;;;;;
5/3/2025;Pollo tipo rosticero;Bachoco;Guanajuato;2.7;1.8;$58.00;;;;;;
6/3/2025;Gallina;Sin marca;Michoac?n;3.6;3.3;$57.00;;;;;;
6/3/2025;Pollo entero;Bachoco;Guanajuato;3.5;2.65;$56.90;;;;;;
6/3/2025;Pollo entero;Otros;Veracruz;3.5;2.65;$56.30;;;;;;
6/3/2025;Pollo entero;Pilgrim's;Quer?taro;3.5;2.65;$56.50;;;;;;
6/3/2025;Pollo entero;Tyson;Coahuila;3.5;2.65;$56.70;;;;;;
6/3/2025;Pollo tipo rosticero;Bachoco;Guanajuato;2.7;1.8;$58.00;;;;;;
7/3/2025;Gallina;Sin marca;Tamaulipas;3.6;3.3;$57.00;;;;;;
7/3/2025;Pollo entero;Bachoco;Guanajuato;3.5;2.65;$56.90;;;;;;
7/3/2025;Pollo entero;Otros;Veracruz;3.5;2.65;$56.30;;;;;;
7/3/2025;Pollo entero;Pilgrim's;Quer?taro;3.5;2.65;$56.50;;;;;;
7/3/2025;Pollo entero;Tyson;Coahuila;3.5;2.65;$56.70;;;;;;
7/3/2025;Pollo tipo rosticero;Bachoco;Guanajuato;2.7;1.8;$58.00;;;;;;
10/3/2025;Gallina;Sin marca;Edo. de M?xico;3.6;3.3;$57.00;;;;;;
10/3/2025;Pollo entero;Bachoco;Guanajuato;3.5;2.65;$56.90;;;;;;
10/3/2025;Pollo entero;Otros;Veracruz;3.5;2.65;$56.30;;;;;;
10/3/2025;Pollo entero;Pilgrim's;Quer?taro;3.5;2.65;$56.50;;;;;;
10/3/2025;Pollo entero;Tyson;Coahuila;3.5;2.65;$56.70;;;;;;
10/3/2025;Pollo tipo rosticero;Bachoco;Guanajuato;2.7;1.8;$58.00;;;;;;
11/3/2025;Gallina;Sin marca;Oaxaca;3.6;3.3;$57.00;;;;;;
11/3/2025;Pollo entero;Bachoco;Guanajuato;3.5;2.65;$56.90;;;;;;
11/3/2025;Pollo entero;Otros;Veracruz;3.5;2.65;$56.30;;;;;;
11/3/2025;Pollo entero;Pilgrim's;Quer?taro;3.5;2.65;$56.50;;;;;;
11/3/2025;Pollo entero;Tyson;Coahuila;3.5;2.65;$56.70;;;;;;
11/3/2025;Pollo tipo rosticero;Bachoco;Guanajuato;2.7;1.8;$58.00;;;;;;
12/3/2025;Gallina;Sin marca;Chiapas;3.5;2.65;$57.00;;;;;;
12/3/2025;Pollo entero;Bachoco;Guanajuato;3.5;2.65;$56.90;;;;;;
12/3/2025;Pollo entero;Otros;Veracruz;3.5;2.65;$56.30;;;;;;
12/3/2025;Pollo entero;Pilgrim's;Quer?taro;3.5;2.65;$56.50;;;;;;
12/3/2025;Pollo entero;Tyson;Coahuila;3.5;2.65;$56.70;;;;;;
12/3/2025;Pollo tipo rosticero;Bachoco;Guanajuato;2.7;1.8;$58.00;;;;;;
13/3/2025;Gallina;Sin marca;Veracruz;3.6;3.3;$57.00;;;;;;
13/3/2025;Pollo entero;Bachoco;Guanajuato;3.5;2.65;$56.90;;;;;;
13/3/2025;Pollo entero;Otros;Veracruz;3.5;2.65;$56.30;;;;;;
13/3/2025;Pollo entero;Pilgrim's;Quer?taro;3.5;2.65;$56.50;;;;;;
13/3/2025;Pollo entero;Tyson;Coahuila;3.5;2.65;$56.70;;;;;;
13/3/2025;Pollo tipo rosticero;Bachoco;Guanajuato;2.7;1.8;$58.00;;;;;;
14/3/2025;Gallina;Sin marca;Jalisco;3.6;3.3;$57.00;;;;;;
14/3/2025;Pollo entero;Bachoco;Guanajuato;3.5;2.65;$56.90;;;;;;
14/3/2025;Pollo entero;Otros;Veracruz;3.5;2.65;$56.30;;;;;;
14/3/2025;Pollo entero;Pilgrim's;Quer?taro;3.5;2.65;$56.50;;;;;;
14/3/2025;Pollo entero;Tyson;Coahuila;3.5;2.65;$56.70;;;;;;
14/3/2025;Pollo tipo rosticero;Bachoco;Guanajuato;2.7;1.8;$58.00;;;;;;
18/3/2025;Gallina;Sin marca;Veracruz;3.6;3.3;$56.00;;;;;;
18/3/2025;Pollo entero;Bachoco;Guanajuato;2.7;2.5;$56.90;;;;;;
18/3/2025;Pollo entero;Otros;Veracruz;2.6;2.4;$56.30;;;;;;
18/3/2025;Pollo entero;Pilgrim's;Quer?taro;2.7;2.5;$56.50;;;;;;
18/3/2025;Pollo entero;Tyson;Coahuila;2.7;2.5;$56.70;;;;;;
19/3/2025;Gallina;Sin marca;Chiapas;3.6;3.3;$56.00;;;;;;
19/3/2025;Pollo entero;Bachoco;Guanajuato;2.7;2.5;$56.90;;;;;;
19/3/2025;Pollo entero;Otros;Veracruz;2.6;2.4;$56.30;;;;;;
19/3/2025;Pollo entero;Pilgrim's;Quer?taro;2.7;2.5;$56.50;;;;;;
19/3/2025;Pollo entero;Tyson;Coahuila;2.7;2.5;$56.70;;;;;;
19/3/2025;Pollo tipo rosticero;Bachoco;Guanajuato;1.8;1.6;$58.00;;;;;;
20/3/2025;Gallina;Sin marca;Oaxaca;3.6;3.3;$54.00;;;;;;
20/3/2025;Pollo entero;Bachoco;Guanajuato;2.7;2.5;$56.90;;;;;;
20/3/2025;Pollo entero;Otros;Veracruz;2.6;2.4;$56.30;;;;;;
20/3/2025;Pollo entero;Pilgrim's;Quer?taro;2.7;2.5;$56.50;;;;;;
20/3/2025;Pollo entero;Tyson;Coahuila;2.7;2.5;$56.70;;;;;;
20/3/2025;Pollo tipo rosticero;Bachoco;Guanajuato;1.8;1.6;$58.00;;;;;;
21/3/2025;Gallina;Sin marca;Puebla;3.6;3.3;$54.00;;;;;;
21/3/2025;Pollo entero;Bachoco;Guanajuato;2.7;2.5;$56.90;;;;;;
21/3/2025;Pollo entero;Otros;Veracruz;2.6;2.4;$56.20;;;;;;
21/3/2025;Pollo entero;Pilgrim's;Quer?taro;2.7;2.5;$56.50;;;;;;
21/3/2025;Pollo entero;Tyson;Coahuila;2.7;2.5;$56.70;;;;;;
21/3/2025;Pollo tipo rosticero;Bachoco;Guanajuato;1.8;1.6;$58.00;;;;;;
24/3/2025;Gallina;Sin marca;Veracruz;3.6;3.3;$52.00;;;;;;
24/3/2025;Pollo entero;Bachoco;Guanajuato;3.5;2.65;$56.90;;;;;;
24/3/2025;Pollo entero;Otros;Veracruz;3.5;2.65;$56.30;;;;;;
24/3/2025;Pollo entero;Pilgrim's;Quer?taro;3.5;2.65;$56.50;;;;;;
24/3/2025;Pollo entero;Tyson;Coahuila;3.5;2.65;$56.70;;;;;;
24/3/2025;Pollo tipo rosticero;Bachoco;Guanajuato;2.7;1.8;$58.00;;;;;;
25/3/2025;Gallina;Sin marca;Oaxaca;3.6;3.3;$52.00;;;;;;
25/3/2025;Pollo entero;Bachoco;Guanajuato;3.5;2.65;$56.90;;;;;;
25/3/2025;Pollo entero;Otros;Veracruz;3.5;2.65;$56.30;;;;;;
25/3/2025;Pollo entero;Pilgrim's;Quer?taro;3.5;2.65;$56.50;;;;;;
25/3/2025;Pollo entero;Tyson;Coahuila;3.5;2.65;$56.70;;;;;;
25/3/2025;Pollo tipo rosticero;Bachoco;Guanajuato;2.7;1.8;$58.00;;;;;;
26/3/2025;Gallina;Sin marca;Chiapas;3.6;3.3;$52.00;;;;;;
26/3/2025;Pollo entero;Bachoco;Guanajuato;3.5;2.65;$56.90;;;;;;
26/3/2025;Pollo entero;Otros;Veracruz;3.5;2.65;$56.30;;;;;;
26/3/2025;Pollo entero;Pilgrim's;Quer?taro;3.5;2.65;$56.50;;;;;;
26/3/2025;Pollo entero;Tyson;Coahuila;3.5;2.65;$56.70;;;;;;
26/3/2025;Pollo tipo rosticero;Bachoco;Guanajuato;2.7;1.8;$58.00;;;;;;
27/3/2025;Gallina;Sin marca;Aguascalientes;3.6;3.3;$52.00;;;;;;
27/3/2025;Pollo entero;Bachoco;Guanajuato;3.5;2.65;$56.90;;;;;;
27/3/2025;Pollo entero;Otros;Veracruz;3.5;2.65;$56.30;;;;;;
27/3/2025;Pollo entero;Pilgrim's;Quer?taro;3.5;2.65;$56.50;;;;;;
27/3/2025;Pollo entero;Tyson;Coahuila;3.5;2.65;$56.70;;;;;;
27/3/2025;Pollo tipo rosticero;Bachoco;Guanajuato;2.7;1.8;$58.00;;;;;;
28/3/2025;Gallina;Sin marca;Tabasco;3.6;3.3;$52.00;;;;;;
28/3/2025;Pollo entero;Bachoco;Guanajuato;3.5;2.65;$56.90;;;;;;
28/3/2025;Pollo entero;Otros;Veracruz;3.5;2.65;$56.30;;;;;;
28/3/2025;Pollo entero;Pilgrim's;Quer?taro;3.5;2.65;$56.50;;;;;;
28/3/2025;Pollo entero;Tyson;Coahuila;3.5;2.65;$56.70;;;;;;
28/3/2025;Pollo tipo rosticero;Bachoco;Guanajuato;2.7;1.8;$58.00;;;;;;
31/3/2025;Gallina;Sin marca;Veracruz;3.6;3.3;$52.00;;;;;;
31/3/2025;Pollo entero;Bachoco;Guanajuato;3.5;2.65;$56.90;;;;;;
31/3/2025;Pollo entero;Otros;Veracruz;3.5;2.65;$56.30;;;;;;
31/3/2025;Pollo entero;Pilgrim's;Quer?taro;3.5;2.65;$56.50;;;;;;
31/3/2025;Pollo entero;Tyson;Coahuila;3.5;2.65;$56.70;;;;;;
31/3/2025;Pollo tipo rosticero;Bachoco;Guanajuato;2.7;1.8;$58.00;;;;;;
D.F. : Centro de distribuci?n Ray?n;;;;;;;;;;;;
3/3/2025;Gallina;Sin marca;Guanajuato;3.6;3.3;$57.00;;;;;;
3/3/2025;Pollo entero;Bachoco;Guanajuato;3.5;2.65;$57.70;;;;;;
3/3/2025;Pollo entero;Otros;Veracruz;3.5;2.65;$57.30;;;;;;
3/3/2025;Pollo entero;Pilgrim's;Quer?taro;3.5;2.65;$57.50;;;;;;
3/3/2025;Pollo tipo rosticero;Bachoco;Guanajuato;2.7;1.8;$59.00;;;;;;
4/3/2025;Gallina;Sin marca;Edo. de M?xico;3.6;3.3;$57.00;;;;;;
4/3/2025;Pollo entero;Bachoco;Guanajuato;3.5;2.65;$57.70;;;;;;
4/3/2025;Pollo entero;Otros;Veracruz;3.5;2.65;$57.30;;;;;;
4/3/2025;Pollo entero;Pilgrim's;Quer?taro;3.5;2.65;$57.50;;;;;;
4/3/2025;Pollo tipo rosticero;Bachoco;Guanajuato;2.7;1.8;$59.00;;;;;;
5/3/2025;Gallina;Sin marca;Tlaxcala;3.6;3.3;$57.00;;;;;;
5/3/2025;Pollo entero;Bachoco;Guanajuato;3.5;2.65;$56.70;;;;;;
5/3/2025;Pollo entero;Otros;Veracruz;3.5;2.65;$56.30;;;;;;
5/3/2025;Pollo entero;Pilgrim's;Quer?taro;3.5;2.65;$56.50;;;;;;
5/3/2025;Pollo tipo rosticero;Bachoco;Guanajuato;2.7;1.8;$58.00;;;;;;
6/3/2025;Gallina;Sin marca;Puebla;3.6;3.3;$57.00;;;;;;
6/3/2025;Pollo entero;Bachoco;Guanajuato;3.5;2.65;$56.70;;;;;;
6/3/2025;Pollo entero;Otros;Veracruz;3.5;2.65;$56.30;;;;;;
6/3/2025;Pollo entero;Pilgrim's;Quer?taro;3.5;2.65;$56.50;;;;;;
6/3/2025;Pollo tipo rosticero;Bachoco;Guanajuato;2.7;1.8;$58.00;;;;;;
7/3/2025;Gallina;Sin marca;Guerrero;3.6;3.3;$57.00;;;;;;
7/3/2025;Pollo entero;Bachoco;Guanajuato;3.5;2.65;$56.70;;;;;;
7/3/2025;Pollo entero;Otros;Veracruz;3.5;2.65;$56.30;;;;;;
7/3/2025;Pollo entero;Pilgrim's;Quer?taro;3.5;2.65;$56.50;;;;;;
7/3/2025;Pollo tipo rosticero;Bachoco;Guanajuato;2.7;1.8;$58.00;;;;;;
10/3/2025;Gallina;Sin marca;Guanajuato;3.6;3.3;$57.00;;;;;;
10/3/2025;Pollo entero;Bachoco;Guanajuato;3.5;2.65;$56.70;;;;;;
10/3/2025;Pollo entero;Otros;Veracruz;3.5;2.65;$56.30;;;;;;
10/3/2025;Pollo entero;Pilgrim's;Quer?taro;3.5;2.65;$56.50;;;;;;
10/3/2025;Pollo tipo rosticero;Bachoco;Guanajuato;2.7;1.8;$58.00;;;;;;
11/3/2025;Gallina;Sin marca;Tlaxcala;3.6;3.3;$57.00;;;;;;
11/3/2025;Pollo entero;Bachoco;Guanajuato;3.5;2.65;$56.70;;;;;;
11/3/2025;Pollo entero;Otros;Veracruz;3.5;2.65;$56.30;;;;;;
11/3/2025;Pollo entero;Pilgrim's;Quer?taro;3.5;2.65;$56.50;;;;;;
11/3/2025;Pollo tipo rosticero;Bachoco;Guanajuato;2.7;1.8;$58.00;;;;;;
12/3/2025;Gallina;Sin marca;Puebla;3.6;3.3;$57.00;;;;;;
12/3/2025;Pollo entero;Bachoco;Guanajuato;3.5;2.65;$56.70;;;;;;
12/3/2025;Pollo entero;Otros;Veracruz;3.5;2.65;$56.30;;;;;;
12/3/2025;Pollo entero;Pilgrim's;Quer?taro;3.5;2.65;$56.30;;;;;;
12/3/2025;Pollo tipo rosticero;Bachoco;Guanajuato;2.7;1.8;$58.00;;;;;;
13/3/2025;Gallina;Sin marca;Coahuila;3.6;3.3;$57.00;;;;;;
13/3/2025;Pollo entero;Bachoco;Guanajuato;3.5;2.65;$56.70;;;;;;
13/3/2025;Pollo entero;Otros;Veracruz;3.5;2.65;$56.30;;;;;;
13/3/2025;Pollo entero;Pilgrim's;Quer?taro;3.5;2.65;$56.50;;;;;;
13/3/2025;Pollo tipo rosticero;Bachoco;Guanajuato;2.7;1.8;$58.00;;;;;;
14/3/2025;Gallina;Sin marca;Sinaloa;3.6;3.3;$57.00;;;;;;
14/3/2025;Pollo entero;Bachoco;Guanajuato;3.5;2.65;$56.70;;;;;;
14/3/2025;Pollo entero;Otros;Veracruz;3.5;2.65;$56.30;;;;;;
14/3/2025;Pollo entero;Pilgrim's;Quer?taro;3.5;2.65;$56.50;;;;;;
14/3/2025;Pollo tipo rosticero;Bachoco;Guanajuato;2.7;1.8;$58.00;;;;;;
18/3/2025;Gallina;Pilgrim's;Quer?taro;3.6;3.3;$56.00;;;;;;
18/3/2025;Pollo entero;Bachoco;Guanajuato;2.7;2.5;$56.70;;;;;;
18/3/2025;Pollo entero;Otros;Veracruz;2.6;2.4;$56.00;;;;;;
18/3/2025;Pollo entero;Pilgrim's;Quer?taro;2.7;2.5;$56.50;;;;;;
18/3/2025;Pollo tipo rosticero;Bachoco;Guanajuato;1.8;1.6;$58.00;;;;;;
19/3/2025;Gallina;Sin marca;Hidalgo;3.6;3.3;$56.00;;;;;;
19/3/2025;Pollo entero;Bachoco;Guanajuato;2.7;2.5;$56.70;;;;;;
19/3/2025;Pollo entero;Otros;Veracruz;2.6;2.4;$56.30;;;;;;
19/3/2025;Pollo entero;Pilgrim's;Quer?taro;2.7;2.5;$56.50;;;;;;
19/3/2025;Pollo tipo rosticero;Bachoco;Guanajuato;1.8;1.6;$58.00;;;;;;
20/3/2025;Gallina;Sin marca;San Luis Potos?;3.6;3.3;$54.00;;;;;;
20/3/2025;Pollo entero;Bachoco;Guanajuato;2.7;2.5;$56.70;;;;;;
20/3/2025;Pollo entero;Otros;Veracruz;2.6;2.4;$56.00;;;;;;
20/3/2025;Pollo entero;Pilgrim's;Quer?taro;2.7;2.5;$56.50;;;;;;
20/3/2025;Pollo tipo rosticero;Bachoco;Guanajuato;1.8;1.6;$58.00;;;;;;
21/3/2025;Gallina;Sin marca;Hidalgo;3.6;3.3;$54.00;;;;;;
21/3/2025;Pollo entero;Bachoco;Guanajuato;2.7;2.5;$56.60;;;;;;
21/3/2025;Pollo entero;Otros;Veracruz;2.6;2.4;$56.00;;;;;;
21/3/2025;Pollo entero;Pilgrim's;Quer?taro;2.7;2.5;$56.60;;;;;;
21/3/2025;Pollo tipo rosticero;Bachoco;Guanajuato;1.8;1.6;$58.00;;;;;;
24/3/2025;Gallina;Sin marca;Guanajuato;3.6;3.3;$52.00;;;;;;
24/3/2025;Pollo entero;Bachoco;Guanajuato;3.5;2.65;$56.70;;;;;;
24/3/2025;Pollo entero;Otros;Veracruz;3.6;3.3;$56.30;;;;;;
24/3/2025;Pollo entero;Pilgrim's;Quer?taro;3.5;2.65;$56.50;;;;;;
24/3/2025;Pollo tipo rosticero;Bachoco;Guanajuato;2.7;1.8;$58.00;;;;;;
25/3/2025;Gallina;Sin marca;Tlaxcala;3.6;3.3;$52.00;;;;;;
25/3/2025;Pollo entero;Bachoco;Guanajuato;3.5;2.65;$56.70;;;;;;
25/3/2025;Pollo entero;Otros;Veracruz;3.5;2.65;$56.30;;;;;;
25/3/2025;Pollo entero;Pilgrim's;Quer?taro;3.5;2.65;$56.50;;;;;;
25/3/2025;Pollo tipo rosticero;Bachoco;Guanajuato;2.7;1.8;$58.00;;;;;;
26/3/2025;Gallina;Sin marca;Edo. de M?xico;3.6;3.3;$52.00;;;;;;
26/3/2025;Pollo entero;Bachoco;Guanajuato;3.5;2.65;$56.70;;;;;;
26/3/2025;Pollo entero;Otros;Veracruz;3.5;2.65;$56.30;;;;;;
26/3/2025;Pollo entero;Pilgrim's;Quer?taro;3.5;2.65;$56.50;;;;;;
26/3/2025;Pollo tipo rosticero;Bachoco;Guanajuato;2.7;1.8;$58.00;;;;;;
27/3/2025;Gallina;Sin marca;Guerrero;3.6;3.3;$52.00;;;;;;
27/3/2025;Pollo entero;Bachoco;Guanajuato;3.5;2.65;$56.70;;;;;;
27/3/2025;Pollo entero;Otros;Veracruz;3.5;2.65;$56.30;;;;;;
27/3/2025;Pollo entero;Pilgrim's;Quer?taro;3.5;2.65;$56.50;;;;;;
27/3/2025;Pollo tipo rosticero;Bachoco;Guanajuato;2.7;1.8;$58.00;;;;;;
28/3/2025;Gallina;Sin marca;Edo. de M?xico;3.6;3.3;$52.00;;;;;;
28/3/2025;Pollo entero;Bachoco;Guanajuato;3.5;2.65;$56.70;;;;;;
28/3/2025;Pollo entero;Otros;Veracruz;3.5;2.65;$56.30;;;;;;
28/3/2025;Pollo entero;Pilgrim's;Quer?taro;3.5;2.65;$56.50;;;;;;
28/3/2025;Pollo tipo rosticero;Bachoco;Guanajuato;2.7;1.8;$58.00;;;;;;
31/3/2025;Gallina;Sin marca;Quer?taro;3.6;3.3;$52.00;;;;;;
31/3/2025;Pollo entero;Bachoco;Guanajuato;3.5;2.65;$56.70;;;;;;
31/3/2025;Pollo entero;Otros;Veracruz;3.5;2.65;$56.30;;;;;;
31/3/2025;Pollo entero;Pilgrim's;Quer?taro;3.5;2.65;$56.50;;;;;;
31/3/2025;Pollo tipo rosticero;Bachoco;Guanajuato;2.7;1.8;$58.00;;;;;;
D.F. : Centro de distribuci?n San Juan;;;;;;;;;;;;
3/3/2025;Gallina;Sin marca;Quer?taro;3.6;3.3;$57.00;;;;;;
3/3/2025;Pollo entero;Bachoco;Guanajuato;3.5;2.65;$57.50;;;;;;
3/3/2025;Pollo entero;Otros;Veracruz;3.5;2.65;$57.00;;;;;;
3/3/2025;Pollo entero;Pilgrim's;Quer?taro;3.5;2.65;$57.30;;;;;;
3/3/2025;Pollo tipo rosticero;Bachoco;Guanajuato;2.7;1.8;$59.00;;;;;;
4/3/2025;Gallina;Sin marca;Morelos;3.6;3.3;$57.00;;;;;;
4/3/2025;Pollo entero;Bachoco;Guanajuato;3.65;2.65;$57.50;;;;;;
4/3/2025;Pollo entero;Otros;Veracruz;3.5;2.65;$57.00;;;;;;
4/3/2025;Pollo entero;Pilgrim's;Quer?taro;3.5;2.65;$57.30;;;;;;
4/3/2025;Pollo tipo rosticero;Bachoco;Guanajuato;3.5;2.65;$59.00;;;;;;
5/3/2025;Gallina;Sin marca;Coahuila;3.6;3.3;$57.00;;;;;;
5/3/2025;Pollo entero;Bachoco;Guanajuato;3.5;2.65;$56.50;;;;;;
5/3/2025;Pollo entero;Otros;Veracruz;3.5;2.65;$56.00;;;;;;
5/3/2025;Pollo entero;Pilgrim's;Quer?taro;3.5;2.65;$56.30;;;;;;
5/3/2025;Pollo tipo rosticero;Bachoco;Guanajuato;2.7;1.8;$58.00;;;;;;
6/3/2025;Gallina;Sin marca;Edo. de M?xico;3.6;3.3;$57.00;;;;;;
6/3/2025;Pollo entero;Bachoco;Guanajuato;3.5;2.65;$56.50;;;;;;
6/3/2025;Pollo entero;Otros;Veracruz;3.5;2.65;$56.00;;;;;;
6/3/2025;Pollo entero;Pilgrim's;Quer?taro;3.5;2.65;$56.30;;;;;;
6/3/2025;Pollo tipo rosticero;Bachoco;Guanajuato;2.7;1.8;$58.00;;;;;;
7/3/2025;Gallina;Sin marca;Coahuila;3.6;3.3;$57.00;;;;;;
7/3/2025;Pollo entero;Bachoco;Guanajuato;3.5;2.65;$56.50;;;;;;
7/3/2025;Pollo entero;Otros;Veracruz;3.5;2.65;$56.00;;;;;;
7/3/2025;Pollo entero;Pilgrim's;Quer?taro;3.5;2.65;$56.30;;;;;;
7/3/2025;Pollo tipo rosticero;Bachoco;Guanajuato;2.7;1.8;$58.00;;;;;;
10/3/2025;Gallina;Sin marca;Quer?taro;3.6;3.3;$57.00;;;;;;
10/3/2025;Pollo entero;Bachoco;Guanajuato;3.5;2.65;$56.50;;;;;;
10/3/2025;Pollo entero;Otros;Veracruz;3.5;2.65;$56.00;;;;;;
10/3/2025;Pollo entero;Pilgrim's;Quer?taro;3.5;2.65;$56.30;;;;;;
10/3/2025;Pollo tipo rosticero;Bachoco;Guanajuato;2.7;1.8;$58.00;;;;;;
11/3/2025;Gallina;Sin marca;Hidalgo;3.6;3.3;$57.00;;;;;;
11/3/2025;Pollo entero;Bachoco;Guanajuato;3.5;2.65;$56.50;;;;;;
11/3/2025;Pollo entero;Otros;Veracruz;3.5;2.65;$56.00;;;;;;
11/3/2025;Pollo entero;Pilgrim's;Quer?taro;3.5;2.65;$56.30;;;;;;
11/3/2025;Pollo tipo rosticero;Bachoco;Guanajuato;2.7;1.8;$58.00;;;;;;
12/3/2025;Gallina;Sin marca;Edo. de M?xico;3.6;3.3;$57.00;;;;;;
12/3/2025;Pollo entero;Bachoco;Guanajuato;3.5;2.65;$56.50;;;;;;
12/3/2025;Pollo entero;Otros;Veracruz;3.5;2.65;$56.00;;;;;;
12/3/2025;Pollo entero;Pilgrim's;Quer?taro;3.5;2.65;$56.30;;;;;;
12/3/2025;Pollo tipo rosticero;Bachoco;Guanajuato;2.7;1.8;$58.00;;;;;;
13/3/2025;Gallina;Sin marca;Aguascalientes;3.6;3.3;$57.00;;;;;;
13/3/2025;Pollo entero;Bachoco;Guanajuato;3.5;2.65;$56.50;;;;;;
13/3/2025;Pollo entero;Otros;Veracruz;3.5;2.65;$56.00;;;;;;
13/3/2025;Pollo entero;Pilgrim's;Quer?taro;3.5;2.65;$56.30;;;;;;
13/3/2025;Pollo tipo rosticero;Bachoco;Guanajuato;2.7;1.8;$58.00;;;;;;
14/3/2025;Gallina;Sin marca;Guerrero;3.6;3.3;$57.00;;;;;;
14/3/2025;Pollo entero;Bachoco;Guanajuato;3.5;2.65;$56.50;;;;;;
14/3/2025;Pollo entero;Otros;Veracruz;3.6;3.3;$56.00;;;;;;
14/3/2025;Pollo entero;Pilgrim's;Quer?taro;3.5;2.65;$56.30;;;;;;
14/3/2025;Pollo tipo rosticero;Bachoco;Guanajuato;2.7;1.8;$58.00;;;;;;
18/3/2025;Gallina;Bachoco;Guanajuato;3.6;3.3;$56.00;;;;;;
18/3/2025;Pollo entero;Bachoco;Guanajuato;2.7;2.5;$56.50;;;;;;
18/3/2025;Pollo entero;Otros;Veracruz;2.6;2.4;$56.00;;;;;;
18/3/2025;Pollo entero;Pilgrim's;Quer?taro;2.7;2.5;$56.30;;;;;;
18/3/2025;Pollo tipo rosticero;Bachoco;Guanajuato;1.8;1.6;$58.00;;;;;;
19/3/2025;Gallina;Sin marca;Tlaxcala;3.6;3.3;$56.00;;;;;;
19/3/2025;Pollo entero;Bachoco;Guanajuato;2.7;2.5;$56.50;;;;;;
19/3/2025;Pollo entero;Otros;Veracruz;2.7;2.5;$56.00;;;;;;
19/3/2025;Pollo entero;Pilgrim's;Quer?taro;2.7;2.5;$56.30;;;;;;
19/3/2025;Pollo tipo rosticero;Bachoco;Guanajuato;1.8;1.6;$58.00;;;;;;
20/3/2025;Gallina;Sin marca;Puebla;3.6;3.3;$54.00;;;;;;
20/3/2025;Pollo entero;Bachoco;Guanajuato;2.7;2.5;$56.50;;;;;;
20/3/2025;Pollo entero;Otros;Veracruz;2.6;2.4;$56.00;;;;;;
20/3/2025;Pollo entero;Pilgrim's;Quer?taro;2.7;2.5;$56.30;;;;;;
20/3/2025;Pollo tipo rosticero;Bachoco;Guanajuato;2.6;2.4;$58.00;;;;;;
21/3/2025;Gallina;Sin marca;Puebla;3.6;3.3;$54.00;;;;;;
21/3/2025;Pollo entero;Bachoco;Guanajuato;2.7;2.5;$56.50;;;;;;
21/3/2025;Pollo entero;Otros;Veracruz;2.6;2.4;$56.00;;;;;;
21/3/2025;Pollo entero;Pilgrim's;Quer?taro;2.7;2.5;$56.30;;;;;;
21/3/2025;Pollo tipo rosticero;Bachoco;Guanajuato;1.8;1.6;$58.00;;;;;;
24/3/2025;Gallina;Sin marca;Quer?taro;3.6;3.3;$52.00;;;;;;
24/3/2025;Pollo entero;Bachoco;Guanajuato;3.5;2.65;$56.50;;;;;;
24/3/2025;Pollo entero;Otros;Veracruz;3.6;3.3;$56.00;;;;;;
24/3/2025;Pollo entero;Pilgrim's;Quer?taro;3.5;2.65;$56.30;;;;;;
24/3/2025;Pollo tipo rosticero;Bachoco;Guanajuato;2.7;1.8;$58.00;;;;;;
25/3/2025;Gallina;Sin marca;Puebla;3.6;3.3;$52.00;;;;;;
25/3/2025;Pollo entero;Bachoco;Guanajuato;3.5;2.65;$56.50;;;;;;
25/3/2025;Pollo entero;Otros;Veracruz;3.5;2.65;$56.00;;;;;;
25/3/2025;Pollo entero;Pilgrim's;Quer?taro;3.5;2.65;$56.30;;;;;;
25/3/2025;Pollo tipo rosticero;Bachoco;Guanajuato;2.7;1.8;$58.00;;;;;;
26/3/2025;Gallina;Sin marca;Hidalgo;3.6;3.3;$52.00;;;;;;
26/3/2025;Pollo entero;Bachoco;Guanajuato;3.5;2.65;$56.50;;;;;;
26/3/2025;Pollo entero;Otros;Veracruz;3.5;2.65;$56.00;;;;;;
26/3/2025;Pollo entero;Pilgrim's;Quer?taro;3.5;2.65;$56.30;;;;;;
26/3/2025;Pollo tipo rosticero;Bachoco;Guanajuato;2.7;1.8;$58.00;;;;;;
27/3/2025;Gallina;Sin marca;Coahuila;3.6;3.3;$52.00;;;;;;
27/3/2025;Pollo entero;Bachoco;Guanajuato;3.5;2.65;$56.50;;;;;;
27/3/2025;Pollo entero;Otros;Veracruz;3.5;2.65;$56.00;;;;;;
27/3/2025;Pollo entero;Pilgrim's;Quer?taro;3.5;2.65;$56.30;;;;;;
27/3/2025;Pollo tipo rosticero;Bachoco;Guanajuato;2.7;1.8;$58.00;;;;;;
28/3/2025;Gallina;Sin marca;Michoac?n;3.6;3.3;$52.00;;;;;;
28/3/2025;Pollo entero;Bachoco;Guanajuato;3.5;2.65;$56.50;;;;;;
28/3/2025;Pollo entero;Otros;Veracruz;3.5;2.65;$56.00;;;;;;
28/3/2025;Pollo entero;Pilgrim's;Quer?taro;3.5;2.65;$56.30;;;;;;
28/3/2025;Pollo tipo rosticero;Bachoco;Guanajuato;2.7;1.8;$58.00;;;;;;
31/3/2025;Gallina;Sin marca;Guanajuato;3.6;3.3;$52.00;;;;;;
31/3/2025;Pollo entero;Bachoco;Guanajuato;3.5;2.65;$56.50;;;;;;
31/3/2025;Pollo entero;Otros;Veracruz;3.5;2.65;$56.00;;;;;;
31/3/2025;Pollo entero;Pilgrim's;Quer?taro;3.5;2.65;$56.30;;;;;;
31/3/2025;Pollo tipo rosticero;Bachoco;Guanajuato;2.7;1.8;$58.00;;;;;;
Qro. : Centros de distribuci?n de Quer?taro;;;;;;;;;;;;
3/3/2025;Pollo entero;Pilgrim's;Quer?taro;2.7;2.5;$56.00;;;;;;
4/3/2025;Pollo entero;Pilgrim's;Quer?taro;2.7;2.5;$56.00;;;;;;
5/3/2025;Pollo entero;Pilgrim's;Quer?taro;2.7;2.5;$58.00;;;;;;
6/3/2025;Pollo entero;Pilgrim's;Quer?taro;2.7;2.5;$58.00;;;;;;
7/3/2025;Pollo entero;Pilgrim's;Quer?taro;2.7;2.5;$58.00;;;;;;
10/3/2025;Pollo entero;Pilgrim's;Quer?taro;2.7;2.5;$58.00;;;;;;
11/3/2025;Pollo entero;Pilgrim's;Quer?taro;2.7;2.5;$58.00;;;;;;
12/3/2025;Pollo entero;Pilgrim's;Quer?taro;2.7;2.5;$58.00;;;;;;
13/3/2025;Pollo entero;Pilgrim's;Quer?taro;2.7;2.5;$58.00;;;;;;
14/3/2025;Pollo entero;Pilgrim's;Quer?taro;2.7;2.5;$58.00;;;;;;
18/3/2025;Pollo entero;Pilgrim's;Quer?taro;2.7;2.5;$58.00;;;;;;
19/3/2025;Pollo entero;Pilgrim's;Quer?taro;2.7;2.5;$58.00;;;;;;
20/3/2025;Pollo entero;Pilgrim's;Quer?taro;2.7;2.5;$58.00;;;;;;
21/3/2025;Pollo entero;Pilgrim's;Quer?taro;2.7;2.5;$58.00;;;;;;
24/3/2025;Pollo entero;Pilgrim's;Quer?taro;2.7;2.5;$59.00;;;;;;
25/3/2025;Pollo entero;Pilgrim's;Quer?taro;2.7;2.5;$59.00;;;;;;
26/3/2025;Pollo entero;Pilgrim's;Quer?taro;2.7;2.53;$59.00;;;;;;
27/3/2025;Pollo entero;Pilgrim's;Quer?taro;2.7;2.5;$59.00;;;;;;
28/3/2025;Pollo entero;Pilgrim's;Quer?taro;2.7;2.5;$59.00;;;;;;
31/3/2025;Pollo entero;Pilgrim's;Quer?taro;2.7;2.5;$59.00;;;;;;
Zac: Mercado de Abasto de Zacatecas;;;;;;;;;;;;
3/3/2025;Pollo entero;Nutri Pollo;San Luis Potos?;2.1;1.9;$70.00;;;;;;
3/3/2025;Pollo entero;Pilgrim's;San Luis Potos?;2.1;1.9;$70.00;;;;;;
3/3/2025;Pollo tipo rosticero;Nutri Pollo;San Luis Potos?;1.4;1.2;$64.00;;;;;;
3/3/2025;Pollo tipo rosticero;Pilgrim's;San Luis Potos?;1.4;1.2;$64.00;;;;;;
4/3/2025;Pollo entero;Nutri Pollo;San Luis Potos?;2.1;1.9;$70.00;;;;;;
4/3/2025;Pollo entero;Pilgrim's;San Luis Potos?;2.1;1.9;$70.00;;;;;;
4/3/2025;Pollo tipo rosticero;Nutri Pollo;San Luis Potos?;1.4;1.2;$64.00;;;;;;
4/3/2025;Pollo tipo rosticero;Pilgrim's;San Luis Potos?;1.4;1.2;$64.00;;;;;;
5/3/2025;Pollo entero;Nutri Pollo;San Luis Potos?;2.1;1.9;$70.00;;;;;;
5/3/2025;Pollo entero;Pilgrim's;San Luis Potos?;2.1;1.9;$70.00;;;;;;
5/3/2025;Pollo tipo rosticero;Nutri Pollo;San Luis Potos?;1.4;1.2;$64.00;;;;;;
5/3/2025;Pollo tipo rosticero;Pilgrim's;San Luis Potos?;1.4;1.2;$64.00;;;;;;
6/3/2025;Pollo entero;Nutri Pollo;San Luis Potos?;2.1;1.9;$70.00;;;;;;
6/3/2025;Pollo entero;Pilgrim's;San Luis Potos?;2.1;1.9;$70.00;;;;;;
6/3/2025;Pollo tipo rosticero;Nutri Pollo;San Luis Potos?;1.4;1.2;$64.00;;;;;;
6/3/2025;Pollo tipo rosticero;Pilgrim's;San Luis Potos?;1.4;1.2;$64.00;;;;;;
7/3/2025;Pollo entero;Nutri Pollo;San Luis Potos?;2.1;1.9;$70.00;;;;;;
7/3/2025;Pollo entero;Pilgrim's;San Luis Potos?;2.1;1.9;$70.00;;;;;;
7/3/2025;Pollo tipo rosticero;Nutri Pollo;San Luis Potos?;1.4;1.2;$64.00;;;;;;
7/3/2025;Pollo tipo rosticero;Pilgrim's;San Luis Potos?;1.4;1.2;$64.00;;;;;;
10/3/2025;Pollo entero;Nutri Pollo;San Luis Potos?;2.1;1.9;$70.00;;;;;;
10/3/2025;Pollo entero;Pilgrim's;San Luis Potos?;2.1;1.9;$70.00;;;;;;
10/3/2025;Pollo tipo rosticero;Nutri Pollo;San Luis Potos?;1.4;1.2;$64.00;;;;;;
10/3/2025;Pollo tipo rosticero;Pilgrim's;San Luis Potos?;1.4;1.2;$64.00;;;;;;
11/3/2025;Pollo entero;Nutri Pollo;San Luis Potos?;2.1;1.9;$70.00;;;;;;
11/3/2025;Pollo entero;Pilgrim's;San Luis Potos?;2.1;1.9;$70.00;;;;;;
11/3/2025;Pollo tipo rosticero;Nutri Pollo;San Luis Potos?;1.4;1.2;$64.00;;;;;;
11/3/2025;Pollo tipo rosticero;Pilgrim's;San Luis Potos?;1.4;1.2;$64.00;;;;;;
12/3/2025;Pollo entero;Nutri Pollo;San Luis Potos?;2.1;1.9;$70.00;;;;;;
12/3/2025;Pollo entero;Pilgrim's;San Luis Potos?;2.1;1.9;$70.00;;;;;;
12/3/2025;Pollo tipo rosticero;Nutri Pollo;San Luis Potos?;1.4;1.2;$64.00;;;;;;
12/3/2025;Pollo tipo rosticero;Pilgrim's;San Luis Potos?;1.4;1.2;$64.00;;;;;;
13/3/2025;Pollo entero;Nutri Pollo;San Luis Potos?;2.1;1.9;$70.00;;;;;;
13/3/2025;Pollo entero;Pilgrim's;San Luis Potos?;2.1;1.9;$70.00;;;;;;
13/3/2025;Pollo tipo rosticero;Nutri Pollo;San Luis Potos?;1.4;1.2;$64.00;;;;;;
13/3/2025;Pollo tipo rosticero;Pilgrim's;San Luis Potos?;1.4;1.2;$64.00;;;;;;
14/3/2025;Pollo entero;Nutri Pollo;San Luis Potos?;2.1;1.9;$70.00;;;;;;
14/3/2025;Pollo entero;Pilgrim's;San Luis Potos?;2.1;1.9;$70.00;;;;;;
14/3/2025;Pollo tipo rosticero;Nutri Pollo;San Luis Potos?;1.4;1.2;$64.00;;;;;;
14/3/2025;Pollo tipo rosticero;Pilgrim's;San Luis Potos?;1.4;1.2;$64.00;;;;;;
18/3/2025;Pollo entero;Nutri Pollo;San Luis Potos?;2.1;1.9;$70.00;;;;;;
18/3/2025;Pollo entero;Pilgrim's;San Luis Potos?;2.1;1.9;$70.00;;;;;;
18/3/2025;Pollo tipo rosticero;Nutri Pollo;San Luis Potos?;1.4;1.2;$64.00;;;;;;
18/3/2025;Pollo tipo rosticero;Pilgrim's;San Luis Potos?;1.4;1.2;$64.00;;;;;;
19/3/2025;Pollo entero;Nutri Pollo;San Luis Potos?;2.1;1.9;$70.00;;;;;;
19/3/2025;Pollo entero;Pilgrim's;San Luis Potos?;2.1;1.9;$70.00;;;;;;
19/3/2025;Pollo tipo rosticero;Nutri Pollo;San Luis Potos?;1.4;1.2;$64.00;;;;;;
19/3/2025;Pollo tipo rosticero;Pilgrim's;San Luis Potos?;1.4;1.2;$64.00;;;;;;
20/3/2025;Pollo entero;Nutri Pollo;San Luis Potos?;2.1;1.9;$70.00;;;;;;
20/3/2025;Pollo entero;Pilgrim's;San Luis Potos?;2.1;1.9;$70.00;;;;;;
20/3/2025;Pollo tipo rosticero;Nutri Pollo;San Luis Potos?;1.4;1.2;$64.00;;;;;;
20/3/2025;Pollo tipo rosticero;Pilgrim's;San Luis Potos?;1.4;1.2;$64.00;;;;;;
21/3/2025;Pollo entero;Nutri Pollo;San Luis Potos?;2.1;1.9;$70.00;;;;;;
21/3/2025;Pollo entero;Pilgrim's;San Luis Potos?;2.1;1.9;$70.00;;;;;;
21/3/2025;Pollo tipo rosticero;Nutri Pollo;San Luis Potos?;1.4;1.2;$64.00;;;;;;
21/3/2025;Pollo tipo rosticero;Pilgrim's;San Luis Potos?;1.4;1.2;$64.00;;;;;;
24/3/2025;Pollo entero;Nutri Pollo;San Luis Potos?;2.1;1.9;$70.00;;;;;;
24/3/2025;Pollo entero;Pilgrim's;San Luis Potos?;2.1;1.9;$70.00;;;;;;
24/3/2025;Pollo tipo rosticero;Nutri Pollo;San Luis Potos?;1.4;1.2;$64.00;;;;;;
24/3/2025;Pollo tipo rosticero;Pilgrim's;San Luis Potos?;1.4;1.2;$64.00;;;;;;
25/3/2025;Pollo entero;Nutri Pollo;San Luis Potos?;2.1;1.9;$70.00;;;;;;
25/3/2025;Pollo entero;Pilgrim's;San Luis Potos?;2.1;1.9;$70.00;;;;;;
25/3/2025;Pollo tipo rosticero;Nutri Pollo;San Luis Potos?;1.4;1.2;$64.00;;;;;;
25/3/2025;Pollo tipo rosticero;Pilgrim's;San Luis Potos?;1.4;1.2;$64.00;;;;;;
26/3/2025;Pollo entero;Nutri Pollo;San Luis Potos?;2.1;1.9;$70.00;;;;;;
26/3/2025;Pollo entero;Pilgrim's;San Luis Potos?;2.1;1.9;$70.00;;;;;;
26/3/2025;Pollo tipo rosticero;Nutri Pollo;San Luis Potos?;1.4;1.2;$64.00;;;;;;
26/3/2025;Pollo tipo rosticero;Pilgrim's;San Luis Potos?;1.4;1.2;$64.00;;;;;;
27/3/2025;Pollo entero;Nutri Pollo;San Luis Potos?;2.1;1.9;$70.00;;;;;;
27/3/2025;Pollo entero;Pilgrim's;San Luis Potos?;2.1;1.9;$70.00;;;;;;
27/3/2025;Pollo tipo rosticero;Nutri Pollo;San Luis Potos?;1.4;1.2;$64.00;;;;;;
27/3/2025;Pollo tipo rosticero;Pilgrim's;San Luis Potos?;1.4;1.2;$64.00;;;;;;
28/3/2025;Pollo entero;Nutri Pollo;San Luis Potos?;2.1;1.9;$70.00;;;;;;
28/3/2025;Pollo entero;Pilgrim's;San Luis Potos?;2.1;1.9;$70.00;;;;;;
28/3/2025;Pollo tipo rosticero;Nutri Pollo;San Luis Potos?;1.4;1.2;$64.00;;;;;;
28/3/2025;Pollo tipo rosticero;Pilgrim's;San Luis Potos?;1.4;1.2;$64.00;;;;;;
31/3/2025;Pollo entero;Nutri Pollo;San Luis Potos?;2.1;1.9;$70.00;;;;;;
31/3/2025;Pollo entero;Pilgrim's;San Luis Potos?;2.1;1.9;$70.00;;;;;;
31/3/2025;Pollo tipo rosticero;Nutri Pollo;San Luis Potos?;1.4;1.2;$64.00;;;;;;
31/3/2025;Pollo tipo rosticero;Pilgrim's;San Luis Potos?;1.4;1.2;$64.00;;;;;;
;;;;;;;;;;;;
D.F. : Centro de distribuci?n Becerra;;;;;;;;;;;;
1/4/2025;Gallina;Sin marca;Tlaxcala;3.6;3.3;$52.00;;;;;;
1/4/2025;Pollo entero;Bachoco;Guanajuato;3.5;2.65;$57.00;;;;;;
1/4/2025;Pollo entero;Otros;Veracruz;3.5;2.65;$56.40;;;;;;
1/4/2025;Pollo entero;Pilgrim's;Quer?taro;3.5;2.65;$56.60;;;;;;
1/4/2025;Pollo entero;Tyson;Coahuila;3.5;2.65;$56.80;;;;;;
1/4/2025;Pollo tipo rosticero;Bachoco;Guanajuato;2.7;1.8;$58.00;;;;;;
2/4/2025;Gallina;Sin marca;Jalisco;3.6;3.3;$50.00;;;;;;
2/4/2025;Pollo entero;Bachoco;Guanajuato;3.5;2.65;$57.00;;;;;;
2/4/2025;Pollo entero;Otros;Veracruz;3.5;2.65;$56.40;;;;;;
2/4/2025;Pollo entero;Pilgrim's;Quer?taro;3.5;2.65;$56.60;;;;;;
2/4/2025;Pollo entero;Tyson;Coahuila;3.5;2.65;$56.80;;;;;;
2/4/2025;Pollo tipo rosticero;Bachoco;Guanajuato;2.7;1.8;$58.00;;;;;;
3/4/2025;Gallina;Pilgrim's;Durango;3.6;3.3;$50.00;;;;;;
3/4/2025;Pollo entero;Bachoco;Guanajuato;3.5;2.65;$57.00;;;;;;
3/4/2025;Pollo entero;Otros;Veracruz;3.5;2.65;$56.40;;;;;;
3/4/2025;Pollo entero;Pilgrim's;Quer?taro;3.5;2.65;$56.60;;;;;;
3/4/2025;Pollo entero;Tyson;Coahuila;3.5;2.65;$56.80;;;;;;
3/4/2025;Pollo tipo rosticero;Bachoco;Guanajuato;2.7;1.8;$58.00;;;;;;
4/4/2025;Gallina;Sin marca;Zacatecas;3.6;3.3;$50.00;;;;;;
4/4/2025;Pollo entero;Bachoco;Guanajuato;3.5;2.65;$57.00;;;;;;
4/4/2025;Pollo entero;Otros;Veracruz;3.5;2.65;$56.40;;;;;;
4/4/2025;Pollo entero;Pilgrim's;Quer?taro;3.5;2.65;$56.60;;;;;;
4/4/2025;Pollo entero;Tyson;Coahuila;3.5;2.65;$56.80;;;;;;
4/4/2025;Pollo tipo rosticero;Bachoco;Guanajuato;2.7;1.8;$58.00;;;;;;
7/4/2025;Gallina;Sin marca;Coahuila;3.6;3.3;$50.00;;;;;;
7/4/2025;Pollo entero;Bachoco;Guanajuato;3.5;2.65;$57.00;;;;;;
7/4/2025;Pollo entero;Otros;Veracruz;3.5;2.65;$56.40;;;;;;
7/4/2025;Pollo entero;Pilgrim's;Quer?taro;3.5;2.65;$56.60;;;;;;
7/4/2025;Pollo entero;Tyson;Coahuila;3.5;2.65;$56.80;;;;;;
7/4/2025;Pollo tipo rosticero;Bachoco;Guanajuato;2.7;1.8;$58.00;;;;;;
8/4/2025;Gallina;Sin marca;Tamaulipas;3.6;3.3;$50.00;;;;;;
8/4/2025;Pollo entero;Bachoco;Guanajuato;3.5;2.65;$57.00;;;;;;
8/4/2025;Pollo entero;Otros;Veracruz;3.5;2.65;$56.40;;;;;;
8/4/2025;Pollo entero;Pilgrim's;Quer?taro;3.5;2.65;$56.60;;;;;;
8/4/2025;Pollo entero;Tyson;Coahuila;3.5;2.65;$56.80;;;;;;
8/4/2025;Pollo tipo rosticero;Bachoco;Guanajuato;2.7;1.8;$58.00;;;;;;
9/4/2025;Gallina;Sin marca;Aguascalientes;3.6;3.3;$50.00;;;;;;
9/4/2025;Pollo entero;Bachoco;Guanajuato;3.5;2.65;$57.00;;;;;;
9/4/2025;Pollo entero;Otros;Veracruz;3.5;2.65;$56.40;;;;;;
9/4/2025;Pollo entero;Pilgrim's;Quer?taro;3.5;2.65;$56.60;;;;;;
9/4/2025;Pollo entero;Tyson;Coahuila;3.5;2.65;$56.80;;;;;;
9/4/2025;Pollo tipo rosticero;Bachoco;Guanajuato;2.7;1.8;$58.00;;;;;;
10/4/2025;Gallina;Sin marca;Sinaloa;3.6;3.3;$50.00;;;;;;
10/4/2025;Pollo entero;Bachoco;Guanajuato;3.5;2.65;$57.00;;;;;;
10/4/2025;Pollo entero;Otros;Veracruz;3.5;2.65;$56.40;;;;;;
10/4/2025;Pollo entero;Pilgrim's;Quer?taro;3.5;2.65;$56.60;;;;;;
10/4/2025;Pollo entero;Tyson;Coahuila;3.5;2.65;$56.80;;;;;;
10/4/2025;Pollo tipo rosticero;Bachoco;Guanajuato;2.7;1.8;$58.00;;;;;;
11/4/2025;Gallina;Sin marca;Chiapas;3.6;3.3;$50.00;;;;;;
11/4/2025;Pollo entero;Bachoco;Guanajuato;3.5;2.65;$58.00;;;;;;
11/4/2025;Pollo entero;Otros;Veracruz;3.5;2.65;$57.40;;;;;;
11/4/2025;Pollo entero;Pilgrim's;Quer?taro;3.5;2.65;$57.60;;;;;;
11/4/2025;Pollo entero;Tyson;Coahuila;3.5;2.65;$57.80;;;;;;
11/4/2025;Pollo tipo rosticero;Bachoco;Guanajuato;2.7;1.8;$59.00;;;;;;
14/4/2025;Gallina;Sin marca;Coahuila;3.5;2.65;$50.00;;;;;;
14/4/2025;Pollo entero;Bachoco;Guanajuato;3.5;2.65;$58.00;;;;;;
14/4/2025;Pollo entero;Otros;Veracruz;3.5;2.65;$57.40;;;;;;
14/4/2025;Pollo entero;Pilgrim's;Quer?taro;3.5;2.65;$57.60;;;;;;
14/4/2025;Pollo entero;Tyson;Coahuila;3.5;2.65;$57.80;;;;;;
14/4/2025;Pollo tipo rosticero;Bachoco;Guanajuato;2.7;1.8;$59.00;;;;;;
15/4/2025;Gallina;Sin marca;Guerrero;3.6;3.3;$50.00;;;;;;
15/4/2025;Pollo entero;Bachoco;Guanajuato;3.5;2.65;$58.00;;;;;;
15/4/2025;Pollo entero;Otros;Veracruz;3.5;2.65;$57.40;;;;;;
15/4/2025;Pollo entero;Pilgrim's;Quer?taro;3.5;2.65;$57.60;;;;;;
15/4/2025;Pollo entero;Tyson;Coahuila;3.5;2.65;$57.80;;;;;;
15/4/2025;Pollo tipo rosticero;Bachoco;Guanajuato;2.7;1.8;$59.00;;;;;;
16/4/2025;Gallina;Sin marca;Puebla;3.6;3.3;$50.00;;;;;;
16/4/2025;Pollo entero;Bachoco;Guanajuato;2.7;2.5;$59.00;;;;;;
16/4/2025;Pollo entero;Otros;Veracruz;2.6;2.4;$58.40;;;;;;
16/4/2025;Pollo entero;Pilgrim's;Quer?taro;2.7;2.5;$58.60;;;;;;
16/4/2025;Pollo entero;Tyson;Coahuila;2.7;2.5;$58.80;;;;;;
16/4/2025;Pollo tipo rosticero;Bachoco;Guanajuato;1.8;1.6;$60.00;;;;;;
21/4/2025;Gallina;Sin marca;Chiapas;3.6;3.3;$50.00;;;;;;
21/4/2025;Pollo entero;Bachoco;Guanajuato;3.5;2.65;$59.00;;;;;;
21/4/2025;Pollo entero;Otros;Veracruz;3.5;2.65;$58.40;;;;;;
21/4/2025;Pollo entero;Pilgrim's;Quer?taro;3.5;2.65;$58.60;;;;;;
21/4/2025;Pollo entero;Tyson;Coahuila;3.5;2.65;$58.80;;;;;;
21/4/2025;Pollo tipo rosticero;Bachoco;Guanajuato;2.7;1.8;$60.00;;;;;;
22/4/2025;Gallina;Sin marca;Tamaulipas;3.6;3.3;$50.00;;;;;;
22/4/2025;Pollo entero;Bachoco;Guanajuato;3.5;2.65;$59.00;;;;;;
22/4/2025;Pollo entero;Otros;Veracruz;3.5;2.65;$58.40;;;;;;
22/4/2025;Pollo entero;Pilgrim's;Quer?taro;3.5;2.65;$58.60;;;;;;
22/4/2025;Pollo entero;Tyson;Coahuila;3.5;2.65;$58.80;;;;;;
22/4/2025;Pollo tipo rosticero;Bachoco;Guanajuato;2.7;1.8;$60.00;;;;;;
23/4/2025;Gallina;Sin marca;Tabasco;3.6;3.3;$50.00;;;;;;
23/4/2025;Pollo entero;Bachoco;Guanajuato;3.5;2.65;$59.00;;;;;;
23/4/2025;Pollo entero;Otros;Veracruz;3.5;2.65;$58.40;;;;;;
23/4/2025;Pollo entero;Pilgrim's;Quer?taro;3.5;2.65;$58.60;;;;;;
23/4/2025;Pollo entero;Tyson;Coahuila;3.5;2.65;$58.80;;;;;;
23/4/2025;Pollo tipo rosticero;Bachoco;Guanajuato;2.7;1.8;$60.00;;;;;;
24/4/2025;Gallina;Sin marca;San Luis Potos?;3.6;3.3;$50.00;;;;;;
24/4/2025;Pollo entero;Bachoco;Guanajuato;3.5;2.65;$59.00;;;;;;
24/4/2025;Pollo entero;Otros;Veracruz;3.5;2.65;$58.40;;;;;;
24/4/2025;Pollo entero;Pilgrim's;Quer?taro;3.5;2.65;$58.60;;;;;;
24/4/2025;Pollo entero;Tyson;Coahuila;3.5;2.65;$58.80;;;;;;
24/4/2025;Pollo tipo rosticero;Bachoco;Guanajuato;2.7;1.8;$60.00;;;;;;
25/4/2025;Gallina;Sin marca;Tamaulipas;3.6;3.3;$52.00;;;;;;
25/4/2025;Pollo entero;Bachoco;Guanajuato;3.5;2.65;$60.00;;;;;;
25/4/2025;Pollo entero;Otros;Veracruz;3.5;2.65;$59.40;;;;;;
25/4/2025;Pollo entero;Pilgrim's;Quer?taro;3.5;2.65;$59.60;;;;;;
25/4/2025;Pollo entero;Tyson;Coahuila;3.5;2.65;$59.80;;;;;;
25/4/2025;Pollo tipo rosticero;Bachoco;Guanajuato;2.7;1.8;$61.00;;;;;;
28/4/2025;Gallina;Sin marca;Coahuila;3.5;2.65;$53.00;;;;;;
28/4/2025;Pollo entero;Bachoco;Guanajuato;3.5;2.65;$61.00;;;;;;
28/4/2025;Pollo entero;Otros;Veracruz;3.5;2.65;$60.40;;;;;;
28/4/2025;Pollo entero;Pilgrim's;Quer?taro;3.5;2.65;$60.60;;;;;;
28/4/2025;Pollo entero;Tyson;Coahuila;3.5;2.65;$60.80;;;;;;
28/4/2025;Pollo tipo rosticero;Bachoco;Guanajuato;2.7;1.8;$62.00;;;;;;
29/4/2025;Gallina;Sin marca;Tlaxcala;3.6;3.3;$53.00;;;;;;
29/4/2025;Pollo entero;Bachoco;Guanajuato;3.5;2.65;$61.00;;;;;;
29/4/2025;Pollo entero;Otros;Veracruz;3.5;2.65;$60.40;;;;;;
29/4/2025;Pollo entero;Pilgrim's;Quer?taro;3.5;2.65;$60.60;;;;;;
29/4/2025;Pollo entero;Tyson;Coahuila;3.5;2.65;$60.80;;;;;;
29/4/2025;Pollo tipo rosticero;Bachoco;Guanajuato;2.7;1.8;$62.00;;;;;;
30/4/2025;Gallina;Sin marca;Veracruz;3.6;3.3;$55.00;;;;;;
30/4/2025;Pollo entero;Bachoco;Guanajuato;3.5;2.65;$63.00;;;;;;
30/4/2025;Pollo entero;Otros;Veracruz;3.5;2.65;$62.40;;;;;;
30/4/2025;Pollo entero;Pilgrim's;Quer?taro;3.5;2.65;$62.60;;;;;;
30/4/2025;Pollo entero;Tyson;Coahuila;3.5;2.65;$62.80;;;;;;
30/4/2025;Pollo tipo rosticero;Bachoco;Guanajuato;2.7;1.8;$64.00;;;;;;
D.F. : Centro de distribuci?n Nuevo San Juan;;;;;;;;;;;;
1/4/2025;Gallina;Sin marca;Morelos;3.6;3.3;$52.00;;;;;;
1/4/2025;Pollo entero;Bachoco;Guanajuato;3.5;2.65;$56.90;;;;;;
1/4/2025;Pollo entero;Otros;Veracruz;3.5;2.65;$56.30;;;;;;
1/4/2025;Pollo entero;Pilgrim's;Quer?taro;3.5;2.65;$56.50;;;;;;
1/4/2025;Pollo entero;Tyson;Coahuila;3.5;2.65;$56.70;;;;;;
1/4/2025;Pollo tipo rosticero;Bachoco;Guanajuato;2.7;1.8;$58.00;;;;;;
2/4/2025;Gallina;Sin marca;Sinaloa;3.6;3.3;$50.00;;;;;;
2/4/2025;Pollo entero;Bachoco;Guanajuato;3.5;2.65;$56.90;;;;;;
2/4/2025;Pollo entero;Otros;Veracruz;3.5;2.65;$56.30;;;;;;
2/4/2025;Pollo entero;Pilgrim's;Quer?taro;3.5;2.65;$56.50;;;;;;
2/4/2025;Pollo entero;Tyson;Coahuila;3.5;2.65;$56.70;;;;;;
2/4/2025;Pollo tipo rosticero;Bachoco;Guanajuato;2.7;1.8;$58.00;;;;;;
3/4/2025;Gallina;Sin marca;Aguascalientes;3.6;3.3;$50.00;;;;;;
3/4/2025;Pollo entero;Bachoco;Guanajuato;3.5;2.65;$56.90;;;;;;
3/4/2025;Pollo entero;Otros;Veracruz;3.5;2.65;$56.30;;;;;;
3/4/2025;Pollo entero;Pilgrim's;Quer?taro;3.5;2.65;$56.50;;;;;;
3/4/2025;Pollo entero;Tyson;Coahuila;3.5;2.65;$56.70;;;;;;
3/4/2025;Pollo tipo rosticero;Bachoco;Guanajuato;2.7;1.8;$58.00;;;;;;
4/4/2025;Gallina;Sin marca;Chiapas;3.6;3.3;$50.00;;;;;;
4/4/2025;Pollo entero;Bachoco;Guanajuato;3.5;2.65;$56.90;;;;;;
4/4/2025;Pollo entero;Otros;Veracruz;3.5;2.65;$56.30;;;;;;
4/4/2025;Pollo entero;Pilgrim's;Quer?taro;3.5;2.65;$56.50;;;;;;
4/4/2025;Pollo entero;Tyson;Coahuila;3.5;2.65;$56.70;;;;;;
4/4/2025;Pollo tipo rosticero;Bachoco;Guanajuato;2.7;1.8;$58.00;;;;;;
7/4/2025;Gallina;Sin marca;Veracruz;3.5;2.65;$50.00;;;;;;
7/4/2025;Pollo entero;Bachoco;Guanajuato;3.5;2.65;$56.90;;;;;;
7/4/2025;Pollo entero;Otros;Veracruz;3.5;2.65;$56.30;;;;;;
7/4/2025;Pollo entero;Pilgrim's;Quer?taro;3.5;2.65;$56.50;;;;;;
7/4/2025;Pollo entero;Tyson;Coahuila;3.5;2.65;$56.70;;;;;;
7/4/2025;Pollo tipo rosticero;Bachoco;Guanajuato;2.7;1.8;$58.00;;;;;;
8/4/2025;Gallina;Sin marca;Chiapas;3.6;3.3;$50.00;;;;;;
8/4/2025;Pollo entero;Bachoco;Guanajuato;3.5;2.65;$56.90;;;;;;
8/4/2025;Pollo entero;Otros;Veracruz;3.5;2.65;$56.30;;;;;;
8/4/2025;Pollo entero;Pilgrim's;Quer?taro;3.5;2.65;$56.50;;;;;;
8/4/2025;Pollo entero;Tyson;Coahuila;3.5;2.65;$56.70;;;;;;
8/4/2025;Pollo tipo rosticero;Bachoco;Guanajuato;2.7;1.8;$58.00;;;;;;
9/4/2025;Gallina;Sin marca;Jalisco;3.6;3.3;$50.00;;;;;;
9/4/2025;Pollo entero;Bachoco;Guanajuato;3.5;2.65;$56.90;;;;;;
9/4/2025;Pollo entero;Otros;Veracruz;3.5;2.65;$58.00;;;;;;
9/4/2025;Pollo entero;Pilgrim's;Quer?taro;3.5;2.65;$56.50;;;;;;
9/4/2025;Pollo entero;Tyson;Coahuila;3.5;2.65;$56.70;;;;;;
9/4/2025;Pollo tipo rosticero;Bachoco;Guanajuato;2.7;1.8;$58.00;;;;;;
10/4/2025;Gallina;Sin marca;Zacatecas;3.6;3.3;$50.00;;;;;;
10/4/2025;Pollo entero;Bachoco;Guanajuato;3.5;2.65;$56.90;;;;;;
10/4/2025;Pollo entero;Otros;Veracruz;3.5;2.65;$56.30;;;;;;
10/4/2025;Pollo entero;Pilgrim's;Quer?taro;3.5;2.65;$56.50;;;;;;
10/4/2025;Pollo entero;Tyson;Coahuila;3.5;2.65;$56.70;;;;;;
10/4/2025;Pollo tipo rosticero;Bachoco;Guanajuato;2.7;1.8;$58.00;;;;;;
11/4/2025;Gallina;Sin marca;Jalisco;3.6;3.3;$50.00;;;;;;
11/4/2025;Pollo entero;Bachoco;Guanajuato;3.5;2.65;$56.90;;;;;;
11/4/2025;Pollo entero;Otros;Veracruz;3.5;2.65;$57.30;;;;;;
11/4/2025;Pollo entero;Pilgrim's;Quer?taro;3.5;2.65;$57.50;;;;;;
11/4/2025;Pollo entero;Tyson;Coahuila;3.5;2.65;$57.70;;;;;;
11/4/2025;Pollo tipo rosticero;Bachoco;Guanajuato;2.7;1.8;$59.00;;;;;;
14/4/2025;Gallina;Sin marca;Veracruz;3.6;3.3;$50.00;;;;;;
14/4/2025;Pollo entero;Bachoco;Guanajuato;3.5;2.65;$57.90;;;;;;
14/4/2025;Pollo entero;Otros;Veracruz;3.5;2.65;$57.30;;;;;;
14/4/2025;Pollo entero;Pilgrim's;Quer?taro;3.5;2.65;$57.50;;;;;;
14/4/2025;Pollo entero;Tyson;Coahuila;3.5;2.65;$57.70;;;;;;
14/4/2025;Pollo tipo rosticero;Bachoco;Guanajuato;2.7;1.8;$59.00;;;;;;
15/4/2025;Gallina;Sin marca;Edo. de M?xico;3.6;3.3;$50.00;;;;;;
15/4/2025;Pollo entero;Bachoco;Guanajuato;3.5;2.65;$57.90;;;;;;
15/4/2025;Pollo entero;Otros;Veracruz;3.5;2.65;$57.30;;;;;;
15/4/2025;Pollo entero;Pilgrim's;Quer?taro;3.5;2.65;$57.50;;;;;;
15/4/2025;Pollo entero;Tyson;Coahuila;3.5;2.65;$57.70;;;;;;
15/4/2025;Pollo tipo rosticero;Bachoco;Guanajuato;2.7;1.8;$59.00;;;;;;
16/4/2025;Gallina;Sin marca;Colima;3.6;3.3;$50.00;;;;;;
16/4/2025;Pollo entero;Bachoco;Guanajuato;2.7;2.5;$58.90;;;;;;
16/4/2025;Pollo entero;Otros;Veracruz;2.6;2.4;$58.30;;;;;;
16/4/2025;Pollo entero;Pilgrim's;Quer?taro;2.7;2.5;$58.50;;;;;;
16/4/2025;Pollo entero;Tyson;Coahuila;2.7;2.5;$58.70;;;;;;
16/4/2025;Pollo tipo rosticero;Bachoco;Guanajuato;1.8;1.6;$60.00;;;;;;
21/4/2025;Gallina;Sin marca;Veracruz;3.6;3.3;$50.00;;;;;;
21/4/2025;Pollo entero;Bachoco;Guanajuato;3.5;2.65;$58.90;;;;;;
21/4/2025;Pollo entero;Otros;Veracruz;3.5;2.65;$58.30;;;;;;
21/4/2025;Pollo entero;Pilgrim's;Quer?taro;3.5;2.65;$58.50;;;;;;
21/4/2025;Pollo entero;Tyson;Coahuila;3.5;2.65;$58.70;;;;;;
21/4/2025;Pollo tipo rosticero;Bachoco;Guanajuato;2.7;1.8;$60.00;;;;;;
22/4/2025;Gallina;Sin marca;Campeche;3.6;3.3;$50.00;;;;;;
22/4/2025;Pollo entero;Bachoco;Guanajuato;3.5;2.65;$58.90;;;;;;
22/4/2025;Pollo entero;Otros;Veracruz;3.5;2.65;$58.30;;;;;;
22/4/2025;Pollo entero;Pilgrim's;Quer?taro;3.5;2.65;$58.50;;;;;;
22/4/2025;Pollo entero;Tyson;Coahuila;3.5;2.65;$58.70;;;;;;
22/4/2025;Pollo tipo rosticero;Bachoco;Guanajuato;2.7;1.8;$60.00;;;;;;
23/4/2025;Gallina;Sin marca;Oaxaca;3.6;3.3;$50.00;;;;;;
23/4/2025;Pollo entero;Bachoco;Guanajuato;3.5;2.65;$58.90;;;;;;
23/4/2025;Pollo entero;Otros;Veracruz;3.5;2.65;$58.30;;;;;;
23/4/2025;Pollo entero;Pilgrim's;Quer?taro;3.5;2.65;$58.50;;;;;;
23/4/2025;Pollo entero;Tyson;Coahuila;3.5;2.65;$58.70;;;;;;
23/4/2025;Pollo tipo rosticero;Bachoco;Guanajuato;2.7;1.8;$60.00;;;;;;
24/4/2025;Gallina;Sin marca;Aguascalientes;3.6;3.3;$50.00;;;;;;
24/4/2025;Pollo entero;Bachoco;Guanajuato;3.5;2.65;$58.90;;;;;;
24/4/2025;Pollo entero;Otros;Veracruz;3.5;2.65;$58.30;;;;;;
24/4/2025;Pollo entero;Pilgrim's;Quer?taro;3.5;2.65;$58.50;;;;;;
24/4/2025;Pollo entero;Tyson;Coahuila;3.5;2.65;$58.70;;;;;;
24/4/2025;Pollo tipo rosticero;Bachoco;Guanajuato;2.7;1.8;$60.00;;;;;;
25/4/2025;Gallina;Sin marca;Durango;3.6;3.3;$52.00;;;;;;
25/4/2025;Pollo entero;Bachoco;Guanajuato;3.5;2.65;$59.90;;;;;;
25/4/2025;Pollo entero;Otros;Veracruz;3.5;2.65;$59.30;;;;;;
25/4/2025;Pollo entero;Pilgrim's;Quer?taro;3.5;2.65;$59.50;;;;;;
25/4/2025;Pollo entero;Tyson;Coahuila;3.5;2.65;$59.70;;;;;;
25/4/2025;Pollo tipo rosticero;Bachoco;Guanajuato;2.7;1.8;$61.00;;;;;;
28/4/2025;Gallina;Sin marca;Veracruz;3.6;3.3;$53.00;;;;;;
28/4/2025;Pollo entero;Bachoco;Guanajuato;3.5;2.65;$60.90;;;;;;
28/4/2025;Pollo entero;Otros;Veracruz;3.5;2.65;$60.30;;;;;;
28/4/2025;Pollo entero;Pilgrim's;Quer?taro;3.5;2.65;$60.50;;;;;;
28/4/2025;Pollo entero;Tyson;Coahuila;3.5;2.65;$60.70;;;;;;
28/4/2025;Pollo tipo rosticero;Bachoco;Guanajuato;2.7;1.8;$62.00;;;;;;
29/4/2025;Gallina;Sin marca;San Luis Potos?;3.5;2.65;$53.00;;;;;;
29/4/2025;Pollo entero;Bachoco;Guanajuato;3.5;2.65;$60.90;;;;;;
29/4/2025;Pollo entero;Otros;Veracruz;3.5;2.65;$60.30;;;;;;
29/4/2025;Pollo entero;Pilgrim's;Quer?taro;3.5;2.65;$60.50;;;;;;
29/4/2025;Pollo entero;Tyson;Coahuila;3.5;2.65;$60.70;;;;;;
29/4/2025;Pollo tipo rosticero;Bachoco;Guanajuato;2.7;1.8;$62.00;;;;;;
30/4/2025;Gallina;Sin marca;Oaxaca;3.6;3.3;$55.00;;;;;;
30/4/2025;Pollo entero;Bachoco;Guanajuato;3.5;2.65;$62.90;;;;;;
30/4/2025;Pollo entero;Otros;Veracruz;3.5;2.65;$62.30;;;;;;
30/4/2025;Pollo entero;Pilgrim's;Quer?taro;3.5;2.65;$62.50;;;;;;
30/4/2025;Pollo entero;Tyson;Coahuila;3.5;2.65;$62.70;;;;;;
30/4/2025;Pollo tipo rosticero;Bachoco;Guanajuato;2.7;1.8;$64.00;;;;;;
D.F. : Centro de distribuci?n Ray?n;;;;;;;;;;;;
1/4/2025;Gallina;Sin marca;Chiapas;3.6;3.3;$52.00;;;;;;
1/4/2025;Pollo entero;Bachoco;Guanajuato;3.5;2.65;$56.70;;;;;;
1/4/2025;Pollo entero;Otros;Veracruz;3.5;2.65;$56.30;;;;;;
1/4/2025;Pollo entero;Pilgrim's;Quer?taro;3.5;2.65;$56.50;;;;;;
1/4/2025;Pollo tipo rosticero;Bachoco;Guanajuato;2.7;1.8;$58.00;;;;;;
2/4/2025;Gallina;Sin marca;Michoac?n;3.6;3.3;$50.00;;;;;;
2/4/2025;Pollo entero;Bachoco;Guanajuato;3.5;2.65;$56.70;;;;;;
2/4/2025;Pollo entero;Otros;Veracruz;3.5;2.65;$56.30;;;;;;
2/4/2025;Pollo entero;Pilgrim's;Quer?taro;3.5;2.65;$56.50;;;;;;
2/4/2025;Pollo tipo rosticero;Bachoco;Guanajuato;2.7;1.8;$58.00;;;;;;
3/4/2025;Gallina;Sin marca;Tamaulipas;3.6;3.3;$50.00;;;;;;
3/4/2025;Pollo entero;Bachoco;Guanajuato;3.5;2.65;$56.70;;;;;;
3/4/2025;Pollo entero;Otros;Veracruz;3.5;2.65;$56.30;;;;;;
3/4/2025;Pollo entero;Pilgrim's;Quer?taro;3.5;2.65;$56.50;;;;;;
3/4/2025;Pollo tipo rosticero;Bachoco;Guanajuato;2.7;1.8;$58.00;;;;;;
4/4/2025;Gallina;Sin marca;Coahuila;3.6;3.3;$50.00;;;;;;
4/4/2025;Pollo entero;Bachoco;Guanajuato;3.5;2.65;$56.70;;;;;;
4/4/2025;Pollo entero;Otros;Veracruz;3.5;2.65;$56.30;;;;;;
4/4/2025;Pollo entero;Pilgrim's;Quer?taro;3.5;2.65;$56.50;;;;;;
4/4/2025;Pollo tipo rosticero;Bachoco;Guanajuato;2.7;1.8;$58.00;;;;;;
7/4/2025;Gallina;Sin marca;Quer?taro;3.6;3.3;$50.00;;;;;;
7/4/2025;Pollo entero;Bachoco;Guanajuato;3.5;2.65;$56.70;;;;;;
7/4/2025;Pollo entero;Otros;Veracruz;3.5;2.65;$56.30;;;;;;
7/4/2025;Pollo entero;Pilgrim's;Quer?taro;3.5;2.65;$56.50;;;;;;
7/4/2025;Pollo tipo rosticero;Bachoco;Guanajuato;2.7;1.8;$58.00;;;;;;
8/4/2025;Gallina;Sin marca;Tlaxcala;3.6;3.3;$50.00;;;;;;
8/4/2025;Pollo entero;Bachoco;Guanajuato;3.5;2.65;$56.70;;;;;;
8/4/2025;Pollo entero;Otros;Veracruz;3.5;2.65;$56.30;;;;;;
8/4/2025;Pollo entero;Pilgrim's;Quer?taro;3.5;2.65;$56.50;;;;;;
8/4/2025;Pollo tipo rosticero;Bachoco;Guanajuato;2.7;1.8;$58.00;;;;;;
9/4/2025;Gallina;Sin marca;Hidalgo;3.6;3.3;$50.00;;;;;;
9/4/2025;Pollo entero;Bachoco;Guanajuato;3.5;2.65;$56.70;;;;;;
9/4/2025;Pollo entero;Otros;Veracruz;3.5;2.65;$56.30;;;;;;
9/4/2025;Pollo entero;Pilgrim's;Quer?taro;3.5;2.65;$56.50;;;;;;
9/4/2025;Pollo tipo rosticero;Bachoco;Guanajuato;2.7;1.8;$58.00;;;;;;
10/4/2025;Gallina;Sin marca;Tabasco;3.6;3.3;$50.00;;;;;;
10/4/2025;Pollo entero;Bachoco;Guanajuato;3.5;2.65;$56.70;;;;;;
10/4/2025;Pollo entero;Otros;Veracruz;3.5;2.65;$56.30;;;;;;
10/4/2025;Pollo entero;Pilgrim's;Quer?taro;3.5;2.65;$56.50;;;;;;
10/4/2025;Pollo tipo rosticero;Bachoco;Guanajuato;2.7;1.8;$58.00;;;;;;
11/4/2025;Gallina;Sin marca;Michoac?n;3.6;3.3;$50.00;;;;;;
11/4/2025;Pollo entero;Bachoco;Guanajuato;3.5;2.65;$57.70;;;;;;
11/4/2025;Pollo entero;Otros;Veracruz;3.5;2.65;$57.30;;;;;;
11/4/2025;Pollo entero;Pilgrim's;Quer?taro;3.5;2.65;$57.50;;;;;;
11/4/2025;Pollo tipo rosticero;Bachoco;Guanajuato;2.7;1.8;$59.00;;;;;;
14/4/2025;Gallina;Sin marca;Guanajuato;3.6;3.3;$50.00;;;;;;
14/4/2025;Pollo entero;Bachoco;Guanajuato;3.5;2.5;$57.70;;;;;;
14/4/2025;Pollo entero;Otros;Veracruz;3.5;2.65;$57.30;;;;;;
14/4/2025;Pollo entero;Pilgrim's;Quer?taro;3.5;2.65;$57.50;;;;;;
14/4/2025;Pollo tipo rosticero;Bachoco;Guanajuato;2.7;1.8;$59.00;;;;;;
15/4/2025;Gallina;Sin marca;Sinaloa;3.6;3.3;$50.00;;;;;;
15/4/2025;Pollo entero;Bachoco;Guanajuato;3.5;2.65;$57.70;;;;;;
15/4/2025;Pollo entero;Otros;Veracruz;3.5;2.65;$57.30;;;;;;
15/4/2025;Pollo entero;Pilgrim's;Quer?taro;3.5;2.65;$57.50;;;;;;
15/4/2025;Pollo tipo rosticero;Bachoco;Guanajuato;2.7;1.8;$59.00;;;;;;
16/4/2025;Gallina;Sin marca;Jalisco;3.6;3.3;$50.00;;;;;;
16/4/2025;Pollo entero;Bachoco;Guanajuato;2.7;2.5;$58.70;;;;;;
16/4/2025;Pollo entero;Otros;Veracruz;2.4;2.6;$58.30;;;;;;
16/4/2025;Pollo entero;Pilgrim's;Quer?taro;2.7;2.5;$58.50;;;;;;
16/4/2025;Pollo tipo rosticero;Bachoco;Guanajuato;1.8;1.6;$60.00;;;;;;
21/4/2025;Gallina;Sin marca;Guanajuato;3.6;3.3;$50.00;;;;;;
21/4/2025;Pollo entero;Bachoco;Guanajuato;3.5;2.6;$58.70;;;;;;
21/4/2025;Pollo entero;Otros;Veracruz;3.5;2.65;$58.30;;;;;;
21/4/2025;Pollo entero;Pilgrim's;Quer?taro;3.5;2.65;$58.50;;;;;;
21/4/2025;Pollo tipo rosticero;Bachoco;Guanajuato;2.7;1.8;$60.00;;;;;;
22/4/2025;Gallina;Sin marca;Tlaxcala;3.6;3.3;$50.00;;;;;;
22/4/2025;Pollo entero;Bachoco;Guanajuato;3.5;2.65;$58.70;;;;;;
22/4/2025;Pollo entero;Otros;Veracruz;3.5;2.65;$58.30;;;;;;
22/4/2025;Pollo entero;Pilgrim's;Quer?taro;3.5;2.65;$58.50;;;;;;
22/4/2025;Pollo tipo rosticero;Bachoco;Guanajuato;2.7;1.8;$60.00;;;;;;
23/4/2025;Gallina;Sin marca;Edo. de M?xico;3.6;3.3;$50.00;;;;;;
23/4/2025;Pollo entero;Bachoco;Guanajuato;3.5;2.65;$58.70;;;;;;
23/4/2025;Pollo entero;Otros;Veracruz;3.5;2.65;$58.30;;;;;;
23/4/2025;Pollo entero;Pilgrim's;Quer?taro;3.5;2.65;$58.50;;;;;;
23/4/2025;Pollo tipo rosticero;Bachoco;Guanajuato;2.7;1.8;$60.00;;;;;;
24/4/2025;Gallina;Sin marca;Sinaloa;3.6;3.3;$50.00;;;;;;
24/4/2025;Pollo entero;Bachoco;Guanajuato;3.5;2.65;$58.70;;;;;;
24/4/2025;Pollo entero;Otros;Veracruz;3.5;2.65;$58.30;;;;;;
24/4/2025;Pollo entero;Pilgrim's;Quer?taro;3.5;2.65;$58.50;;;;;;
24/4/2025;Pollo tipo rosticero;Bachoco;Guanajuato;2.7;1.8;$60.00;;;;;;
25/4/2025;Gallina;Sin marca;Coahuila;3.6;3.3;$52.00;;;;;;
25/4/2025;Pollo entero;Bachoco;Guanajuato;3.5;2.65;$59.70;;;;;;
25/4/2025;Pollo entero;Otros;Veracruz;3.5;2.65;$59.30;;;;;;
25/4/2025;Pollo entero;Pilgrim's;Quer?taro;3.5;2.65;$59.50;;;;;;
25/4/2025;Pollo tipo rosticero;Bachoco;Guanajuato;2.7;1.8;$61.00;;;;;;
28/4/2025;Gallina;Sin marca;Guanajuato;3.6;3.3;$53.00;;;;;;
28/4/2025;Pollo entero;Bachoco;Guanajuato;3.5;2.65;$60.70;;;;;;
28/4/2025;Pollo entero;Otros;Veracruz;3.5;2.65;$60.30;;;;;;
28/4/2025;Pollo entero;Pilgrim's;Quer?taro;3.5;2.65;$60.50;;;;;;
28/4/2025;Pollo tipo rosticero;Bachoco;Guanajuato;2.7;1.8;$62.00;;;;;;
29/4/2025;Gallina;Sin marca;Puebla;3.6;3.3;$53.00;;;;;;
29/4/2025;Pollo entero;Bachoco;Guanajuato;3.5;2.65;$60.70;;;;;;
29/4/2025;Pollo entero;Otros;Veracruz;3.5;2.65;$60.30;;;;;;
29/4/2025;Pollo entero;Pilgrim's;Quer?taro;3.5;2.65;$60.50;;;;;;
29/4/2025;Pollo tipo rosticero;Bachoco;Guanajuato;2.7;1.8;$62.00;;;;;;
30/4/2025;Gallina;Sin marca;Edo. de M?xico;3.6;3.3;$55.00;;;;;;
30/4/2025;Pollo entero;Bachoco;Guanajuato;3.5;2.65;$62.70;;;;;;
30/4/2025;Pollo entero;Otros;Veracruz;3.5;2.65;$62.30;;;;;;
30/4/2025;Pollo entero;Pilgrim's;Quer?taro;3.5;2.65;$62.50;;;;;;
30/4/2025;Pollo tipo rosticero;Bachoco;Guanajuato;2.7;1.8;$64.00;;;;;;
D.F. : Centro de distribuci?n San Juan;;;;;;;;;;;;
1/4/2025;Gallina;Sin marca;Hidalgo;3.6;3.3;$52.00;;;;;;
1/4/2025;Pollo entero;Bachoco;Guanajuato;3.5;2.65;$56.50;;;;;;
1/4/2025;Pollo entero;Otros;Veracruz;3.5;2.65;$56.00;;;;;;
1/4/2025;Pollo entero;Pilgrim's;Quer?taro;3.5;2.65;$56.30;;;;;;
1/4/2025;Pollo tipo rosticero;Bachoco;Guanajuato;2.7;1.8;$58.00;;;;;;
2/4/2025;Gallina;Sin marca;Edo. de M?xico;3.6;3.3;$50.00;;;;;;
2/4/2025;Pollo entero;Bachoco;Guanajuato;3.5;2.65;$56.50;;;;;;
2/4/2025;Pollo entero;Otros;Veracruz;3.5;2.65;$56.00;;;;;;
2/4/2025;Pollo entero;Pilgrim's;Quer?taro;3.5;2.65;$56.30;;;;;;
2/4/2025;Pollo tipo rosticero;Bachoco;Guanajuato;2.7;1.8;$58.00;;;;;;
3/4/2025;Gallina;Sin marca;Morelos;3.6;3.3;$50.00;;;;;;
3/4/2025;Pollo entero;Bachoco;Guanajuato;3.5;2.65;$56.50;;;;;;
3/4/2025;Pollo entero;Otros;Veracruz;3.5;2.65;$56.00;;;;;;
3/4/2025;Pollo entero;Pilgrim's;Quer?taro;3.5;2.65;$56.30;;;;;;
3/4/2025;Pollo tipo rosticero;Bachoco;Guanajuato;2.7;1.8;$58.00;;;;;;
4/4/2025;Gallina;Sin marca;Jalisco;3.6;3.3;$50.00;;;;;;
4/4/2025;Pollo entero;Bachoco;Guanajuato;3.5;2.65;$56.50;;;;;;
4/4/2025;Pollo entero;Otros;Veracruz;3.5;2.65;$56.00;;;;;;
4/4/2025;Pollo entero;Pilgrim's;Quer?taro;3.5;2.65;$56.30;;;;;;
4/4/2025;Pollo tipo rosticero;Bachoco;Guanajuato;2.7;1.8;$58.00;;;;;;
7/4/2025;Gallina;Sin marca;Guanajuato;3.6;3.3;$50.00;;;;;;
7/4/2025;Pollo entero;Bachoco;Guanajuato;3.5;2.65;$56.50;;;;;;
7/4/2025;Pollo entero;Otros;Veracruz;3.5;2.65;$56.00;;;;;;
7/4/2025;Pollo entero;Pilgrim's;Quer?taro;3.5;2.65;$56.30;;;;;;
7/4/2025;Pollo tipo rosticero;Bachoco;Guanajuato;2.7;1.8;$58.00;;;;;;
8/4/2025;Gallina;Sin marca;Edo. de M?xico;3.6;3.3;$50.00;;;;;;
8/4/2025;Pollo entero;Bachoco;Guanajuato;3.5;2.65;$56.50;;;;;;
8/4/2025;Pollo entero;Otros;Veracruz;3.5;2.65;$56.00;;;;;;
8/4/2025;Pollo entero;Pilgrim's;Quer?taro;3.5;2.65;$56.30;;;;;;
8/4/2025;Pollo tipo rosticero;Bachoco;Guanajuato;2.7;1.8;$58.00;;;;;;
9/4/2025;Gallina;Sin marca;Puebla;3.6;3.3;$50.00;;;;;;
9/4/2025;Pollo entero;Bachoco;Guanajuato;3.5;2.65;$56.50;;;;;;
9/4/2025;Pollo entero;Otros;Veracruz;3.5;2.65;$56.00;;;;;;
9/4/2025;Pollo entero;Pilgrim's;Quer?taro;3.5;2.65;$56.30;;;;;;
9/4/2025;Pollo tipo rosticero;Bachoco;Guanajuato;2.7;1.8;$58.00;;;;;;
10/4/2025;Gallina;Sin marca;Morelos;3.6;3.3;$50.00;;;;;;
10/4/2025;Pollo entero;Bachoco;Guanajuato;3.5;2.65;$56.50;;;;;;
10/4/2025;Pollo entero;Otros;Veracruz;3.5;2.65;$56.00;;;;;;
10/4/2025;Pollo entero;Pilgrim's;Quer?taro;3.5;2.65;$56.30;;;;;;
10/4/2025;Pollo tipo rosticero;Bachoco;Guanajuato;2.7;1.8;$58.00;;;;;;
11/4/2025;Gallina;Sin marca;Hidalgo;3.6;3.3;$50.00;;;;;;
11/4/2025;Pollo entero;Bachoco;Guanajuato;3.5;2.65;$57.50;;;;;;
11/4/2025;Pollo entero;Otros;Veracruz;3.5;2.65;$57.00;;;;;;
11/4/2025;Pollo entero;Pilgrim's;Quer?taro;3.5;2.65;$57.30;;;;;;
11/4/2025;Pollo tipo rosticero;Bachoco;Guanajuato;2.7;1.8;$59.00;;;;;;
14/4/2025;Gallina;Sin marca;Quer?taro;3.6;3.3;$50.00;;;;;;
14/4/2025;Pollo entero;Bachoco;Guanajuato;3.5;2.65;$57.50;;;;;;
14/4/2025;Pollo entero;Otros;Veracruz;3.5;2.65;$57.00;;;;;;
14/4/2025;Pollo entero;Pilgrim's;Quer?taro;3.5;2.65;$57.30;;;;;;
14/4/2025;Pollo tipo rosticero;Bachoco;Guanajuato;2.7;1.8;$59.00;;;;;;
15/4/2025;Gallina;Sin marca;Oaxaca;3.6;3.3;$50.00;;;;;;
15/4/2025;Pollo entero;Bachoco;Guanajuato;3.5;2.65;$57.50;;;;;;
15/4/2025;Pollo entero;Otros;Veracruz;3.5;2.65;$57.00;;;;;;
15/4/2025;Pollo entero;Pilgrim's;Quer?taro;3.5;2.65;$57.30;;;;;;
15/4/2025;Pollo tipo rosticero;Bachoco;Guanajuato;2.7;1.8;$59.00;;;;;;
16/4/2025;Gallina;Sin marca;Puebla;3.6;3.3;$50.00;;;;;;
16/4/2025;Pollo entero;Bachoco;Guanajuato;2.7;2.5;$58.50;;;;;;
16/4/2025;Pollo entero;Otros;Coahuila;2.7;2.5;$58.00;;;;;;
16/4/2025;Pollo entero;Pilgrim's;Quer?taro;2.7;2.5;$58.30;;;;;;
16/4/2025;Pollo tipo rosticero;Bachoco;Guanajuato;1.8;1.6;$60.00;;;;;;
21/4/2025;Gallina;Sin marca;Quer?taro;3.6;3.3;$50.00;;;;;;
21/4/2025;Pollo entero;Bachoco;Guanajuato;3.5;2.65;$58.50;;;;;;
21/4/2025;Pollo entero;Otros;Veracruz;3.5;2.65;$58.00;;;;;;
21/4/2025;Pollo entero;Pilgrim's;Quer?taro;3.5;2.65;$58.30;;;;;;
21/4/2025;Pollo tipo rosticero;Bachoco;Guanajuato;2.7;1.8;$60.00;;;;;;
22/4/2025;Gallina;Sin marca;Hidalgo;3.6;3.3;$50.00;;;;;;
22/4/2025;Pollo entero;Bachoco;Guanajuato;3.5;2.65;$58.50;;;;;;
22/4/2025;Pollo entero;Otros;Veracruz;3.5;2.65;$58.00;;;;;;
22/4/2025;Pollo entero;Pilgrim's;Quer?taro;3.5;2.65;$58.30;;;;;;
22/4/2025;Pollo tipo rosticero;Bachoco;Guanajuato;2.7;1.8;$60.00;;;;;;
23/4/2025;Gallina;Sin marca;Puebla;3.5;2.65;$58.00;;;;;;
23/4/2025;Pollo entero;Bachoco;Guanajuato;3.5;2.65;$58.50;;;;;;
23/4/2025;Pollo entero;Otros;Veracruz;3.5;2.65;$58.00;;;;;;
23/4/2025;Pollo entero;Pilgrim's;Quer?taro;3.5;2.65;$58.30;;;;;;
23/4/2025;Pollo tipo rosticero;Bachoco;Guanajuato;2.7;1.8;$60.00;;;;;;
24/4/2025;Gallina;Sin marca;Jalisco;3.6;3.3;$50.00;;;;;;
24/4/2025;Pollo entero;Bachoco;Guanajuato;3.5;2.65;$58.50;;;;;;
24/4/2025;Pollo entero;Otros;Veracruz;3.5;2.65;$58.00;;;;;;
24/4/2025;Pollo entero;Pilgrim's;Quer?taro;3.5;2.65;$58.30;;;;;;
24/4/2025;Pollo tipo rosticero;Bachoco;Guanajuato;2.7;1.8;$60.00;;;;;;
25/4/2025;Gallina;Sin marca;Puebla;3.6;3.3;$52.00;;;;;;
25/4/2025;Pollo entero;Bachoco;Guanajuato;3.5;2.65;$59.50;;;;;;
25/4/2025;Pollo entero;Otros;Veracruz;3.5;2.65;$59.00;;;;;;
25/4/2025;Pollo entero;Pilgrim's;Quer?taro;3.5;2.65;$59.30;;;;;;
25/4/2025;Pollo tipo rosticero;Bachoco;Guanajuato;2.7;1.8;$61.00;;;;;;
28/4/2025;Gallina;Sin marca;Quer?taro;3.6;3.3;$53.00;;;;;;
28/4/2025;Pollo entero;Bachoco;Guanajuato;3.5;2.65;$60.50;;;;;;
28/4/2025;Pollo entero;Otros;Veracruz;3.5;2.65;$60.00;;;;;;
28/4/2025;Pollo entero;Pilgrim's;Quer?taro;3.5;2.65;$60.30;;;;;;
28/4/2025;Pollo tipo rosticero;Bachoco;Guanajuato;2.7;1.8;$62.00;;;;;;
29/4/2025;Gallina;Sin marca;Sinaloa;3.6;3.3;$53.00;;;;;;
29/4/2025;Pollo entero;Bachoco;Guanajuato;3.5;2.65;$60.50;;;;;;
29/4/2025;Pollo entero;Otros;Veracruz;3.5;2.65;$60.00;;;;;;
29/4/2025;Pollo entero;Pilgrim's;Quer?taro;3.5;2.65;$60.30;;;;;;
29/4/2025;Pollo tipo rosticero;Bachoco;Guanajuato;2.7;1.8;$62.00;;;;;;
30/4/2025;Gallina;Sin marca;Durango;3.6;3.3;$55.00;;;;;;
30/4/2025;Pollo entero;Bachoco;Guanajuato;3.5;2.65;$62.50;;;;;;
30/4/2025;Pollo entero;Otros;Veracruz;3.5;2.65;$62.00;;;;;;
30/4/2025;Pollo entero;Pilgrim's;Quer?taro;3.5;2.65;$62.30;;;;;;
30/4/2025;Pollo tipo rosticero;Bachoco;Guanajuato;2.7;1.8;$64.00;;;;;;
Qro. : Centros de distribuci?n de Quer?taro;;;;;;;;;;;;
1/4/2025;Pollo entero;Pilgrim's;Quer?taro;2.7;2.5;$59.00;;;;;;
2/4/2025;Pollo entero;Pilgrim's;Quer?taro;2.7;2.5;$59.00;;;;;;
3/4/2025;Pollo entero;Pilgrim's;Quer?taro;2.7;2.5;$59.00;;;;;;
4/4/2025;Pollo entero;Pilgrim's;Quer?taro;2.7;2.5;$59.00;;;;;;
7/4/2025;Pollo entero;Pilgrim's;Quer?taro;2.7;2.5;$59.00;;;;;;
8/4/2025;Pollo entero;Pilgrim's;Quer?taro;2.7;2.5;$54.00;;;;;;
9/4/2025;Pollo entero;Pilgrim's;Quer?taro;2.7;2.5;$54.00;;;;;;
10/4/2025;Pollo entero;Pilgrim's;Quer?taro;2.7;2.5;$54.00;;;;;;
11/4/2025;Pollo entero;Pilgrim's;Quer?taro;2.7;2.5;$54.00;;;;;;
14/4/2025;Pollo entero;Pilgrim's;Quer?taro;2.7;2.5;$54.00;;;;;;
15/4/2025;Pollo entero;Pilgrim's;Quer?taro;2.7;2.5;$54.00;;;;;;
16/4/2025;Pollo entero;Pilgrim's;Quer?taro;2.7;2.5;$58.00;;;;;;
21/4/2025;Pollo entero;Pilgrim's;Quer?taro;2.7;2.5;$58.00;;;;;;
22/4/2025;Pollo entero;Pilgrim's;Quer?taro;2.7;2.5;$58.00;;;;;;
23/4/2025;Pollo entero;Pilgrim's;Quer?taro;2.7;2.5;$58.00;;;;;;
24/4/2025;Pollo entero;Pilgrim's;Quer?taro;2.7;2.5;$58.00;;;;;;
25/4/2025;Pollo entero;Pilgrim's;Quer?taro;2.7;2.5;$55.00;;;;;;
28/4/2025;Pollo entero;Pilgrim's;Quer?taro;2.7;2.5;$55.00;;;;;;
29/4/2025;Pollo entero;Pilgrim's;Quer?taro;2.7;2.5;$62.00;;;;;;
30/4/2025;Pollo entero;Pilgrim's;Quer?taro;2.7;2.5;$62.00;;;;;;
Zac: Mercado de Abasto de Zacatecas;;;;;;;;;;;;
1/4/2025;Pollo entero;Nutri Pollo;San Luis Potos?;2.1;1.9;$70.00;;;;;;
1/4/2025;Pollo entero;Pilgrim's;San Luis Potos?;2.1;1.9;$70.00;;;;;;
1/4/2025;Pollo tipo rosticero;Nutri Pollo;San Luis Potos?;1.4;1.2;$64.00;;;;;;
1/4/2025;Pollo tipo rosticero;Pilgrim's;San Luis Potos?;1.4;1.2;$64.00;;;;;;
2/4/2025;Pollo entero;Nutri Pollo;San Luis Potos?;2.1;1.9;$70.00;;;;;;
2/4/2025;Pollo entero;Pilgrim's;San Luis Potos?;2.1;1.9;$70.00;;;;;;
2/4/2025;Pollo tipo rosticero;Nutri Pollo;San Luis Potos?;1.4;1.2;$64.00;;;;;;
2/4/2025;Pollo tipo rosticero;Pilgrim's;San Luis Potos?;1.4;1.2;$64.00;;;;;;
3/4/2025;Pollo entero;Nutri Pollo;San Luis Potos?;2.1;1.9;$70.00;;;;;;
3/4/2025;Pollo entero;Pilgrim's;San Luis Potos?;2.1;1.9;$70.00;;;;;;
3/4/2025;Pollo tipo rosticero;Nutri Pollo;San Luis Potos?;1.4;1.2;$64.00;;;;;;
3/4/2025;Pollo tipo rosticero;Pilgrim's;San Luis Potos?;1.4;1.2;$64.00;;;;;;
4/4/2025;Pollo entero;Nutri Pollo;San Luis Potos?;2.1;1.9;$70.00;;;;;;
4/4/2025;Pollo entero;Pilgrim's;San Luis Potos?;2.1;1.9;$70.00;;;;;;
4/4/2025;Pollo tipo rosticero;Nutri Pollo;San Luis Potos?;1.4;1.2;$64.00;;;;;;
4/4/2025;Pollo tipo rosticero;Pilgrim's;San Luis Potos?;1.4;1.2;$64.00;;;;;;
7/4/2025;Pollo entero;Nutri Pollo;San Luis Potos?;2.1;1.9;$70.00;;;;;;
7/4/2025;Pollo entero;Pilgrim's;San Luis Potos?;2.1;1.9;$70.00;;;;;;
7/4/2025;Pollo tipo rosticero;Nutri Pollo;San Luis Potos?;1.4;1.2;$64.00;;;;;;
7/4/2025;Pollo tipo rosticero;Pilgrim's;San Luis Potos?;1.4;1.2;$64.00;;;;;;
8/4/2025;Pollo entero;Nutri Pollo;San Luis Potos?;2.1;1.9;$70.00;;;;;;
8/4/2025;Pollo entero;Pilgrim's;San Luis Potos?;2.1;1.9;$70.00;;;;;;
8/4/2025;Pollo tipo rosticero;Nutri Pollo;San Luis Potos?;1.4;1.2;$64.00;;;;;;
8/4/2025;Pollo tipo rosticero;Pilgrim's;San Luis Potos?;1.4;1.2;$64.00;;;;;;
9/4/2025;Pollo entero;Nutri Pollo;San Luis Potos?;2.1;1.9;$70.00;;;;;;
9/4/2025;Pollo entero;Pilgrim's;San Luis Potos?;2.1;1.9;$70.00;;;;;;
9/4/2025;Pollo tipo rosticero;Nutri Pollo;San Luis Potos?;1.4;1.2;$66.00;;;;;;
9/4/2025;Pollo tipo rosticero;Pilgrim's;San Luis Potos?;1.4;1.2;$66.00;;;;;;
10/4/2025;Pollo entero;Nutri Pollo;San Luis Potos?;2.1;1.9;$70.00;;;;;;
10/4/2025;Pollo entero;Pilgrim's;San Luis Potos?;2.1;1.9;$70.00;;;;;;
10/4/2025;Pollo tipo rosticero;Nutri Pollo;San Luis Potos?;1.4;1.2;$66.00;;;;;;
10/4/2025;Pollo tipo rosticero;Pilgrim's;San Luis Potos?;1.4;1.2;$66.00;;;;;;
11/4/2025;Pollo entero;Nutri Pollo;San Luis Potos?;2.1;1.9;$70.00;;;;;;
11/4/2025;Pollo entero;Pilgrim's;San Luis Potos?;2.1;1.9;$70.00;;;;;;
11/4/2025;Pollo tipo rosticero;Nutri Pollo;San Luis Potos?;1.4;1.2;$66.00;;;;;;
11/4/2025;Pollo tipo rosticero;Pilgrim's;San Luis Potos?;1.4;1.2;$66.00;;;;;;
14/4/2025;Pollo entero;Nutri Pollo;San Luis Potos?;2.1;1.9;$70.00;;;;;;
14/4/2025;Pollo entero;Pilgrim's;San Luis Potos?;2.1;1.9;$70.00;;;;;;
14/4/2025;Pollo tipo rosticero;Nutri Pollo;San Luis Potos?;1.4;1.2;$66.00;;;;;;
14/4/2025;Pollo tipo rosticero;Pilgrim's;San Luis Potos?;1.4;1.2;$66.00;;;;;;
15/4/2025;Pollo entero;Nutri Pollo;San Luis Potos?;2.1;1.9;$70.00;;;;;;
15/4/2025;Pollo entero;Pilgrim's;San Luis Potos?;2.1;1.9;$70.00;;;;;;
15/4/2025;Pollo tipo rosticero;Nutri Pollo;San Luis Potos?;1.4;1.2;$66.00;;;;;;
15/4/2025;Pollo tipo rosticero;Pilgrim's;San Luis Potos?;1.4;1.2;$66.00;;;;;;
16/4/2025;Pollo entero;Nutri Pollo;San Luis Potos?;2.1;1.9;$70.00;;;;;;
16/4/2025;Pollo entero;Pilgrim's;San Luis Potos?;2.1;1.9;$70.00;;;;;;
16/4/2025;Pollo tipo rosticero;Nutri Pollo;San Luis Potos?;1.4;1.2;$66.00;;;;;;
16/4/2025;Pollo tipo rosticero;Pilgrim's;San Luis Potos?;1.4;1.2;$66.00;;;;;;
22/4/2025;Pollo entero;Nutri Pollo;San Luis Potos?;2.1;1.9;$70.00;;;;;;
22/4/2025;Pollo entero;Pilgrim's;San Luis Potos?;2.1;1.9;$70.00;;;;;;
22/4/2025;Pollo tipo rosticero;Nutri Pollo;San Luis Potos?;1.4;1.2;$66.00;;;;;;
22/4/2025;Pollo tipo rosticero;Pilgrim's;San Luis Potos?;1.4;1.2;$66.00;;;;;;
23/4/2025;Pollo entero;Nutri Pollo;San Luis Potos?;2.1;1.9;$70.00;;;;;;
23/4/2025;Pollo entero;Pilgrim's;San Luis Potos?;2.1;1.9;$70.00;;;;;;
23/4/2025;Pollo tipo rosticero;Nutri Pollo;San Luis Potos?;1.4;1.2;$66.00;;;;;;
23/4/2025;Pollo tipo rosticero;Pilgrim's;San Luis Potos?;1.4;1.2;$66.00;;;;;;
24/4/2025;Pollo entero;Nutri Pollo;San Luis Potos?;2.1;1.9;$70.00;;;;;;
24/4/2025;Pollo entero;Pilgrim's;San Luis Potos?;2.1;1.9;$70.00;;;;;;
24/4/2025;Pollo tipo rosticero;Nutri Pollo;San Luis Potos?;1.4;1.2;$66.00;;;;;;
24/4/2025;Pollo tipo rosticero;Pilgrim's;San Luis Potos?;1.4;1.2;$66.00;;;;;;
25/4/2025;Pollo entero;Nutri Pollo;San Luis Potos?;2.1;1.9;$70.00;;;;;;
25/4/2025;Pollo entero;Pilgrim's;San Luis Potos?;2.1;1.9;$70.00;;;;;;
25/4/2025;Pollo tipo rosticero;Nutri Pollo;San Luis Potos?;1.4;1.2;$66.00;;;;;;
25/4/2025;Pollo tipo rosticero;Pilgrim's;San Luis Potos?;1.4;1.2;$66.00;;;;;;
28/4/2025;Pollo entero;Nutri Pollo;San Luis Potos?;2.1;1.9;$70.00;;;;;;
28/4/2025;Pollo entero;Pilgrim's;San Luis Potos?;2.1;1.9;$70.00;;;;;;
28/4/2025;Pollo tipo rosticero;Nutri Pollo;San Luis Potos?;1.4;1.2;$66.00;;;;;;
28/4/2025;Pollo tipo rosticero;Pilgrim's;San Luis Potos?;1.4;1.2;$66.00;;;;;;
29/4/2025;Pollo entero;Nutri Pollo;San Luis Potos?;2.1;1.9;$70.00;;;;;;
29/4/2025;Pollo entero;Pilgrim's;San Luis Potos?;2.1;1.9;$70.00;;;;;;
29/4/2025;Pollo tipo rosticero;Nutri Pollo;San Luis Potos?;1.4;1.2;$66.00;;;;;;
29/4/2025;Pollo tipo rosticero;Pilgrim's;San Luis Potos?;1.4;1.2;$66.00;;;;;;
30/4/2025;Pollo entero;Nutri Pollo;San Luis Potos?;2.1;1.9;$70.00;;;;;;
30/4/2025;Pollo entero;Pilgrim's;San Luis Potos?;2.1;1.9;$70.00;;;;;;
30/4/2025;Pollo tipo rosticero;Nutri Pollo;San Luis Potos?;1.4;1.2;$66.00;;;;;;
30/4/2025;Pollo tipo rosticero;Pilgrim's;San Luis Potos?;1.4;1.2;$66.00;;;;;;
;;;;;;;;;;;;
D.F. : Centro de distribuci?n Becerra;;;;;;;;;;;;
2/5/2025;Gallina;Sin marca;Sinaloa;3.6;3.3;$55.00;;;;;;
2/5/2025;Pollo entero;Bachoco;Guanajuato;3.5;2.65;$63.00;;;;;;
2/5/2025;Pollo entero;Otros;Veracruz;3.5;2.65;$62.40;;;;;;
2/5/2025;Pollo entero;Pilgrim's;Quer?taro;3.5;2.65;$62.60;;;;;;
2/5/2025;Pollo entero;Tyson;Coahuila;3.5;2.65;$62.80;;;;;;
2/5/2025;Pollo tipo rosticero;Bachoco;Guanajuato;2.7;1.8;$64.00;;;;;;
6/5/2025;Gallina;Sin marca;Coahuila;3.6;3.3;$55.00;;;;;;
6/5/2025;Pollo entero;Bachoco;Guanajuato;3.5;2.65;$65.00;;;;;;
6/5/2025;Pollo entero;Otros;Veracruz;3.5;2.65;$64.40;;;;;;
6/5/2025;Pollo entero;Pilgrim's;Quer?taro;3.5;2.65;$64.60;;;;;;
6/5/2025;Pollo entero;Tyson;Coahuila;3.5;2.65;$64.80;;;;;;
6/5/2025;Pollo tipo rosticero;Bachoco;Guanajuato;2.7;1.8;$66.00;;;;;;
7/5/2025;Gallina;Sin marca;Oaxaca;3.6;3.3;$55.00;;;;;;
7/5/2025;Pollo entero;Bachoco;Guanajuato;3.5;2.65;$65.00;;;;;;
7/5/2025;Pollo entero;Otros;Veracruz;3.5;2.65;$64.40;;;;;;
7/5/2025;Pollo entero;Pilgrim's;Quer?taro;3.5;2.65;$64.60;;;;;;
7/5/2025;Pollo entero;Tyson;Coahuila;3.5;2.65;$64.80;;;;;;
7/5/2025;Pollo tipo rosticero;Bachoco;Guanajuato;2.7;1.8;$66.00;;;;;;
8/5/2025;Gallina;Sin marca;San Luis Potos?;3.6;3.3;$55.00;;;;;;
8/5/2025;Pollo entero;Bachoco;Guanajuato;3.5;2.65;$65.00;;;;;;
8/5/2025;Pollo entero;Otros;Veracruz;3.5;2.65;$64.40;;;;;;
8/5/2025;Pollo entero;Pilgrim's;Quer?taro;3.5;2.65;$64.60;;;;;;
8/5/2025;Pollo entero;Tyson;Coahuila;3.5;2.65;$64.80;;;;;;
8/5/2025;Pollo tipo rosticero;Bachoco;Guanajuato;2.7;1.8;$66.00;;;;;;
9/5/2025;Gallina;Sin marca;Tabasco;3.6;3.3;$55.00;;;;;;
9/5/2025;Pollo entero;Bachoco;Guanajuato;3.5;2.65;$65.00;;;;;;
9/5/2025;Pollo entero;Otros;Veracruz;3.5;2.65;$64.40;;;;;;
9/5/2025;Pollo entero;Pilgrim's;Quer?taro;3.5;2.65;$64.60;;;;;;
9/5/2025;Pollo entero;Tyson;Coahuila;3.5;2.65;$64.80;;;;;;
9/5/2025;Pollo tipo rosticero;Bachoco;Guanajuato;2.7;1.8;$66.00;;;;;;
12/5/2025;Gallina;Sin marca;Coahuila;3.6;3.3;$55.00;;;;;;
12/5/2025;Pollo entero;Bachoco;Guanajuato;3.5;2.65;$65.00;;;;;;
12/5/2025;Pollo entero;Otros;Veracruz;3.5;2.65;$64.40;;;;;;
12/5/2025;Pollo entero;Pilgrim's;Quer?taro;3.5;2.65;$64.60;;;;;;
12/5/2025;Pollo entero;Tyson;Coahuila;3.5;2.65;$64.80;;;;;;
12/5/2025;Pollo tipo rosticero;Bachoco;Guanajuato;2.7;1.8;$66.00;;;;;;
13/5/2025;Gallina;Sin marca;Jalisco;3.6;3.3;$55.00;;;;;;
13/5/2025;Pollo entero;Bachoco;Guanajuato;3.5;2.65;$65.00;;;;;;
13/5/2025;Pollo entero;Otros;Veracruz;3.5;2.65;$64.40;;;;;;
13/5/2025;Pollo entero;Pilgrim's;Quer?taro;3.5;2.65;$64.60;;;;;;
13/5/2025;Pollo entero;Tyson;Coahuila;3.5;2.65;$64.80;;;;;;
13/5/2025;Pollo tipo rosticero;Bachoco;Guanajuato;2.7;1.8;$66.00;;;;;;
14/5/2025;Gallina;Sin marca;Sinaloa;3.6;3.3;$55.00;;;;;;
14/5/2025;Pollo entero;Bachoco;Guanajuato;3.5;2.65;$65.00;;;;;;
14/5/2025;Pollo entero;Otros;Veracruz;3.5;2.65;$64.40;;;;;;
14/5/2025;Pollo entero;Pilgrim's;Quer?taro;3.5;2.65;$64.60;;;;;;
14/5/2025;Pollo entero;Tyson;Coahuila;3.5;2.65;$64.80;;;;;;
14/5/2025;Pollo tipo rosticero;Bachoco;Guanajuato;2.7;1.8;$66.00;;;;;;
15/5/2025;Gallina;Sin marca;Zacatecas;3.6;3.3;$55.00;;;;;;
15/5/2025;Pollo entero;Bachoco;Guanajuato;3.5;2.65;$65.00;;;;;;
15/5/2025;Pollo entero;Otros;Veracruz;3.5;2.65;$64.40;;;;;;
15/5/2025;Pollo entero;Pilgrim's;Quer?taro;3.5;2.65;$64.60;;;;;;
15/5/2025;Pollo entero;Tyson;Coahuila;3.5;2.65;$64.80;;;;;;
15/5/2025;Pollo tipo rosticero;Bachoco;Guanajuato;2.7;1.8;$66.00;;;;;;
16/5/2025;Gallina;Sin marca;Tabasco;3.6;3.3;$55.00;;;;;;
16/5/2025;Pollo entero;Bachoco;Guanajuato;3.5;2.65;$65.00;;;;;;
16/5/2025;Pollo entero;Otros;Veracruz;3.5;2.65;$64.40;;;;;;
16/5/2025;Pollo entero;Pilgrim's;Quer?taro;3.5;2.65;$64.60;;;;;;
16/5/2025;Pollo entero;Tyson;Coahuila;3.5;2.65;$64.80;;;;;;
16/5/2025;Pollo tipo rosticero;Bachoco;Guanajuato;2.7;1.8;$66.00;;;;;;
19/5/2025;Gallina;Sin marca;Coahuila;3.6;3.3;$55.00;;;;;;
19/5/2025;Pollo entero;Bachoco;Guanajuato;3.5;2.65;$65.00;;;;;;
19/5/2025;Pollo entero;Otros;Veracruz;3.5;2.65;$64.40;;;;;;
19/5/2025;Pollo entero;Pilgrim's;Quer?taro;3.5;2.65;$64.60;;;;;;
19/5/2025;Pollo entero;Tyson;Coahuila;3.5;2.65;$64.80;;;;;;
19/5/2025;Pollo tipo rosticero;Bachoco;Guanajuato;2.7;1.8;$66.00;;;;;;
20/5/2025;Gallina;Sin marca;Tamaulipas;3.6;3.3;$55.00;;;;;;
20/5/2025;Pollo entero;Bachoco;Guanajuato;3.5;2.65;$65.00;;;;;;
20/5/2025;Pollo entero;Otros;Veracruz;3.5;2.65;$64.40;;;;;;
20/5/2025;Pollo entero;Pilgrim's;Quer?taro;3.5;2.65;$64.60;;;;;;
20/5/2025;Pollo entero;Tyson;Coahuila;3.5;2.65;$64.80;;;;;;
20/5/2025;Pollo tipo rosticero;Bachoco;Guanajuato;2.7;1.8;$66.00;;;;;;
21/5/2025;Gallina;Sin marca;Oaxaca;3.6;3.3;$55.00;;;;;;
21/5/2025;Pollo entero;Bachoco;Guanajuato;3.5;2.65;$65.00;;;;;;
21/5/2025;Pollo entero;Otros;Veracruz;3.5;2.65;$64.40;;;;;;
21/5/2025;Pollo entero;Pilgrim's;Quer?taro;3.5;2.65;$64.60;;;;;;
21/5/2025;Pollo entero;Tyson;Coahuila;3.5;2.65;$64.80;;;;;;
21/5/2025;Pollo tipo rosticero;Bachoco;Guanajuato;2.7;1.8;$66.00;;;;;;
22/5/2025;Gallina;Sin marca;Edo. de M?xico;3.6;3.3;$55.00;;;;;;
22/5/2025;Pollo entero;Bachoco;Guanajuato;3.5;2.65;$65.00;;;;;;
22/5/2025;Pollo entero;Otros;Veracruz;3.5;2.65;$64.40;;;;;;
22/5/2025;Pollo entero;Pilgrim's;Quer?taro;3.5;2.65;$64.60;;;;;;
22/5/2025;Pollo entero;Tyson;Coahuila;3.5;2.65;$64.80;;;;;;
22/5/2025;Pollo tipo rosticero;Bachoco;Guanajuato;2.7;1.8;$66.00;;;;;;
23/5/2025;Gallina;Sin marca;Sinaloa;3.6;3.3;$55.00;;;;;;
23/5/2025;Pollo entero;Bachoco;Guanajuato;3.5;2.65;$65.00;;;;;;
23/5/2025;Pollo entero;Otros;Veracruz;3.5;2.65;$64.40;;;;;;
23/5/2025;Pollo entero;Pilgrim's;Quer?taro;3.5;2.65;$64.60;;;;;;
23/5/2025;Pollo entero;Tyson;Coahuila;3.5;2.65;$64.80;;;;;;
23/5/2025;Pollo tipo rosticero;Bachoco;Guanajuato;2.7;1.8;$66.00;;;;;;
26/5/2025;Gallina;Sin marca;Coahuila;3.6;3.3;$55.00;;;;;;
26/5/2025;Pollo entero;Bachoco;Guanajuato;3.5;2.65;$66.00;;;;;;
26/5/2025;Pollo entero;Otros;Veracruz;3.5;2.65;$65.50;;;;;;
26/5/2025;Pollo entero;Pilgrim's;Quer?taro;3.5;2.65;$65.70;;;;;;
26/5/2025;Pollo entero;Tyson;Coahuila;3.5;2.65;$65.90;;;;;;
26/5/2025;Pollo tipo rosticero;Bachoco;Guanajuato;2.7;1.8;$67.00;;;;;;
27/5/2025;Gallina;Sin marca;Tamaulipas;3.6;3.3;$55.00;;;;;;
27/5/2025;Pollo entero;Bachoco;Guanajuato;3.5;2.65;$66.00;;;;;;
27/5/2025;Pollo entero;Otros;Veracruz;3.5;2.65;$65.40;;;;;;
27/5/2025;Pollo entero;Pilgrim's;Quer?taro;3.5;2.65;$65.60;;;;;;
27/5/2025;Pollo entero;Tyson;Coahuila;3.5;2.65;$65.80;;;;;;
27/5/2025;Pollo tipo rosticero;Bachoco;Guanajuato;2.7;1.8;$67.00;;;;;;
28/5/2025;Gallina;Sin marca;Hidalgo;3.6;3.3;$55.00;;;;;;
28/5/2025;Pollo entero;Bachoco;Guanajuato;3.5;2.65;$67.00;;;;;;
28/5/2025;Pollo entero;Otros;Veracruz;3.5;2.65;$64.40;;;;;;
28/5/2025;Pollo entero;Pilgrim's;Quer?taro;3.5;2.65;$64.60;;;;;;
28/5/2025;Pollo entero;Tyson;Coahuila;3.5;2.65;$64.80;;;;;;
28/5/2025;Pollo tipo rosticero;Bachoco;Guanajuato;2.7;1.8;$68.00;;;;;;
29/5/2025;Gallina;Sin marca;Coahuila;3.6;3.3;$55.00;;;;;;
29/5/2025;Pollo entero;Bachoco;Guanajuato;3.5;2.65;$67.00;;;;;;
29/5/2025;Pollo entero;Otros;Veracruz;3.5;2.65;$66.40;;;;;;
29/5/2025;Pollo entero;Pilgrim's;Quer?taro;3.5;2.65;$66.60;;;;;;
29/5/2025;Pollo entero;Tyson;Coahuila;3.5;2.65;$66.80;;;;;;
29/5/2025;Pollo tipo rosticero;Bachoco;Guanajuato;2.7;1.8;$68.00;;;;;;
30/5/2025;Gallina;Sin marca;Tabasco;3.6;3.3;$55.00;;;;;;
30/5/2025;Pollo entero;Bachoco;Guanajuato;3.5;2.65;$67.00;;;;;;
30/5/2025;Pollo entero;Otros;Veracruz;3.5;2.65;$66.40;;;;;;
30/5/2025;Pollo entero;Pilgrim's;Quer?taro;3.5;2.65;$66.60;;;;;;
30/5/2025;Pollo entero;Tyson;Coahuila;3.5;2.65;$66.80;;;;;;
30/5/2025;Pollo tipo rosticero;Bachoco;Guanajuato;2.7;1.8;$68.00;;;;;;
D.F. : Centro de distribuci?n Nuevo San Juan;;;;;;;;;;;;
2/5/2025;Gallina;Sin marca;Coahuila;3.6;3.3;$55.00;;;;;;
2/5/2025;Pollo entero;Bachoco;Guanajuato;3.5;2.65;$62.90;;;;;;
2/5/2025;Pollo entero;Otros;Veracruz;3.5;2.65;$62.30;;;;;;
2/5/2025;Pollo entero;Pilgrim's;Quer?taro;3.5;2.65;$62.50;;;;;;
2/5/2025;Pollo entero;Tyson;Coahuila;3.5;2.65;$62.70;;;;;;
2/5/2025;Pollo tipo rosticero;Bachoco;Guanajuato;2.7;1.8;$64.00;;;;;;
6/5/2025;Gallina;Sin marca;Veracruz;3.6;3.3;$55.00;;;;;;
6/5/2025;Pollo entero;Bachoco;Guanajuato;3.5;2.65;$64.90;;;;;;
6/5/2025;Pollo entero;Otros;Veracruz;3.5;2.65;$64.30;;;;;;
6/5/2025;Pollo entero;Pilgrim's;Quer?taro;3.5;2.65;$64.50;;;;;;
6/5/2025;Pollo entero;Tyson;Coahuila;3.5;2.65;$64.70;;;;;;
6/5/2025;Pollo tipo rosticero;Bachoco;Guanajuato;2.7;1.8;$66.00;;;;;;
7/5/2025;Gallina;Sin marca;Chiapas;3.6;3.3;$55.00;;;;;;
7/5/2025;Pollo entero;Bachoco;Guanajuato;3.5;2.65;$64.90;;;;;;
7/5/2025;Pollo entero;Otros;Veracruz;3.5;2.65;$64.30;;;;;;
7/5/2025;Pollo entero;Pilgrim's;Quer?taro;3.5;2.65;$64.50;;;;;;
7/5/2025;Pollo entero;Tyson;Coahuila;3.5;2.65;$64.70;;;;;;
7/5/2025;Pollo tipo rosticero;Bachoco;Guanajuato;2.7;1.8;$66.00;;;;;;
8/5/2025;Gallina;Sin marca;Aguascalientes;3.6;3.3;$55.00;;;;;;
8/5/2025;Pollo entero;Bachoco;Guanajuato;3.5;2.65;$64.90;;;;;;
8/5/2025;Pollo entero;Otros;Veracruz;3.5;2.65;$64.30;;;;;;
8/5/2025;Pollo entero;Pilgrim's;Quer?taro;3.5;2.65;$64.50;;;;;;
8/5/2025;Pollo entero;Tyson;Coahuila;3.5;2.65;$64.70;;;;;;
8/5/2025;Pollo tipo rosticero;Bachoco;Guanajuato;2.7;1.8;$66.00;;;;;;
9/5/2025;Gallina;Sin marca;Jalisco;3.6;3.3;$55.00;;;;;;
9/5/2025;Pollo entero;Bachoco;Guanajuato;3.5;2.65;$64.90;;;;;;
9/5/2025;Pollo entero;Bachoco;Quer?taro;3.5;2.65;$64.50;;;;;;
9/5/2025;Pollo entero;Otros;Veracruz;3.5;2.65;$64.30;;;;;;
9/5/2025;Pollo entero;Tyson;Coahuila;3.5;2.65;$64.70;;;;;;
9/5/2025;Pollo tipo rosticero;Bachoco;Guanajuato;2.7;1.8;$64.00;;;;;;
12/5/2025;Gallina;Sin marca;Veracruz;3.6;3.3;$55.00;;;;;;
12/5/2025;Pollo entero;Bachoco;Guanajuato;3.5;2.65;$64.90;;;;;;
12/5/2025;Pollo entero;Otros;Veracruz;3.5;2.65;$64.30;;;;;;
12/5/2025;Pollo entero;Pilgrim's;Quer?taro;3.5;2.65;$64.50;;;;;;
12/5/2025;Pollo entero;Tyson;Coahuila;3.5;2.65;$64.70;;;;;;
12/5/2025;Pollo tipo rosticero;Bachoco;Guanajuato;2.7;1.8;$66.00;;;;;;
13/5/2025;Gallina;Sin marca;Tamaulipas;3.6;3.3;$55.00;;;;;;
13/5/2025;Pollo entero;Bachoco;Guanajuato;3.5;2.65;$64.90;;;;;;
13/5/2025;Pollo entero;Otros;Veracruz;3.5;2.65;$64.30;;;;;;
13/5/2025;Pollo entero;Pilgrim's;Quer?taro;3.5;2.65;$64.50;;;;;;
13/5/2025;Pollo entero;Tyson;Coahuila;3.5;2.65;$64.70;;;;;;
13/5/2025;Pollo tipo rosticero;Bachoco;Guanajuato;2.7;1.8;$66.00;;;;;;
14/5/2025;Gallina;Sin marca;Oaxaca;3.6;3.3;$55.00;;;;;;
14/5/2025;Pollo entero;Bachoco;Guanajuato;3.5;2.65;$64.90;;;;;;
14/5/2025;Pollo entero;Otros;Veracruz;3.5;2.65;$64.30;;;;;;
14/5/2025;Pollo entero;Pilgrim's;Quer?taro;3.5;2.65;$64.50;;;;;;
14/5/2025;Pollo entero;Tyson;Coahuila;3.5;2.65;$64.70;;;;;;
14/5/2025;Pollo tipo rosticero;Bachoco;Guanajuato;2.7;1.8;$66.00;;;;;;
15/5/2025;Gallina;Sin marca;Chiapas;3.6;3.3;$55.00;;;;;;
15/5/2025;Pollo entero;Bachoco;Guanajuato;3.5;2.65;$64.90;;;;;;
15/5/2025;Pollo entero;Otros;Veracruz;3.5;2.65;$64.30;;;;;;
15/5/2025;Pollo entero;Pilgrim's;Quer?taro;3.5;2.65;$64.50;;;;;;
15/5/2025;Pollo entero;Tyson;Coahuila;3.5;2.65;$64.70;;;;;;
15/5/2025;Pollo tipo rosticero;Bachoco;Guanajuato;2.7;1.8;$66.00;;;;;;
16/5/2025;Gallina;Sin marca;Veracruz;3.6;3.3;$55.00;;;;;;
16/5/2025;Pollo entero;Bachoco;Guanajuato;3.5;2.65;$64.90;;;;;;
16/5/2025;Pollo entero;Otros;Veracruz;3.5;2.65;$64.30;;;;;;
16/5/2025;Pollo entero;Pilgrim's;Quer?taro;3.5;2.65;$64.50;;;;;;
16/5/2025;Pollo entero;Tyson;Coahuila;3.5;2.65;$64.70;;;;;;
16/5/2025;Pollo tipo rosticero;Bachoco;Guanajuato;2.7;1.8;$66.00;;;;;;
19/5/2025;Gallina;Sin marca;Veracruz;3.6;3.3;$55.00;;;;;;
19/5/2025;Pollo entero;Bachoco;Guanajuato;3.5;2.65;$64.90;;;;;;
19/5/2025;Pollo entero;Otros;Veracruz;3.5;2.65;$64.30;;;;;;
19/5/2025;Pollo entero;Pilgrim's;Quer?taro;3.5;2.65;$64.50;;;;;;
19/5/2025;Pollo entero;Tyson;Coahuila;3.5;2.65;$64.70;;;;;;
19/5/2025;Pollo tipo rosticero;Bachoco;Guanajuato;2.7;1.8;$66.00;;;;;;
20/5/2025;Gallina;Sin marca;Chiapas;3.6;3.3;$55.00;;;;;;
20/5/2025;Pollo entero;Bachoco;Guanajuato;3.5;2.65;$64.90;;;;;;
20/5/2025;Pollo entero;Otros;Veracruz;3.5;2.65;$64.30;;;;;;
20/5/2025;Pollo entero;Pilgrim's;Quer?taro;3.5;2.65;$64.50;;;;;;
20/5/2025;Pollo entero;Tyson;Coahuila;3.5;2.65;$64.70;;;;;;
20/5/2025;Pollo tipo rosticero;Bachoco;Guanajuato;2.7;1.8;$66.00;;;;;;
21/5/2025;Gallina;Sin marca;Morelos;3.6;3.3;$55.00;;;;;;
21/5/2025;Pollo entero;Bachoco;Guanajuato;3.5;2.65;$64.90;;;;;;
21/5/2025;Pollo entero;Otros;Veracruz;3.5;2.65;$64.30;;;;;;
21/5/2025;Pollo entero;Pilgrim's;Quer?taro;3.5;2.65;$64.50;;;;;;
21/5/2025;Pollo entero;Tyson;Coahuila;3.5;2.65;$64.70;;;;;;
21/5/2025;Pollo tipo rosticero;Bachoco;Guanajuato;2.7;1.8;$66.00;;;;;;
22/5/2025;Gallina;Sin marca;Jalisco;3.6;3.3;$55.00;;;;;;
22/5/2025;Pollo entero;Bachoco;Guanajuato;3.5;2.65;$64.90;;;;;;
22/5/2025;Pollo entero;Otros;Veracruz;3.5;2.65;$64.30;;;;;;
22/5/2025;Pollo entero;Pilgrim's;Quer?taro;3.5;2.65;$64.50;;;;;;
22/5/2025;Pollo entero;Tyson;Coahuila;3.5;2.65;$64.70;;;;;;
22/5/2025;Pollo tipo rosticero;Bachoco;Guanajuato;2.7;1.8;$66.00;;;;;;
23/5/2025;Gallina;Sin marca;Chiapas;3.6;3.3;$55.00;;;;;;
23/5/2025;Pollo entero;Bachoco;Guanajuato;3.5;2.65;$64.90;;;;;;
23/5/2025;Pollo entero;Otros;Veracruz;3.5;2.65;$64.30;;;;;;
23/5/2025;Pollo entero;Pilgrim's;Quer?taro;3.5;2.65;$64.50;;;;;;
23/5/2025;Pollo entero;Tyson;Coahuila;3.5;2.65;$64.70;;;;;;
23/5/2025;Pollo tipo rosticero;Bachoco;Guanajuato;2.7;1.8;$66.00;;;;;;
26/5/2025;Gallina;Sin marca;Veracruz;3.6;3.3;$55.00;;;;;;
26/5/2025;Pollo entero;Bachoco;Guanajuato;3.5;2.65;$65.90;;;;;;
26/5/2025;Pollo entero;Otros;Veracruz;3.5;2.65;$65.40;;;;;;
26/5/2025;Pollo entero;Pilgrim's;Quer?taro;3.5;2.5;$65.60;;;;;;
26/5/2025;Pollo entero;Tyson;Coahuila;3.5;2.65;$65.80;;;;;;
26/5/2025;Pollo tipo rosticero;Bachoco;Guanajuato;2.7;1.8;$67.00;;;;;;
27/5/2025;Gallina;Sin marca;Jalisco;3.6;3.3;$55.00;;;;;;
27/5/2025;Pollo entero;Bachoco;Guanajuato;3.5;2.65;$65.90;;;;;;
27/5/2025;Pollo entero;Otros;Veracruz;3.5;2.65;$65.30;;;;;;
27/5/2025;Pollo entero;Pilgrim's;Quer?taro;3.5;2.65;$65.50;;;;;;
27/5/2025;Pollo entero;Tyson;Coahuila;3.5;2.65;$65.70;;;;;;
27/5/2025;Pollo tipo rosticero;Bachoco;Guanajuato;2.7;1.8;$67.00;;;;;;
28/5/2025;Gallina;Sin marca;Chiapas;3.6;3.3;$55.00;;;;;;
28/5/2025;Pollo entero;Bachoco;Guanajuato;3.5;2.65;$66.90;;;;;;
28/5/2025;Pollo entero;Otros;Veracruz;3.5;2.65;$66.30;;;;;;
28/5/2025;Pollo entero;Pilgrim's;Quer?taro;3.5;2.65;$66.50;;;;;;
28/5/2025;Pollo entero;Tyson;Coahuila;3.5;2.65;$66.70;;;;;;
28/5/2025;Pollo tipo rosticero;Bachoco;Guanajuato;2.7;1.8;$68.00;;;;;;
29/5/2025;Gallina;Sin marca;Aguascalientes;3.6;3.3;$55.00;;;;;;
29/5/2025;Pollo entero;Bachoco;Guanajuato;3.5;2.65;$66.90;;;;;;
29/5/2025;Pollo entero;Otros;Veracruz;3.5;2.65;$66.30;;;;;;
29/5/2025;Pollo entero;Pilgrim's;Quer?taro;3.5;2.65;$66.50;;;;;;
29/5/2025;Pollo entero;Tyson;Coahuila;3.5;2.65;$66.70;;;;;;
29/5/2025;Pollo tipo rosticero;Bachoco;Guanajuato;2.7;1.8;$68.00;;;;;;
30/5/2025;Gallina;Sin marca;Sinaloa;3.6;3.3;$55.00;;;;;;
30/5/2025;Pollo entero;Bachoco;Guanajuato;3.5;2.65;$66.90;;;;;;
30/5/2025;Pollo entero;Otros;Veracruz;3.5;2.65;$66.30;;;;;;
30/5/2025;Pollo entero;Pilgrim's;Quer?taro;3.5;2.65;$66.50;;;;;;
30/5/2025;Pollo entero;Tyson;Coahuila;3.5;2.65;$66.70;;;;;;
30/5/2025;Pollo tipo rosticero;Bachoco;Guanajuato;2.7;1.8;$68.00;;;;;;
D.F. : Centro de distribuci?n Ray?n;;;;;;;;;;;;
2/5/2025;Gallina;Sin marca;Morelos;3.6;3.3;$55.00;;;;;;
2/5/2025;Pollo entero;Bachoco;Guanajuato;3.5;2.65;$62.70;;;;;;
2/5/2025;Pollo entero;Otros;Veracruz;3.5;2.65;$62.30;;;;;;
2/5/2025;Pollo entero;Pilgrim's;Quer?taro;3.5;2.65;$62.50;;;;;;
2/5/2025;Pollo tipo rosticero;Bachoco;Guanajuato;2.7;1.8;$64.00;;;;;;
6/5/2025;Gallina;Sin marca;Quer?taro;3.6;3.3;$55.00;;;;;;
6/5/2025;Pollo entero;Bachoco;Guanajuato;3.5;2.65;$64.70;;;;;;
6/5/2025;Pollo entero;Otros;Veracruz;3.5;2.65;$64.30;;;;;;
6/5/2025;Pollo entero;Pilgrim's;Quer?taro;3.5;2.65;$64.50;;;;;;
6/5/2025;Pollo tipo rosticero;Bachoco;Guanajuato;2.7;1.8;$66.00;;;;;;
7/5/2025;Gallina;Sin marca;Hidalgo;3.6;3.3;$55.00;;;;;;
7/5/2025;Pollo entero;Bachoco;Guanajuato;3.5;2.65;$64.70;;;;;;
7/5/2025;Pollo entero;Otros;Veracruz;3.5;2.65;$64.30;;;;;;
7/5/2025;Pollo entero;Pilgrim's;Quer?taro;3.5;2.65;$64.50;;;;;;
7/5/2025;Pollo tipo rosticero;Bachoco;Guanajuato;2.7;1.8;$66.00;;;;;;
8/5/2025;Gallina;Sin marca;Sinaloa;3.6;3.3;$55.00;;;;;;
8/5/2025;Pollo entero;Bachoco;Guanajuato;3.5;2.65;$64.70;;;;;;
8/5/2025;Pollo entero;Otros;Veracruz;3.5;2.65;$64.30;;;;;;
8/5/2025;Pollo entero;Pilgrim's;Quer?taro;3.5;2.65;$64.50;;;;;;
8/5/2025;Pollo tipo rosticero;Bachoco;Guanajuato;2.7;1.8;$66.00;;;;;;
9/5/2025;Gallina;Sin marca;Guerrero;3.6;3.3;$55.00;;;;;;
9/5/2025;Pollo entero;Bachoco;Guanajuato;3.5;2.65;$64.70;;;;;;
9/5/2025;Pollo entero;Otros;Veracruz;3.5;2.65;$64.30;;;;;;
9/5/2025;Pollo entero;Pilgrim's;Quer?taro;3.5;2.65;$64.50;;;;;;
9/5/2025;Pollo tipo rosticero;Bachoco;Guanajuato;2.7;1.8;$66.00;;;;;;
12/5/2025;Gallina;Sin marca;Guanajuato;3.6;3.3;$55.00;;;;;;
12/5/2025;Pollo entero;Bachoco;Guanajuato;3.5;2.65;$64.70;;;;;;
12/5/2025;Pollo entero;Otros;Veracruz;3.5;2.65;$64.30;;;;;;
12/5/2025;Pollo entero;Pilgrim's;Quer?taro;3.5;2.65;$64.50;;;;;;
12/5/2025;Pollo tipo rosticero;Bachoco;Guanajuato;2.7;1.8;$66.00;;;;;;
13/5/2025;Gallina;Sin marca;Puebla;3.6;3.3;$55.00;;;;;;
13/5/2025;Pollo entero;Bachoco;Guanajuato;3.5;2.65;$64.70;;;;;;
13/5/2025;Pollo entero;Otros;Veracruz;3.5;2.65;$64.30;;;;;;
13/5/2025;Pollo entero;Pilgrim's;Quer?taro;3.5;2.65;$64.50;;;;;;
13/5/2025;Pollo tipo rosticero;Bachoco;Guanajuato;2.7;1.8;$66.00;;;;;;
14/5/2025;Gallina;Sin marca;Tlaxcala;3.6;3.3;$55.00;;;;;;
14/5/2025;Pollo entero;Bachoco;Guanajuato;3.5;2.65;$64.70;;;;;;
14/5/2025;Pollo entero;Otros;Veracruz;3.5;2.65;$64.30;;;;;;
14/5/2025;Pollo entero;Pilgrim's;Quer?taro;3.5;2.65;$64.50;;;;;;
14/5/2025;Pollo tipo rosticero;Bachoco;Guanajuato;2.7;1.8;$66.00;;;;;;
15/5/2025;Gallina;Sin marca;Durango;3.6;3.2;$55.00;;;;;;
15/5/2025;Pollo entero;Bachoco;Guanajuato;3.53;2.65;$64.70;;;;;;
15/5/2025;Pollo entero;Otros;Veracruz;3.5;2.65;$64.30;;;;;;
15/5/2025;Pollo entero;Pilgrim's;Quer?taro;3.53;2.65;$64.50;;;;;;
15/5/2025;Pollo tipo rosticero;Bachoco;Guanajuato;2.7;1.8;$66.00;;;;;;
16/5/2025;Gallina;Sin marca;Guerrero;3.6;3.3;$55.00;;;;;;
16/5/2025;Pollo entero;Bachoco;Guanajuato;3.5;2.65;$64.70;;;;;;
16/5/2025;Pollo entero;Otros;Veracruz;3.5;2.65;$64.30;;;;;;
16/5/2025;Pollo entero;Pilgrim's;Quer?taro;3.5;2.65;$64.50;;;;;;
16/5/2025;Pollo tipo rosticero;Bachoco;Guanajuato;2.7;1.8;$66.00;;;;;;
19/5/2025;Gallina;Sin marca;Guanajuato;3.6;3.3;$55.00;;;;;;
19/5/2025;Pollo entero;Bachoco;Guanajuato;3.5;2.65;$64.70;;;;;;
19/5/2025;Pollo entero;Otros;Veracruz;3.5;2.65;$64.30;;;;;;
19/5/2025;Pollo entero;Pilgrim's;Quer?taro;3.5;2.65;$64.50;;;;;;
19/5/2025;Pollo tipo rosticero;Bachoco;Guanajuato;2.7;1.8;$66.00;;;;;;
20/5/2025;Gallina;Sin marca;Tlaxcala;3.6;3.3;$55.00;;;;;;
20/5/2025;Pollo entero;Bachoco;Guanajuato;3.5;2.65;$64.70;;;;;;
20/5/2025;Pollo entero;Otros;Veracruz;3.5;2.65;$64.30;;;;;;
20/5/2025;Pollo entero;Pilgrim's;Quer?taro;3.5;2.65;$64.50;;;;;;
20/5/2025;Pollo tipo rosticero;Bachoco;Guanajuato;2.7;1.8;$66.00;;;;;;
21/5/2025;Gallina;Sin marca;Sinaloa;3.6;3.3;$55.00;;;;;;
21/5/2025;Pollo entero;Bachoco;Guanajuato;3.5;2.65;$64.70;;;;;;
21/5/2025;Pollo entero;Otros;Veracruz;3.5;2.65;$64.30;;;;;;
21/5/2025;Pollo entero;Pilgrim's;Quer?taro;3.5;2.65;$64.50;;;;;;
21/5/2025;Pollo tipo rosticero;Bachoco;Guanajuato;2.7;1.8;$66.00;;;;;;
22/5/2025;Gallina;Sin marca;Guanajuato;3.6;3.3;$55.00;;;;;;
22/5/2025;Pollo entero;Bachoco;Guanajuato;3.5;2.65;$64.70;;;;;;
22/5/2025;Pollo entero;Otros;Veracruz;3.5;2.65;$64.30;;;;;;
22/5/2025;Pollo entero;Pilgrim's;Quer?taro;3.5;2.65;$64.50;;;;;;
22/5/2025;Pollo tipo rosticero;Bachoco;Guanajuato;2.7;1.8;$66.00;;;;;;
23/5/2025;Gallina;Sin marca;Quer?taro;3.6;3.3;$55.00;;;;;;
23/5/2025;Pollo entero;Bachoco;Guanajuato;3.5;2.65;$64.70;;;;;;
23/5/2025;Pollo entero;Otros;Veracruz;3.5;2.65;$64.30;;;;;;
23/5/2025;Pollo entero;Pilgrim's;Quer?taro;3.5;2.65;$64.50;;;;;;
23/5/2025;Pollo tipo rosticero;Bachoco;Guanajuato;2.7;1.8;$66.00;;;;;;
26/5/2025;Gallina;Sin marca;Quer?taro;3.6;3.3;$55.00;;;;;;
26/5/2025;Pollo entero;Bachoco;Guanajuato;3.5;2.65;$65.70;;;;;;
26/5/2025;Pollo entero;Otros;Veracruz;3.5;2.65;$65.30;;;;;;
26/5/2025;Pollo entero;Pilgrim's;Quer?taro;3.5;2.65;$65.50;;;;;;
26/5/2025;Pollo tipo rosticero;Bachoco;Guanajuato;2.7;1.8;$67.00;;;;;;
27/5/2025;Gallina;Sin marca;Puebla;3.6;3.3;$55.00;;;;;;
27/5/2025;Pollo entero;Bachoco;Guanajuato;3.5;2.65;$65.70;;;;;;
27/5/2025;Pollo entero;Otros;Veracruz;3.5;2.65;$65.30;;;;;;
27/5/2025;Pollo entero;Pilgrim's;Quer?taro;3.5;2.65;$65.50;;;;;;
27/5/2025;Pollo tipo rosticero;Bachoco;Guanajuato;2.7;1.8;$67.00;;;;;;
28/5/2025;Gallina;Sin marca;Michoac?n;3.6;3.3;$55.00;;;;;;
28/5/2025;Pollo entero;Bachoco;Guanajuato;3.5;2.65;$66.70;;;;;;
28/5/2025;Pollo entero;Otros;Veracruz;3.5;2.65;$66.30;;;;;;
28/5/2025;Pollo entero;Pilgrim's;Quer?taro;3.5;2.65;$66.50;;;;;;
28/5/2025;Pollo tipo rosticero;Bachoco;Guanajuato;2.7;1.8;$68.00;;;;;;
29/5/2025;Gallina;Sin marca;Edo. de M?xico;3.6;3.3;$55.00;;;;;;
29/5/2025;Pollo entero;Bachoco;Guanajuato;3.5;2.65;$66.70;;;;;;
29/5/2025;Pollo entero;Otros;Veracruz;3.5;2.65;$66.30;;;;;;
29/5/2025;Pollo entero;Pilgrim's;Quer?taro;3.5;2.65;$66.50;;;;;;
29/5/2025;Pollo tipo rosticero;Bachoco;Guanajuato;2.7;1.8;$68.00;;;;;;
30/5/2025;Gallina;Sin marca;Morelos;3.6;3.3;$55.00;;;;;;
30/5/2025;Pollo entero;Bachoco;Guanajuato;3.5;2.65;$66.70;;;;;;
30/5/2025;Pollo entero;Otros;Veracruz;3.5;2.65;$66.30;;;;;;
30/5/2025;Pollo entero;Pilgrim's;Quer?taro;3.5;2.65;$66.50;;;;;;
30/5/2025;Pollo tipo rosticero;Bachoco;Guanajuato;2.7;1.8;$68.00;;;;;;
D.F. : Centro de distribuci?n San Juan;;;;;;;;;;;;
2/5/2025;Gallina;Sin marca;Hidalgo;3.6;3.3;$55.00;;;;;;
2/5/2025;Pollo entero;Bachoco;Guanajuato;3.5;2.65;$62.50;;;;;;
2/5/2025;Pollo entero;Otros;Veracruz;3.5;2.65;$62.00;;;;;;
2/5/2025;Pollo entero;Pilgrim's;Quer?taro;3.5;2.65;$62.30;;;;;;
2/5/2025;Pollo tipo rosticero;Bachoco;Guanajuato;2.7;1.8;$64.00;;;;;;
6/5/2025;Gallina;Sin marca;Guanajuato;3.6;3.3;$55.00;;;;;;
6/5/2025;Pollo entero;Bachoco;Guanajuato;3.5;2.65;$64.50;;;;;;
6/5/2025;Pollo entero;Otros;Veracruz;3.5;2.65;$64.00;;;;;;
6/5/2025;Pollo entero;Pilgrim's;Quer?taro;3.5;2.65;$64.30;;;;;;
6/5/2025;Pollo tipo rosticero;Bachoco;Guanajuato;2.7;1.8;$66.00;;;;;;
7/5/2025;Gallina;Sin marca;Tlaxcala;3.6;3.3;$55.00;;;;;;
7/5/2025;Pollo entero;Bachoco;Guanajuato;3.5;2.65;$64.50;;;;;;
7/5/2025;Pollo entero;Otros;Veracruz;3.5;2.65;$64.00;;;;;;
7/5/2025;Pollo entero;Pilgrim's;Quer?taro;3.5;2.65;$64.30;;;;;;
7/5/2025;Pollo tipo rosticero;Bachoco;Guanajuato;2.7;1.8;$66.00;;;;;;
8/5/2025;Gallina;Sin marca;Morelos;3.6;3.3;$55.00;;;;;;
8/5/2025;Pollo entero;Bachoco;Guanajuato;3.5;2.65;$64.50;;;;;;
8/5/2025;Pollo entero;Otros;Veracruz;3.5;2.65;$64.00;;;;;;
8/5/2025;Pollo entero;Pilgrim's;Quer?taro;3.5;2.65;$64.30;;;;;;
8/5/2025;Pollo tipo rosticero;Bachoco;Guanajuato;2.7;1.8;$66.00;;;;;;
9/5/2025;Gallina;Sin marca;Edo. de M?xico;3.6;3.3;$55.00;;;;;;
9/5/2025;Pollo entero;Bachoco;Guanajuato;3.5;2.65;$64.50;;;;;;
9/5/2025;Pollo entero;Otros;Veracruz;3.5;2.65;$64.00;;;;;;
9/5/2025;Pollo entero;Pilgrim's;Quer?taro;3.5;2.65;$64.30;;;;;;
9/5/2025;Pollo tipo rosticero;Bachoco;Guanajuato;2.7;1.8;$66.00;;;;;;
12/5/2025;Gallina;Sin marca;Quer?taro;3.6;3.3;$55.00;;;;;;
12/5/2025;Pollo entero;Bachoco;Guanajuato;3.5;2.65;$64.50;;;;;;
12/5/2025;Pollo entero;Otros;Veracruz;3.5;2.65;$64.00;;;;;;
12/5/2025;Pollo entero;Pilgrim's;Quer?taro;3.5;2.65;$64.30;;;;;;
12/5/2025;Pollo tipo rosticero;Bachoco;Guanajuato;2.7;1.8;$66.00;;;;;;
13/5/2025;Gallina;Sin marca;Morelos;3.6;3.3;$55.00;;;;;;
13/5/2025;Pollo entero;Bachoco;Guanajuato;3.5;2.65;$64.50;;;;;;
13/5/2025;Pollo entero;Otros;Veracruz;3.5;2.65;$64.00;;;;;;
13/5/2025;Pollo entero;Pilgrim's;Quer?taro;3.5;2.65;$64.30;;;;;;
13/5/2025;Pollo tipo rosticero;Bachoco;Guanajuato;2.7;1.8;$66.00;;;;;;
14/5/2025;Gallina;Sin marca;Hidalgo;3.6;3.3;$55.00;;;;;;
14/5/2025;Pollo entero;Bachoco;Guanajuato;3.5;2.65;$64.50;;;;;;
14/5/2025;Pollo entero;Otros;Veracruz;3.5;2.65;$64.00;;;;;;
14/5/2025;Pollo entero;Pilgrim's;Quer?taro;3.5;2.65;$64.30;;;;;;
14/5/2025;Pollo tipo rosticero;Bachoco;Guanajuato;2.7;1.8;$66.00;;;;;;
15/5/2025;Gallina;Sin marca;Aguascalientes;3.6;3.3;$55.00;;;;;;
15/5/2025;Pollo entero;Bachoco;Guanajuato;3.5;2.65;$64.50;;;;;;
15/5/2025;Pollo entero;Otros;Veracruz;3.5;2.65;$64.00;;;;;;
15/5/2025;Pollo entero;Pilgrim's;Quer?taro;3.5;2.65;$64.30;;;;;;
15/5/2025;Pollo tipo rosticero;Bachoco;Guanajuato;2.7;1.8;$66.00;;;;;;
16/5/2025;Gallina;Sin marca;Morelos;3.6;3.3;$55.00;;;;;;
16/5/2025;Pollo entero;Bachoco;Guanajuato;3.5;2.65;$64.50;;;;;;
16/5/2025;Pollo entero;Otros;Veracruz;3.5;2.65;$64.00;;;;;;
16/5/2025;Pollo entero;Pilgrim's;Quer?taro;3.5;2.65;$64.30;;;;;;
16/5/2025;Pollo tipo rosticero;Bachoco;Guanajuato;2.7;1.8;$66.00;;;;;;
19/5/2025;Gallina;Sin marca;Quer?taro;3.6;3.3;$55.00;;;;;;
19/5/2025;Pollo entero;Bachoco;Guanajuato;2.7;1.8;$64.50;;;;;;
19/5/2025;Pollo entero;Otros;Veracruz;3.5;2.65;$64.00;;;;;;
19/5/2025;Pollo entero;Pilgrim's;Quer?taro;3.5;2.65;$64.30;;;;;;
19/5/2025;Pollo tipo rosticero;Bachoco;Guanajuato;2.7;1.8;$66.00;;;;;;
20/5/2025;Gallina;Sin marca;Hidalgo;3.6;3.3;$55.00;;;;;;
20/5/2025;Pollo entero;Bachoco;Guanajuato;3.5;2.65;$64.50;;;;;;
20/5/2025;Pollo entero;Otros;Veracruz;3.5;2.65;$64.00;;;;;;
20/5/2025;Pollo entero;Pilgrim's;Quer?taro;3.5;2.65;$64.30;;;;;;
20/5/2025;Pollo tipo rosticero;Bachoco;Guanajuato;2.7;1.8;$66.00;;;;;;
21/5/2025;Gallina;Sin marca;Tabasco;3.6;3.3;$55.00;;;;;;
21/5/2025;Pollo entero;Bachoco;Guanajuato;3.5;2.65;$64.50;;;;;;
21/5/2025;Pollo entero;Otros;Veracruz;3.5;2.65;$64.00;;;;;;
21/5/2025;Pollo entero;Pilgrim's;Quer?taro;3.5;2.65;$64.30;;;;;;
21/5/2025;Pollo tipo rosticero;Bachoco;Guanajuato;2.7;1.8;$66.00;;;;;;
22/5/2025;Gallina;Sin marca;Aguascalientes;3.6;3.3;$55.00;;;;;;
22/5/2025;Pollo entero;Bachoco;Guanajuato;3.5;2.65;$64.50;;;;;;
22/5/2025;Pollo entero;Otros;Veracruz;3.5;2.65;$64.00;;;;;;
22/5/2025;Pollo entero;Pilgrim's;Quer?taro;3.5;2.65;$64.30;;;;;;
22/5/2025;Pollo tipo rosticero;Bachoco;Guanajuato;2.7;1.8;$66.00;;;;;;
23/5/2025;Gallina;Sin marca;Hidalgo;3.6;3.3;$55.00;;;;;;
23/5/2025;Pollo entero;Bachoco;Guanajuato;3.5;2.65;$64.50;;;;;;
23/5/2025;Pollo entero;Otros;Veracruz;3.5;2.65;$64.00;;;;;;
23/5/2025;Pollo entero;Pilgrim's;Quer?taro;3.5;2.65;$64.30;;;;;;
23/5/2025;Pollo tipo rosticero;Bachoco;Guanajuato;2.7;1.8;$66.00;;;;;;
26/5/2025;Gallina;Sin marca;Guanajuato;3.6;3.3;$55.00;;;;;;
26/5/2025;Pollo entero;Bachoco;Guanajuato;3.5;2.65;$65.50;;;;;;
26/5/2025;Pollo entero;Otros;Veracruz;3.5;2.65;$65.00;;;;;;
26/5/2025;Pollo entero;Pilgrim's;Quer?taro;3.5;2.65;$65.30;;;;;;
26/5/2025;Pollo tipo rosticero;Bachoco;Guanajuato;2.7;1.8;$67.00;;;;;;
27/5/2025;Gallina;Sin marca;Oaxaca;3.6;3.3;$55.00;;;;;;
27/5/2025;Pollo entero;Bachoco;Guanajuato;3.5;2.65;$65.50;;;;;;
27/5/2025;Pollo entero;Otros;Veracruz;3.5;2.65;$65.00;;;;;;
27/5/2025;Pollo entero;Pilgrim's;Quer?taro;3.5;2.65;$65.30;;;;;;
27/5/2025;Pollo tipo rosticero;Bachoco;Guanajuato;2.7;1.8;$67.00;;;;;;
28/5/2025;Gallina;Sin marca;Morelos;3.6;3.3;$55.00;;;;;;
28/5/2025;Pollo entero;Bachoco;Guanajuato;3.5;2.65;$66.50;;;;;;
28/5/2025;Pollo entero;Otros;Veracruz;3.6;3.3;$66.00;;;;;;
28/5/2025;Pollo entero;Pilgrim's;Quer?taro;3.5;2.65;$66.30;;;;;;
28/5/2025;Pollo tipo rosticero;Bachoco;Guanajuato;2.7;1.8;$68.00;;;;;;
29/5/2025;Gallina;Sin marca;Tlaxcala;3.6;3.3;$55.00;;;;;;
29/5/2025;Pollo entero;Bachoco;Guanajuato;3.5;2.65;$66.50;;;;;;
29/5/2025;Pollo entero;Otros;Veracruz;3.5;2.65;$66.00;;;;;;
29/5/2025;Pollo entero;Pilgrim's;Quer?taro;3.5;2.65;$66.30;;;;;;
29/5/2025;Pollo tipo rosticero;Bachoco;Guanajuato;2.7;1.8;$68.00;;;;;;
30/5/2025;Gallina;Sin marca;Tlaxcala;3.6;3.3;$55.00;;;;;;
30/5/2025;Pollo entero;Bachoco;Guanajuato;3.5;2.65;$66.50;;;;;;
30/5/2025;Pollo entero;Otros;Veracruz;3.5;2.65;$66.00;;;;;;
30/5/2025;Pollo entero;Pilgrim's;Quer?taro;3.5;2.65;$66.30;;;;;;
30/5/2025;Pollo tipo rosticero;Bachoco;Guanajuato;2.7;1.8;$68.00;;;;;;
Qro. : Centros de distribuci?n de Quer?taro;;;;;;;;;;;;
2/5/2025;Pollo entero;Pilgrim's;Quer?taro;2.7;2.5;$62.00;;;;;;
6/5/2025;Pollo entero;Pilgrim's;Quer?taro;2.7;2.5;$62.00;;;;;;
7/5/2025;Pollo entero;Pilgrim's;Quer?taro;2.7;2.5;$62.00;;;;;;
8/5/2025;Pollo entero;Pilgrim's;Quer?taro;2.7;2.5;$72.00;;;;;;
9/5/2025;Pollo entero;Pilgrim's;Quer?taro;2.7;2.5;$72.00;;;;;;
12/5/2025;Pollo entero;Pilgrim's;Quer?taro;2.7;2.5;$72.00;;;;;;
13/5/2025;Pollo entero;Pilgrim's;Quer?taro;2.7;2.5;$72.00;;;;;;
14/5/2025;Pollo entero;Pilgrim's;Quer?taro;2.7;2.5;$72.00;;;;;;
15/5/2025;Pollo entero;Pilgrim's;Quer?taro;2.7;2.5;$72.00;;;;;;
16/5/2025;Pollo entero;Pilgrim's;Quer?taro;2.7;2.5;$72.00;;;;;;
19/5/2025;Pollo entero;Pilgrim's;Quer?taro;2.7;2.5;$74.00;;;;;;
20/5/2025;Pollo entero;Pilgrim's;Quer?taro;2.7;2.5;$74.00;;;;;;
21/5/2025;Pollo entero;Pilgrim's;Quer?taro;2.7;2.5;$74.00;;;;;;
22/5/2025;Pollo entero;Pilgrim's;Quer?taro;2.7;2.5;$74.00;;;;;;
23/5/2025;Pollo entero;Pilgrim's;Quer?taro;2.7;2.5;$74.00;;;;;;
26/5/2025;Pollo entero;Pilgrim's;Quer?taro;2.7;2.5;$74.00;;;;;;
27/5/2025;Pollo entero;Pilgrim's;Quer?taro;2.7;2.5;$74.00;;;;;;
28/5/2025;Pollo entero;Pilgrim's;Quer?taro;2.7;2.5;$74.00;;;;;;
29/5/2025;Pollo entero;Pilgrim's;Quer?taro;2.7;2.5;$74.00;;;;;;
30/5/2025;Pollo entero;Pilgrim's;Quer?taro;2.7;2.5;$74.00;;;;;;
Zac: Mercado de Abasto de Zacatecas;;;;;;;;;;;;
2/5/2025;Pollo entero;Nutri Pollo;San Luis Potos?;2.1;1.9;$70.00;;;;;;
2/5/2025;Pollo entero;Pilgrim's;San Luis Potos?;2.1;1.9;$70.00;;;;;;
2/5/2025;Pollo tipo rosticero;Nutri Pollo;San Luis Potos?;1.4;1.2;$66.00;;;;;;
2/5/2025;Pollo tipo rosticero;Pilgrim's;San Luis Potos?;1.4;1.2;$66.00;;;;;;
6/5/2025;Pollo entero;Nutri Pollo;San Luis Potos?;2.1;1.9;$70.00;;;;;;
6/5/2025;Pollo entero;Pilgrim's;San Luis Potos?;2.1;1.9;$70.00;;;;;;
6/5/2025;Pollo tipo rosticero;Nutri Pollo;San Luis Potos?;1.4;1.2;$66.00;;;;;;
6/5/2025;Pollo tipo rosticero;Pilgrim's;San Luis Potos?;1.4;1.2;$66.00;;;;;;
7/5/2025;Pollo entero;Nutri Pollo;San Luis Potos?;2.1;1.9;$75.00;;;;;;
7/5/2025;Pollo entero;Pilgrim's;San Luis Potos?;2.1;1.9;$75.00;;;;;;
7/5/2025;Pollo tipo rosticero;Nutri Pollo;San Luis Potos?;1.4;1.2;$74.00;;;;;;
7/5/2025;Pollo tipo rosticero;Pilgrim's;San Luis Potos?;1.4;1.2;$74.00;;;;;;
8/5/2025;Pollo entero;Nutri Pollo;San Luis Potos?;2.1;1.9;$75.00;;;;;;
8/5/2025;Pollo entero;Pilgrim's;San Luis Potos?;2.1;1.9;$75.00;;;;;;
8/5/2025;Pollo tipo rosticero;Nutri Pollo;San Luis Potos?;1.4;1.2;$74.00;;;;;;
8/5/2025;Pollo tipo rosticero;Pilgrim's;San Luis Potos?;1.4;1.2;$74.00;;;;;;
9/5/2025;Pollo entero;Nutri Pollo;San Luis Potos?;2.1;1.9;$75.00;;;;;;
9/5/2025;Pollo entero;Pilgrim's;San Luis Potos?;2.1;1.9;$75.00;;;;;;
9/5/2025;Pollo tipo rosticero;Nutri Pollo;San Luis Potos?;1.4;1.2;$74.00;;;;;;
9/5/2025;Pollo tipo rosticero;Pilgrim's;San Luis Potos?;1.4;1.2;$74.00;;;;;;
12/5/2025;Pollo entero;Nutri Pollo;San Luis Potos?;2.1;1.9;$75.00;;;;;;
12/5/2025;Pollo entero;Pilgrim's;San Luis Potos?;2.1;1.9;$75.00;;;;;;
12/5/2025;Pollo tipo rosticero;Nutri Pollo;San Luis Potos?;1.4;1.2;$74.00;;;;;;
12/5/2025;Pollo tipo rosticero;Pilgrim's;San Luis Potos?;1.4;1.2;$74.00;;;;;;
13/5/2025;Pollo entero;Nutri Pollo;San Luis Potos?;2.1;1.9;$75.00;;;;;;
13/5/2025;Pollo entero;Pilgrim's;San Luis Potos?;2.1;1.9;$75.00;;;;;;
13/5/2025;Pollo tipo rosticero;Nutri Pollo;San Luis Potos?;1.4;1.2;$74.00;;;;;;
13/5/2025;Pollo tipo rosticero;Pilgrim's;San Luis Potos?;1.4;1.2;$74.00;;;;;;
14/5/2025;Pollo entero;Nutri Pollo;San Luis Potos?;2.1;1.9;$80.00;;;;;;
14/5/2025;Pollo entero;Pilgrim's;San Luis Potos?;2.1;1.9;$80.00;;;;;;
14/5/2025;Pollo tipo rosticero;Nutri Pollo;San Luis Potos?;1.4;1.2;$78.00;;;;;;
14/5/2025;Pollo tipo rosticero;Pilgrim's;San Luis Potos?;1.4;1.2;$78.00;;;;;;
15/5/2025;Pollo entero;Nutri Pollo;San Luis Potos?;2.1;1.9;$80.00;;;;;;
15/5/2025;Pollo entero;Pilgrim's;San Luis Potos?;2.1;1.9;$80.00;;;;;;
15/5/2025;Pollo tipo rosticero;Nutri Pollo;San Luis Potos?;1.4;1.2;$78.00;;;;;;
15/5/2025;Pollo tipo rosticero;Pilgrim's;San Luis Potos?;1.4;1.2;$78.00;;;;;;
16/5/2025;Pollo entero;Nutri Pollo;San Luis Potos?;2.1;1.9;$80.00;;;;;;
16/5/2025;Pollo entero;Pilgrim's;San Luis Potos?;2.1;1.9;$80.00;;;;;;
16/5/2025;Pollo tipo rosticero;Nutri Pollo;San Luis Potos?;1.4;1.2;$78.00;;;;;;
16/5/2025;Pollo tipo rosticero;Pilgrim's;San Luis Potos?;1.4;1.2;$78.00;;;;;;
19/5/2025;Pollo entero;Nutri Pollo;San Luis Potos?;2.1;1.9;$80.00;;;;;;
19/5/2025;Pollo entero;Pilgrim's;San Luis Potos?;2.1;1.9;$80.00;;;;;;
19/5/2025;Pollo tipo rosticero;Nutri Pollo;San Luis Potos?;1.4;1.2;$78.00;;;;;;
19/5/2025;Pollo tipo rosticero;Pilgrim's;San Luis Potos?;1.4;1.2;$78.00;;;;;;
20/5/2025;Pollo entero;Nutri Pollo;San Luis Potos?;2.1;1.9;$80.00;;;;;;
20/5/2025;Pollo entero;Pilgrim's;San Luis Potos?;2.1;1.9;$80.00;;;;;;
20/5/2025;Pollo tipo rosticero;Nutri Pollo;San Luis Potos?;1.4;1.2;$78.00;;;;;;
20/5/2025;Pollo tipo rosticero;Pilgrim's;San Luis Potos?;1.4;1.2;$78.00;;;;;;
21/5/2025;Pollo entero;Nutri Pollo;San Luis Potos?;2.1;1.9;$80.00;;;;;;
21/5/2025;Pollo entero;Pilgrim's;San Luis Potos?;2.1;1.9;$80.00;;;;;;
21/5/2025;Pollo tipo rosticero;Nutri Pollo;San Luis Potos?;1.4;1.2;$78.00;;;;;;
21/5/2025;Pollo tipo rosticero;Pilgrim's;San Luis Potos?;1.4;1.2;$78.00;;;;;;
22/5/2025;Pollo entero;Nutri Pollo;San Luis Potos?;2.1;1.9;$80.00;;;;;;
22/5/2025;Pollo entero;Pilgrim's;San Luis Potos?;2.1;1.9;$80.00;;;;;;
22/5/2025;Pollo tipo rosticero;Nutri Pollo;San Luis Potos?;1.4;1.2;$78.00;;;;;;
22/5/2025;Pollo tipo rosticero;Pilgrim's;San Luis Potos?;1.4;1.2;$78.00;;;;;;
23/5/2025;Pollo entero;Nutri Pollo;San Luis Potos?;2.1;1.9;$80.00;;;;;;
23/5/2025;Pollo entero;Pilgrim's;San Luis Potos?;2.1;1.9;$80.00;;;;;;
23/5/2025;Pollo tipo rosticero;Nutri Pollo;San Luis Potos?;1.4;1.2;$78.00;;;;;;
23/5/2025;Pollo tipo rosticero;Pilgrim's;San Luis Potos?;1.4;1.2;$78.00;;;;;;
26/5/2025;Pollo entero;Nutri Pollo;San Luis Potos?;2.1;1.9;$80.00;;;;;;
26/5/2025;Pollo entero;Pilgrim's;San Luis Potos?;2.1;1.9;$80.00;;;;;;
26/5/2025;Pollo tipo rosticero;Nutri Pollo;San Luis Potos?;1.4;1.2;$78.00;;;;;;
26/5/2025;Pollo tipo rosticero;Pilgrim's;San Luis Potos?;1.4;1.2;$78.00;;;;;;
27/5/2025;Pollo entero;Nutri Pollo;San Luis Potos?;2.1;1.9;$80.00;;;;;;
27/5/2025;Pollo entero;Pilgrim's;San Luis Potos?;2.1;1.9;$80.00;;;;;;
27/5/2025;Pollo tipo rosticero;Nutri Pollo;San Luis Potos?;1.4;1.2;$78.00;;;;;;
27/5/2025;Pollo tipo rosticero;Pilgrim's;San Luis Potos?;1.4;1.2;$78.00;;;;;;
28/5/2025;Pollo entero;Nutri Pollo;San Luis Potos?;2.1;1.9;$78.00;;;;;;
28/5/2025;Pollo entero;Pilgrim's;San Luis Potos?;2.1;1.9;$78.00;;;;;;
28/5/2025;Pollo tipo rosticero;Nutri Pollo;San Luis Potos?;1.4;1.2;$76.00;;;;;;
28/5/2025;Pollo tipo rosticero;Pilgrim's;San Luis Potos?;1.4;1.2;$76.00;;;;;;
29/5/2025;Pollo entero;Nutri Pollo;San Luis Potos?;2.1;1.9;$78.00;;;;;;
29/5/2025;Pollo entero;Pilgrim's;San Luis Potos?;2.1;1.9;$78.00;;;;;;
29/5/2025;Pollo tipo rosticero;Nutri Pollo;San Luis Potos?;1.4;1.2;$76.00;;;;;;
29/5/2025;Pollo tipo rosticero;Pilgrim's;San Luis Potos?;1.4;1.2;$76.00;;;;;;
30/5/2025;Pollo entero;Nutri Pollo;San Luis Potos?;2.1;1.9;$78.00;;;;;;
30/5/2025;Pollo entero;Pilgrim's;San Luis Potos?;2.1;1.9;$78.00;;;;;;
30/5/2025;Pollo tipo rosticero;Nutri Pollo;San Luis Potos?;1.4;1.2;$76.00;;;;;;
30/5/2025;Pollo tipo rosticero;Pilgrim's;San Luis Potos?;1.4;1.2;$76.00;;;;;;
;;;;;;;;;;;;
;;;;;;;;;;;;
D.F. : Centro de distribuci?n Becerra;;;;;;;;;;;;
2/6/2025;Gallina;Sin marca;Coahuila;3.6;3.3;$55.00;;;;;;
2/6/2025;Pollo entero;Bachoco;Guanajuato;3.5;2.65;$67.00;;;;;;
2/6/2025;Pollo entero;Otros;Veracruz;3.5;2.65;$66.40;;;;;;
2/6/2025;Pollo entero;Pilgrim's;Quer?taro;3.5;2.65;$66.60;;;;;;
2/6/2025;Pollo entero;Tyson;Coahuila;3.5;2.65;$66.80;;;;;;
2/6/2025;Pollo tipo rosticero;Bachoco;Guanajuato;2.7;1.8;$68.00;;;;;;
3/6/2025;Gallina;Sin marca;Morelos;3.6;3.3;$55.00;;;;;;
3/6/2025;Pollo entero;Bachoco;Guanajuato;3.5;2.65;$67.00;;;;;;
3/6/2025;Pollo entero;Otros;Veracruz;3.5;2.65;$66.40;;;;;;
3/6/2025;Pollo entero;Pilgrim's;Quer?taro;3.5;2.65;$66.60;;;;;;
3/6/2025;Pollo entero;Tyson;Coahuila;3.5;2.65;$66.80;;;;;;
3/6/2025;Pollo tipo rosticero;Bachoco;Guanajuato;2.7;1.8;$68.00;;;;;;
4/6/2025;Gallina;Sin marca;Jalisco;3.6;3.3;$58.00;;;;;;
4/6/2025;Pollo entero;Bachoco;Guanajuato;3.5;2.65;$69.00;;;;;;
4/6/2025;Pollo entero;Otros;Veracruz;3.5;2.65;$68.40;;;;;;
4/6/2025;Pollo entero;Pilgrim's;Quer?taro;3.5;2.65;$68.60;;;;;;
4/6/2025;Pollo entero;Tyson;Coahuila;3.5;2.65;$68.80;;;;;;
4/6/2025;Pollo tipo rosticero;Bachoco;Guanajuato;2.7;1.8;$70.00;;;;;;
5/6/2025;Gallina;Sin marca;San Luis Potos?;3.6;3.3;$57.00;;;;;;
5/6/2025;Pollo entero;Bachoco;Guanajuato;2.7;1.8;$69.00;;;;;;
5/6/2025;Pollo entero;Otros;Veracruz;3.5;2.65;$68.40;;;;;;
5/6/2025;Pollo entero;Pilgrim's;Quer?taro;3.5;2.65;$68.60;;;;;;
5/6/2025;Pollo entero;Tyson;Coahuila;3.5;2.65;$68.80;;;;;;
5/6/2025;Pollo tipo rosticero;Bachoco;Guanajuato;2.7;1.8;$70.00;;;;;;
6/6/2025;Gallina;Sin marca;Tabasco;3.6;3.3;$57.00;;;;;;
6/6/2025;Pollo entero;Bachoco;Guanajuato;3.5;2.65;$69.00;;;;;;
6/6/2025;Pollo entero;Otros;Veracruz;3.5;2.65;$68.40;;;;;;
6/6/2025;Pollo entero;Pilgrim's;Quer?taro;3.5;2.65;$68.60;;;;;;
6/6/2025;Pollo entero;Tyson;Coahuila;3.5;2.65;$68.80;;;;;;
6/6/2025;Pollo tipo rosticero;Bachoco;Guanajuato;2.7;1.8;$70.00;;;;;;
9/6/2025;Gallina;Sin marca;Coahuila;3.6;3.3;$60.00;;;;;;
9/6/2025;Pollo entero;Bachoco;Guanajuato;3.5;2.65;$70.00;;;;;;
9/6/2025;Pollo entero;Otros;Veracruz;3.5;2.65;$69.40;;;;;;
9/6/2025;Pollo entero;Pilgrim's;Quer?taro;3.5;2.65;$69.60;;;;;;
9/6/2025;Pollo entero;Tyson;Coahuila;3.5;2.65;$69.80;;;;;;
9/6/2025;Pollo tipo rosticero;Bachoco;Guanajuato;2.7;1.8;$71.00;;;;;;
10/6/2025;Gallina;Sin marca;Guerrero;3.6;3.3;$60.00;;;;;;
10/6/2025;Pollo entero;Bachoco;Guanajuato;3.5;2.65;$70.00;;;;;;
10/6/2025;Pollo entero;Otros;Veracruz;3.5;2.65;$69.40;;;;;;
10/6/2025;Pollo entero;Pilgrim's;Quer?taro;3.5;2.65;$69.60;;;;;;
10/6/2025;Pollo entero;Tyson;Coahuila;3.5;2.65;$69.80;;;;;;
10/6/2025;Pollo tipo rosticero;Bachoco;Guanajuato;2.7;1.8;$71.00;;;;;;
11/6/2025;Gallina;Sin marca;Veracruz;3.6;3.3;$60.00;;;;;;
11/6/2025;Pollo entero;Bachoco;Guanajuato;3.5;2.65;$70.00;;;;;;
11/6/2025;Pollo entero;Otros;Veracruz;3.5;2.65;$69.40;;;;;;
11/6/2025;Pollo entero;Pilgrim's;Quer?taro;3.5;2.65;$69.60;;;;;;
11/6/2025;Pollo entero;Tyson;Coahuila;3.5;2.65;$69.80;;;;;;
11/6/2025;Pollo tipo rosticero;Bachoco;Guanajuato;2.7;1.8;$71.00;;;;;;
12/6/2025;Gallina;Sin marca;Aguascalientes;3.6;3.3;$60.00;;;;;;
12/6/2025;Pollo entero;Bachoco;Guanajuato;3.5;2.65;$70.00;;;;;;
12/6/2025;Pollo entero;Otros;Veracruz;3.5;2.65;$69.40;;;;;;
12/6/2025;Pollo entero;Pilgrim's;Quer?taro;3.5;2.65;$69.60;;;;;;
12/6/2025;Pollo entero;Tyson;Coahuila;3.5;2.65;$69.80;;;;;;
12/6/2025;Pollo tipo rosticero;Bachoco;Guanajuato;2.7;1.8;$71.00;;;;;;
13/6/2025;Gallina;Sin marca;Durango;3.6;3.3;$62.00;;;;;;
13/6/2025;Pollo entero;Bachoco;Guanajuato;3.5;2.65;$70.00;;;;;;
13/6/2025;Pollo entero;Otros;Veracruz;3.5;2.65;$69.40;;;;;;
13/6/2025;Pollo entero;Pilgrim's;Quer?taro;3.5;2.65;$69.60;;;;;;
13/6/2025;Pollo entero;Tyson;Coahuila;3.5;2.65;$69.80;;;;;;
13/6/2025;Pollo tipo rosticero;Bachoco;Guanajuato;2.7;1.8;$71.00;;;;;;
16/6/2025;Gallina;Sin marca;Veracruz;3.6;3.3;$62.00;;;;;;
16/6/2025;Pollo entero;Bachoco;Guanajuato;3.5;2.65;$71.00;;;;;;
16/6/2025;Pollo entero;Otros;Veracruz;3.5;2.65;$70.40;;;;;;
16/6/2025;Pollo entero;Pilgrim's;Quer?taro;3.5;2.65;$70.60;;;;;;
16/6/2025;Pollo entero;Tyson;Coahuila;3.5;2.65;$70.80;;;;;;
16/6/2025;Pollo tipo rosticero;Bachoco;Guanajuato;2.7;1.8;$72.00;;;;;;
17/6/2025;Gallina;Sin marca;Zacatecas;3.6;3.3;$62.00;;;;;;
17/6/2025;Pollo entero;Bachoco;Guanajuato;3.5;2.65;$71.00;;;;;;
17/6/2025;Pollo entero;Otros;Veracruz;3.5;2.65;$70.40;;;;;;
17/6/2025;Pollo entero;Pilgrim's;Quer?taro;3.5;2.65;$70.60;;;;;;
17/6/2025;Pollo entero;Tyson;Coahuila;3.5;2.65;$70.80;;;;;;
17/6/2025;Pollo tipo rosticero;Bachoco;Guanajuato;2.7;1.8;$72.00;;;;;;
18/6/2025;Gallina;Sin marca;Guerrero;3.6;3.3;$64.00;;;;;;
18/6/2025;Pollo entero;Bachoco;Guanajuato;3.5;2.65;$71.00;;;;;;
18/6/2025;Pollo entero;Otros;Veracruz;3.5;2.65;$70.40;;;;;;
18/6/2025;Pollo entero;Pilgrim's;Quer?taro;3.5;2.65;$70.60;;;;;;
18/6/2025;Pollo entero;Tyson;Coahuila;3.5;2.65;$70.80;;;;;;
18/6/2025;Pollo tipo rosticero;Bachoco;Guanajuato;2.7;1.8;$72.00;;;;;;
19/6/2025;Gallina;Sin marca;Colima;3.6;3.3;$64.00;;;;;;
19/6/2025;Pollo entero;Bachoco;Guanajuato;3.5;2.65;$71.00;;;;;;
19/6/2025;Pollo entero;Otros;Veracruz;3.5;2.65;$70.40;;;;;;
19/6/2025;Pollo entero;Pilgrim's;Quer?taro;3.5;2.65;$70.60;;;;;;
19/6/2025;Pollo entero;Tyson;Coahuila;3.5;2.65;$70.80;;;;;;
19/6/2025;Pollo tipo rosticero;Bachoco;Guanajuato;2.7;1.8;$72.00;;;;;;
20/6/2025;Gallina;Sin marca;Sinaloa;3.6;3.3;$65.00;;;;;;
20/6/2025;Pollo entero;Bachoco;Guanajuato;3.5;2.65;$71.00;;;;;;
20/6/2025;Pollo entero;Otros;Veracruz;3.5;2.65;$70.40;;;;;;
20/6/2025;Pollo entero;Pilgrim's;Quer?taro;3.5;2.65;$70.60;;;;;;
20/6/2025;Pollo entero;Tyson;Coahuila;3.5;2.65;$70.80;;;;;;
20/6/2025;Pollo tipo rosticero;Bachoco;Guanajuato;2.7;1.8;$72.00;;;;;;
23/6/2025;Gallina;Sin marca;Coahuila;3.6;3.3;$65.00;;;;;;
23/6/2025;Pollo entero;Bachoco;Guanajuato;3.5;2.65;$72.00;;;;;;
23/6/2025;Pollo entero;Otros;Veracruz;3.5;2.65;$71.40;;;;;;
23/6/2025;Pollo entero;Pilgrim's;Quer?taro;3.5;2.65;$71.60;;;;;;
23/6/2025;Pollo entero;Tyson;Coahuila;3.5;2.65;$71.80;;;;;;
23/6/2025;Pollo tipo rosticero;Bachoco;Guanajuato;2.7;1.8;$73.00;;;;;;
24/6/2025;Gallina;Sin marca;Tamaulipas;3.6;3.3;$66.00;;;;;;
24/6/2025;Pollo entero;Bachoco;Guanajuato;3.5;2.65;$72.00;;;;;;
24/6/2025;Pollo entero;Otros;Veracruz;3.5;2.65;$71.40;;;;;;
24/6/2025;Pollo entero;Pilgrim's;Quer?taro;3.5;2.65;$71.60;;;;;;
24/6/2025;Pollo entero;Tyson;Coahuila;3.5;2.65;$71.80;;;;;;
24/6/2025;Pollo tipo rosticero;Bachoco;Guanajuato;2.7;1.8;$73.00;;;;;;
25/6/2025;Gallina;Sin marca;Jalisco;3.6;3.3;$66.00;;;;;;
25/6/2025;Pollo entero;Bachoco;Guanajuato;3.5;2.65;$72.00;;;;;;
25/6/2025;Pollo entero;Otros;Veracruz;3.5;2.65;$71.40;;;;;;
25/6/2025;Pollo entero;Pilgrim's;Quer?taro;3.5;2.65;$71.50;;;;;;
25/6/2025;Pollo entero;Tyson;Coahuila;3.5;2.65;$71.80;;;;;;
25/6/2025;Pollo tipo rosticero;Bachoco;Guanajuato;2.7;1.8;$73.00;;;;;;
26/6/2025;Gallina;Sin marca;Tabasco;3.6;3.3;$66.00;;;;;;
26/6/2025;Pollo entero;Bachoco;Guanajuato;3.5;2.65;$72.00;;;;;;
26/6/2025;Pollo entero;Otros;Veracruz;3.5;2.65;$71.40;;;;;;
26/6/2025;Pollo entero;Pilgrim's;Quer?taro;3.5;2.65;$71.60;;;;;;
26/6/2025;Pollo entero;Tyson;Coahuila;3.5;2.65;$71.80;;;;;;
26/6/2025;Pollo tipo rosticero;Bachoco;Guanajuato;2.7;1.8;$73.00;;;;;;
27/6/2025;Gallina;Sin marca;Guerrero;3.6;3.3;$66.00;;;;;;
27/6/2025;Pollo entero;Bachoco;Guanajuato;3.5;2.65;$72.00;;;;;;
27/6/2025;Pollo entero;Otros;Veracruz;3.5;2.65;$71.40;;;;;;
27/6/2025;Pollo entero;Pilgrim's;Quer?taro;3.5;2.65;$71.60;;;;;;
27/6/2025;Pollo entero;Tyson;Coahuila;3.5;2.65;$71.80;;;;;;
27/6/2025;Pollo tipo rosticero;Bachoco;Guanajuato;2.7;1.8;$73.00;;;;;;
30/6/2025;Gallina;Tyson;Colima;3.6;3.3;$67.00;;;;;;
30/6/2025;Pollo entero;Bachoco;Guanajuato;3.5;2.65;$72.00;;;;;;
30/6/2025;Pollo entero;Otros;Veracruz;3.5;2.65;$71.40;;;;;;
30/6/2025;Pollo entero;Pilgrim's;Quer?taro;3.5;2.65;$71.60;;;;;;
30/6/2025;Pollo entero;Tyson;Coahuila;3.5;2.65;$71.80;;;;;;
30/6/2025;Pollo tipo rosticero;Bachoco;Guanajuato;2.7;1.8;$73.00;;;;;;
D.F. : Centro de distribuci?n Nuevo San Juan;;;;;;;;;;;;
2/6/2025;Gallina;Sin marca;Guanajuato;3.6;3.3;$55.00;;;;;;
2/6/2025;Pollo entero;Bachoco;Guanajuato;3.5;2.65;$66.90;;;;;;
2/6/2025;Pollo entero;Otros;Veracruz;3.5;2.65;$66.30;;;;;;
2/6/2025;Pollo entero;Pilgrim's;Quer?taro;3.5;2.65;$66.50;;;;;;
2/6/2025;Pollo entero;Tyson;Coahuila;3.5;2.65;$66.70;;;;;;
2/6/2025;Pollo tipo rosticero;Bachoco;Guanajuato;2.7;1.8;$68.00;;;;;;
3/6/2025;Gallina;Sin marca;Sinaloa;3.6;3.3;$55.00;;;;;;
3/6/2025;Pollo entero;Bachoco;Guanajuato;3.5;2.65;$66.90;;;;;;
3/6/2025;Pollo entero;Otros;Veracruz;3.5;2.65;$66.30;;;;;;
3/6/2025;Pollo entero;Pilgrim's;Quer?taro;3.5;2.65;$66.50;;;;;;
3/6/2025;Pollo entero;Tyson;Coahuila;3.5;2.65;$66.70;;;;;;
3/6/2025;Pollo tipo rosticero;Bachoco;Guanajuato;2.7;1.8;$68.00;;;;;;
4/6/2025;Gallina;Sin marca;Zacatecas;3.6;3.3;$58.00;;;;;;
4/6/2025;Pollo entero;Bachoco;Guanajuato;3.5;2.65;$68.90;;;;;;
4/6/2025;Pollo entero;Otros;Veracruz;3.5;2.65;$68.30;;;;;;
4/6/2025;Pollo entero;Pilgrim's;Quer?taro;3.5;2.65;$68.50;;;;;;
4/6/2025;Pollo entero;Tyson;Coahuila;3.5;2.65;$68.70;;;;;;
4/6/2025;Pollo tipo rosticero;Bachoco;Guanajuato;2.7;1.8;$70.00;;;;;;
5/6/2025;Gallina;Sin marca;Jalisco;3.6;3.3;$57.00;;;;;;
5/6/2025;Pollo entero;Bachoco;Guanajuato;3.5;2.65;$68.90;;;;;;
5/6/2025;Pollo entero;Otros;Veracruz;3.5;2.65;$68.30;;;;;;
5/6/2025;Pollo entero;Pilgrim's;Quer?taro;3.5;2.65;$68.50;;;;;;
5/6/2025;Pollo entero;Tyson;Coahuila;3.5;2.65;$68.70;;;;;;
5/6/2025;Pollo tipo rosticero;Bachoco;Guanajuato;2.7;1.8;$70.00;;;;;;
6/6/2025;Gallina;Sin marca;Guanajuato;3.6;3.3;$57.00;;;;;;
6/6/2025;Pollo entero;Bachoco;Guanajuato;3.5;2.65;$68.90;;;;;;
6/6/2025;Pollo entero;Otros;Veracruz;3.6;3.3;$68.30;;;;;;
6/6/2025;Pollo entero;Pilgrim's;Quer?taro;3.5;2.65;$68.50;;;;;;
6/6/2025;Pollo entero;Tyson;Coahuila;3.5;2.65;$68.70;;;;;;
6/6/2025;Pollo tipo rosticero;Bachoco;Guanajuato;2.7;1.8;$70.00;;;;;;
9/6/2025;Gallina;Sin marca;Veracruz;3.6;3.3;$60.00;;;;;;
9/6/2025;Pollo entero;Bachoco;Guanajuato;3.5;2.65;$69.90;;;;;;
9/6/2025;Pollo entero;Otros;Veracruz;3.5;2.65;$69.30;;;;;;
9/6/2025;Pollo entero;Pilgrim's;Quer?taro;3.5;2.65;$69.50;;;;;;
9/6/2025;Pollo entero;Tyson;Coahuila;3.5;2.65;$69.70;;;;;;
9/6/2025;Pollo tipo rosticero;Bachoco;Guanajuato;2.7;1.8;$71.00;;;;;;
10/6/2025;Gallina;Sin marca;Morelos;3.6;3.3;$60.00;;;;;;
10/6/2025;Pollo entero;Bachoco;Guanajuato;3.5;2.65;$69.90;;;;;;
10/6/2025;Pollo entero;Otros;Veracruz;3.53;2.65;$69.30;;;;;;
10/6/2025;Pollo entero;Pilgrim's;Quer?taro;3.5;2.65;$69.50;;;;;;
10/6/2025;Pollo entero;Tyson;Coahuila;3.5;2.65;$69.70;;;;;;
10/6/2025;Pollo tipo rosticero;Bachoco;Guanajuato;2.7;1.8;$71.00;;;;;;
11/6/2025;Gallina;Sin marca;Chiapas;3.6;3.3;$60.00;;;;;;
11/6/2025;Pollo entero;Bachoco;Guanajuato;3.5;2.65;$69.90;;;;;;
11/6/2025;Pollo entero;Otros;Veracruz;3.5;2.65;$69.30;;;;;;
11/6/2025;Pollo entero;Pilgrim's;Quer?taro;3.5;2.65;$69.50;;;;;;
11/6/2025;Pollo entero;Tyson;Coahuila;3.5;2.65;$69.70;;;;;;
11/6/2025;Pollo tipo rosticero;Bachoco;Guanajuato;2.7;1.8;$71.00;;;;;;
12/6/2025;Gallina;Sin marca;Jalisco;3.6;3.3;$60.00;;;;;;
12/6/2025;Pollo entero;Bachoco;Guanajuato;3.5;2.65;$69.90;;;;;;
12/6/2025;Pollo entero;Otros;Veracruz;3.5;2.65;$69.30;;;;;;
12/6/2025;Pollo entero;Pilgrim's;Quer?taro;3.5;2.65;$69.50;;;;;;
12/6/2025;Pollo entero;Tyson;Coahuila;3.5;2.65;$69.70;;;;;;
12/6/2025;Pollo tipo rosticero;Bachoco;Guanajuato;2.7;1.8;$71.00;;;;;;
13/6/2025;Gallina;Sin marca;Michoac?n;3.6;3.3;$62.00;;;;;;
13/6/2025;Pollo entero;Bachoco;Guanajuato;3.5;2.65;$69.90;;;;;;
13/6/2025;Pollo entero;Otros;Veracruz;3.5;2.65;$69.30;;;;;;
13/6/2025;Pollo entero;Pilgrim's;Quer?taro;3.5;2.65;$69.50;;;;;;
13/6/2025;Pollo entero;Tyson;Coahuila;3.5;2.65;$69.70;;;;;;
13/6/2025;Pollo tipo rosticero;Bachoco;Guanajuato;2.7;1.8;$71.00;;;;;;
16/6/2025;Gallina;Sin marca;Coahuila;3.6;3.3;$62.00;;;;;;
16/6/2025;Pollo entero;Bachoco;Guanajuato;3.5;2.65;$70.90;;;;;;
16/6/2025;Pollo entero;Otros;Veracruz;3.5;2.65;$70.30;;;;;;
16/6/2025;Pollo entero;Pilgrim's;Quer?taro;3.5;2.65;$70.50;;;;;;
16/6/2025;Pollo entero;Tyson;Coahuila;3.5;2.65;$70.70;;;;;;
16/6/2025;Pollo tipo rosticero;Bachoco;Guanajuato;2.7;1.8;$72.00;;;;;;
17/6/2025;Gallina;Sin marca;Colima;3.6;3.3;$62.00;;;;;;
17/6/2025;Pollo entero;Bachoco;Guanajuato;3.5;2.65;$70.90;;;;;;
17/6/2025;Pollo entero;Otros;Veracruz;3.5;2.65;$70.30;;;;;;
17/6/2025;Pollo entero;Pilgrim's;Quer?taro;3.5;2.65;$70.50;;;;;;
17/6/2025;Pollo entero;Tyson;Coahuila;3.5;2.65;$70.70;;;;;;
17/6/2025;Pollo tipo rosticero;Bachoco;Guanajuato;2.7;1.8;$72.00;;;;;;
18/6/2025;Gallina;Sin marca;Morelos;3.6;3.3;$64.00;;;;;;
18/6/2025;Pollo entero;Bachoco;Guanajuato;3.5;2.65;$70.90;;;;;;
18/6/2025;Pollo entero;Otros;Veracruz;3.5;2.65;$70.30;;;;;;
18/6/2025;Pollo entero;Pilgrim's;Quer?taro;3.5;2.65;$70.50;;;;;;
18/6/2025;Pollo entero;Tyson;Coahuila;3.5;2.65;$70.70;;;;;;
18/6/2025;Pollo tipo rosticero;Bachoco;Guanajuato;2.7;1.8;$72.00;;;;;;
19/6/2025;Gallina;Sin marca;Coahuila;3.6;3.3;$64.00;;;;;;
19/6/2025;Pollo entero;Bachoco;Guanajuato;3.5;2.65;$70.90;;;;;;
19/6/2025;Pollo entero;Otros;Veracruz;3.5;2.65;$70.30;;;;;;
19/6/2025;Pollo entero;Pilgrim's;Quer?taro;3.5;2.65;$70.50;;;;;;
19/6/2025;Pollo entero;Tyson;Coahuila;3.5;2.65;$70.70;;;;;;
19/6/2025;Pollo tipo rosticero;Bachoco;Guanajuato;2.7;1.8;$72.00;;;;;;
20/6/2025;Gallina;Sin marca;Zacatecas;3.6;3.3;$65.00;;;;;;
20/6/2025;Pollo entero;Bachoco;Guanajuato;3.5;2.65;$70.90;;;;;;
20/6/2025;Pollo entero;Otros;Veracruz;3.5;2.65;$70.30;;;;;;
20/6/2025;Pollo entero;Pilgrim's;Quer?taro;3.5;2.65;$70.50;;;;;;
20/6/2025;Pollo entero;Tyson;Coahuila;3.5;2.65;$70.70;;;;;;
20/6/2025;Pollo tipo rosticero;Bachoco;Guanajuato;2.7;1.8;$72.00;;;;;;
23/6/2025;Gallina;Sin marca;Veracruz;3.6;3.3;$65.00;;;;;;
23/6/2025;Pollo entero;Bachoco;Guanajuato;3.5;2.65;$71.90;;;;;;
23/6/2025;Pollo entero;Otros;Veracruz;3.5;2.65;$71.30;;;;;;
23/6/2025;Pollo entero;Pilgrim's;Quer?taro;3.5;2.65;$71.50;;;;;;
23/6/2025;Pollo entero;Tyson;Coahuila;3.5;2.65;$71.70;;;;;;
23/6/2025;Pollo tipo rosticero;Bachoco;Guanajuato;2.7;1.8;$73.00;;;;;;
24/6/2025;Gallina;Sin marca;San Luis Potos?;3.6;3.3;$66.00;;;;;;
24/6/2025;Pollo entero;Bachoco;Guanajuato;3.5;2.65;$71.90;;;;;;
24/6/2025;Pollo entero;Otros;Veracruz;3.5;2.65;$71.30;;;;;;
24/6/2025;Pollo entero;Pilgrim's;Quer?taro;3.5;2.65;$71.50;;;;;;
24/6/2025;Pollo entero;Tyson;Coahuila;3.5;2.65;$71.70;;;;;;
24/6/2025;Pollo tipo rosticero;Bachoco;Guanajuato;2.7;1.8;$73.00;;;;;;
25/6/2025;Gallina;Sin marca;Oaxaca;3.6;3.3;$66.00;;;;;;
25/6/2025;Pollo entero;Bachoco;Guanajuato;3.5;2.65;$71.90;;;;;;
25/6/2025;Pollo entero;Otros;Veracruz;3.5;2.65;$71.30;;;;;;
25/6/2025;Pollo entero;Pilgrim's;Quer?taro;3.5;2.65;$71.50;;;;;;
25/6/2025;Pollo entero;Tyson;Coahuila;3.5;2.65;$71.70;;;;;;
25/6/2025;Pollo tipo rosticero;Bachoco;Guanajuato;2.7;1.8;$73.00;;;;;;
26/6/2025;Gallina;Sin marca;Morelos;3.6;3.3;$66.00;;;;;;
26/6/2025;Pollo entero;Bachoco;Guanajuato;3.5;2.65;$71.90;;;;;;
26/6/2025;Pollo entero;Otros;Veracruz;3.5;2.65;$71.30;;;;;;
26/6/2025;Pollo entero;Pilgrim's;Quer?taro;3.5;2.65;$71.50;;;;;;
26/6/2025;Pollo entero;Tyson;Coahuila;3.5;2.65;$71.70;;;;;;
26/6/2025;Pollo tipo rosticero;Bachoco;Guanajuato;2.7;1.8;$73.00;;;;;;
27/6/2025;Gallina;Sin marca;Puebla;3.6;3.3;$66.00;;;;;;
27/6/2025;Pollo entero;Bachoco;Guanajuato;3.5;2.65;$71.90;;;;;;
27/6/2025;Pollo entero;Otros;Veracruz;3.5;2.65;$71.30;;;;;;
27/6/2025;Pollo entero;Pilgrim's;Quer?taro;3.5;2.65;$71.50;;;;;;
27/6/2025;Pollo entero;Tyson;Coahuila;3.5;2.65;$71.70;;;;;;
27/6/2025;Pollo tipo rosticero;Bachoco;Guanajuato;2.7;1.8;$73.00;;;;;;
30/6/2025;Gallina;Sin marca;Veracruz;3.6;3.3;$67.00;;;;;;
30/6/2025;Pollo entero;Bachoco;Guanajuato;3.5;2.65;$71.90;;;;;;
30/6/2025;Pollo entero;Otros;Veracruz;3.5;2.65;$71.30;;;;;;
30/6/2025;Pollo entero;Pilgrim's;Quer?taro;3.5;2.65;$71.50;;;;;;
30/6/2025;Pollo entero;Tyson;Coahuila;3.5;2.65;$71.70;;;;;;
30/6/2025;Pollo tipo rosticero;Bachoco;Guanajuato;2.7;1.8;$73.00;;;;;;
D.F. : Centro de distribuci?n Ray?n;;;;;;;;;;;;
2/6/2025;Gallina;Sin marca;Veracruz;3.6;3.3;$55.00;;;;;;
2/6/2025;Pollo entero;Bachoco;Guanajuato;3.5;2.65;$66.70;;;;;;
2/6/2025;Pollo entero;Otros;Veracruz;3.5;2.65;$66.30;;;;;;
2/6/2025;Pollo entero;Pilgrim's;Quer?taro;3.5;2.65;$66.50;;;;;;
2/6/2025;Pollo tipo rosticero;Bachoco;Guanajuato;2.7;1.8;$68.00;;;;;;
3/6/2025;Gallina;Sin marca;Edo. de M?xico;3.6;3.3;$55.00;;;;;;
3/6/2025;Pollo entero;Bachoco;Guanajuato;3.5;2.65;$66.70;;;;;;
3/6/2025;Pollo entero;Otros;Veracruz;3.5;2.65;$66.30;;;;;;
3/6/2025;Pollo entero;Pilgrim's;Quer?taro;3.5;2.65;$66.50;;;;;;
3/6/2025;Pollo tipo rosticero;Bachoco;Guanajuato;2.7;1.8;$68.00;;;;;;
4/6/2025;Gallina;Sin marca;Morelos;3.6;3.3;$58.00;;;;;;
4/6/2025;Pollo entero;Bachoco;Guanajuato;3.5;2.65;$68.70;;;;;;
4/6/2025;Pollo entero;Otros;Veracruz;3.5;2.65;$68.30;;;;;;
4/6/2025;Pollo entero;Pilgrim's;Quer?taro;3.5;2.65;$68.50;;;;;;
4/6/2025;Pollo tipo rosticero;Bachoco;Guanajuato;2.7;1.8;$70.00;;;;;;
5/6/2025;Gallina;Sin marca;Morelos;3.6;3.3;$57.00;;;;;;
5/6/2025;Pollo entero;Bachoco;Guanajuato;3.5;2.65;$68.70;;;;;;
5/6/2025;Pollo entero;Otros;Veracruz;3.5;2.65;$68.30;;;;;;
5/6/2025;Pollo entero;Pilgrim's;Quer?taro;3.5;2.65;$68.50;;;;;;
5/6/2025;Pollo tipo rosticero;Bachoco;Guanajuato;2.7;1.8;$70.00;;;;;;
6/6/2025;Gallina;Sin marca;Michoac?n;3.6;3.3;$57.00;;;;;;
6/6/2025;Pollo entero;Bachoco;Guanajuato;3.5;2.65;$68.70;;;;;;
6/6/2025;Pollo entero;Otros;Veracruz;3.5;2.65;$68.30;;;;;;
6/6/2025;Pollo entero;Pilgrim's;Quer?taro;3.5;2.65;$68.50;;;;;;
6/6/2025;Pollo tipo rosticero;Bachoco;Guanajuato;2.7;1.8;$70.00;;;;;;
9/6/2025;Gallina;Sin marca;Guanajuato;3.6;3.3;$60.00;;;;;;
9/6/2025;Pollo entero;Bachoco;Guanajuato;3.5;2.65;$69.70;;;;;;
9/6/2025;Pollo entero;Otros;Veracruz;3.5;2.65;$69.30;;;;;;
9/6/2025;Pollo entero;Pilgrim's;Quer?taro;3.5;2.65;$69.50;;;;;;
9/6/2025;Pollo tipo rosticero;Bachoco;Guanajuato;2.7;1.8;$71.00;;;;;;
10/6/2025;Gallina;Sin marca;Edo. de M?xico;3.6;3.3;$60.00;;;;;;
10/6/2025;Pollo entero;Bachoco;Guanajuato;3.5;2.65;$69.70;;;;;;
10/6/2025;Pollo entero;Otros;Veracruz;3.5;2.65;$69.30;;;;;;
10/6/2025;Pollo entero;Pilgrim's;Quer?taro;3.5;2.65;$69.50;;;;;;
10/6/2025;Pollo tipo rosticero;Bachoco;Guanajuato;2.7;1.8;$71.00;;;;;;
11/6/2025;Gallina;Sin marca;San Luis Potos?;3.6;3.3;$60.00;;;;;;
11/6/2025;Pollo entero;Bachoco;Guanajuato;3.5;2.65;$69.70;;;;;;
11/6/2025;Pollo entero;Otros;Veracruz;3.5;2.65;$69.30;;;;;;
11/6/2025;Pollo entero;Pilgrim's;Quer?taro;3.5;2.65;$69.50;;;;;;
11/6/2025;Pollo tipo rosticero;Bachoco;Guanajuato;2.7;1.8;$71.00;;;;;;
12/6/2025;Gallina;Sin marca;Tlaxcala;3.6;3.3;$60.00;;;;;;
12/6/2025;Pollo entero;Bachoco;Guanajuato;3.5;2.65;$69.70;;;;;;
12/6/2025;Pollo entero;Otros;Veracruz;3.5;2.65;$69.30;;;;;;
12/6/2025;Pollo entero;Pilgrim's;Quer?taro;3.5;2.65;$69.50;;;;;;
12/6/2025;Pollo tipo rosticero;Bachoco;Guanajuato;2.7;1.8;$71.00;;;;;;
13/6/2025;Gallina;Sin marca;Jalisco;3.6;3.3;$62.00;;;;;;
13/6/2025;Pollo entero;Bachoco;Guanajuato;3.5;2.65;$69.70;;;;;;
13/6/2025;Pollo entero;Otros;Veracruz;3.5;2.65;$69.30;;;;;;
13/6/2025;Pollo entero;Pilgrim's;Quer?taro;3.5;2.65;$69.50;;;;;;
13/6/2025;Pollo tipo rosticero;Bachoco;Guanajuato;2.7;1.8;$71.00;;;;;;
16/6/2025;Gallina;Sin marca;Guanajuato;3.6;3.3;$62.00;;;;;;
16/6/2025;Pollo entero;Bachoco;Guanajuato;3.5;2.65;$70.70;;;;;;
16/6/2025;Pollo entero;Otros;Veracruz;3.5;2.65;$70.30;;;;;;
16/6/2025;Pollo entero;Pilgrim's;Quer?taro;3.5;2.65;$70.50;;;;;;
16/6/2025;Pollo tipo rosticero;Bachoco;Guanajuato;2.7;1.8;$72.00;;;;;;
17/6/2025;Gallina;Sin marca;Guerrero;3.6;3.3;$62.00;;;;;;
17/6/2025;Pollo entero;Bachoco;Guanajuato;3.5;2.65;$70.70;;;;;;
17/6/2025;Pollo entero;Otros;Veracruz;3.5;2.65;$70.30;;;;;;
17/6/2025;Pollo entero;Pilgrim's;Quer?taro;3.5;2.65;$70.50;;;;;;
17/6/2025;Pollo tipo rosticero;Bachoco;Guanajuato;2.7;1.8;$72.00;;;;;;
18/6/2025;Gallina;Sin marca;Jalisco;3.6;3.3;$64.00;;;;;;
18/6/2025;Pollo entero;Bachoco;Guanajuato;3.5;2.65;$70.70;;;;;;
18/6/2025;Pollo entero;Otros;Veracruz;3.5;2.65;$70.30;;;;;;
18/6/2025;Pollo entero;Pilgrim's;Quer?taro;3.5;2.65;$70.50;;;;;;
18/6/2025;Pollo tipo rosticero;Bachoco;Guanajuato;2.7;1.8;$72.00;;;;;;
19/6/2025;Gallina;Sin marca;Aguascalientes;3.6;3.3;$64.00;;;;;;
19/6/2025;Pollo entero;Bachoco;Guanajuato;3.5;2.65;$70.70;;;;;;
19/6/2025;Pollo entero;Otros;Veracruz;3.5;2.65;$70.30;;;;;;
19/6/2025;Pollo entero;Pilgrim's;Quer?taro;3.5;2.65;$70.50;;;;;;
19/6/2025;Pollo tipo rosticero;Bachoco;Guanajuato;2.7;1.8;$72.00;;;;;;
20/6/2025;Gallina;Sin marca;Quer?taro;3.6;3.3;$65.00;;;;;;
20/6/2025;Pollo entero;Bachoco;Guanajuato;3.5;2.65;$70.70;;;;;;
20/6/2025;Pollo entero;Otros;Veracruz;3.5;2.65;$70.30;;;;;;
20/6/2025;Pollo entero;Pilgrim's;Quer?taro;3.5;2.65;$70.50;;;;;;
20/6/2025;Pollo tipo rosticero;Bachoco;Guanajuato;2.7;1.8;$72.00;;;;;;
23/6/2025;Gallina;Sin marca;Guanajuato;3.5;2.65;$65.00;;;;;;
23/6/2025;Pollo entero;Bachoco;Guanajuato;3.5;2.65;$71.70;;;;;;
23/6/2025;Pollo entero;Otros;Veracruz;3.5;2.65;$71.30;;;;;;
23/6/2025;Pollo entero;Pilgrim's;Quer?taro;3.5;2.65;$71.50;;;;;;
23/6/2025;Pollo tipo rosticero;Bachoco;Guanajuato;2.7;1.8;$73.00;;;;;;
24/6/2025;Gallina;Sin marca;Puebla;3.6;3.3;$66.00;;;;;;
24/6/2025;Pollo entero;Bachoco;Guanajuato;3.5;2.65;$71.70;;;;;;
24/6/2025;Pollo entero;Otros;Veracruz;3.5;2.65;$71.30;;;;;;
24/6/2025;Pollo entero;Pilgrim's;Quer?taro;3.5;2.65;$71.50;;;;;;
24/6/2025;Pollo tipo rosticero;Bachoco;Guanajuato;2.7;1.8;$73.00;;;;;;
25/6/2025;Gallina;Sin marca;Michoac?n;3.6;3.3;$66.00;;;;;;
25/6/2025;Pollo entero;Bachoco;Guanajuato;3.5;2.65;$71.70;;;;;;
25/6/2025;Pollo entero;Otros;Veracruz;3.5;2.65;$71.30;;;;;;
25/6/2025;Pollo entero;Pilgrim's;Quer?taro;3.5;2.65;$71.50;;;;;;
25/6/2025;Pollo tipo rosticero;Bachoco;Guanajuato;2.7;1.8;$73.00;;;;;;
26/6/2025;Gallina;Sin marca;Aguascalientes;3.6;3.3;$66.00;;;;;;
26/6/2025;Pollo entero;Bachoco;Guanajuato;3.5;2.65;$71.70;;;;;;
26/6/2025;Pollo entero;Otros;Veracruz;3.5;2.65;$71.30;;;;;;
26/6/2025;Pollo entero;Pilgrim's;Quer?taro;3.5;2.65;$71.50;;;;;;
26/6/2025;Pollo tipo rosticero;Bachoco;Guanajuato;2.7;1.8;$73.00;;;;;;
27/6/2025;Gallina;Sin marca;Edo. de M?xico;3.6;3.3;$66.00;;;;;;
27/6/2025;Pollo entero;Bachoco;Guanajuato;3.5;2.65;$71.70;;;;;;
27/6/2025;Pollo entero;Otros;Veracruz;3.5;2.65;$71.30;;;;;;
27/6/2025;Pollo entero;Pilgrim's;Quer?taro;3.5;2.65;$71.50;;;;;;
27/6/2025;Pollo tipo rosticero;Bachoco;Guanajuato;2.7;1.8;$73.00;;;;;;
30/6/2025;Gallina;Sin marca;Quer?taro;3.5;2.65;$67.00;;;;;;
30/6/2025;Pollo entero;Bachoco;Guanajuato;3.5;2.65;$71.70;;;;;;
30/6/2025;Pollo entero;Otros;Veracruz;3.5;2.65;$71.30;;;;;;
30/6/2025;Pollo entero;Pilgrim's;Quer?taro;3.5;2.65;$71.50;;;;;;
30/6/2025;Pollo tipo rosticero;Bachoco;Guanajuato;3.5;2.65;$73.00;;;;;;
D.F. : Centro de distribuci?n San Juan;;;;;;;;;;;;
2/6/2025;Gallina;Sin marca;Quer?taro;3.6;3.3;$55.00;;;;;;
2/6/2025;Pollo entero;Bachoco;Guanajuato;3.5;2.65;$66.50;;;;;;
2/6/2025;Pollo entero;Otros;Veracruz;3.5;2.65;$66.00;;;;;;
2/6/2025;Pollo entero;Pilgrim's;Quer?taro;3.5;2.65;$66.30;;;;;;
2/6/2025;Pollo tipo rosticero;Bachoco;Guanajuato;2.7;1.8;$68.00;;;;;;
3/6/2025;Gallina;Sin marca;Puebla;3.6;3.3;$55.00;;;;;;
3/6/2025;Pollo entero;Bachoco;Guanajuato;3.5;2.65;$66.50;;;;;;
3/6/2025;Pollo entero;Otros;Veracruz;3.5;2.65;$66.00;;;;;;
3/6/2025;Pollo entero;Pilgrim's;Quer?taro;3.5;2.65;$66.30;;;;;;
3/6/2025;Pollo tipo rosticero;Bachoco;Guanajuato;2.7;1.8;$68.00;;;;;;
4/6/2025;Gallina;Sin marca;Tlaxcala;3.6;3.3;$58.00;;;;;;
4/6/2025;Pollo entero;Bachoco;Guanajuato;3.5;2.65;$68.50;;;;;;
4/6/2025;Pollo entero;Otros;Veracruz;3.5;2.65;$68.00;;;;;;
4/6/2025;Pollo entero;Pilgrim's;Quer?taro;3.5;2.65;$68.30;;;;;;
4/6/2025;Pollo tipo rosticero;Bachoco;Guanajuato;2.7;1.8;$70.00;;;;;;
5/6/2025;Gallina;Sin marca;Edo. de M?xico;3.6;3.3;$57.00;;;;;;
5/6/2025;Pollo entero;Bachoco;Guanajuato;3.5;2.65;$68.50;;;;;;
5/6/2025;Pollo entero;Otros;Veracruz;3.5;2.65;$68.00;;;;;;
5/6/2025;Pollo entero;Pilgrim's;Quer?taro;3.5;2.65;$68.30;;;;;;
5/6/2025;Pollo tipo rosticero;Bachoco;Guanajuato;2.7;1.8;$70.00;;;;;;
6/6/2025;Gallina;Sin marca;Guerrero;3.6;3.3;$57.00;;;;;;
6/6/2025;Pollo entero;Bachoco;Guanajuato;3.5;2.65;$68.50;;;;;;
6/6/2025;Pollo entero;Otros;Veracruz;3.5;2.65;$68.00;;;;;;
6/6/2025;Pollo entero;Pilgrim's;Quer?taro;3.5;2.65;$68.30;;;;;;
6/6/2025;Pollo tipo rosticero;Bachoco;Guanajuato;2.7;1.8;$70.00;;;;;;
9/6/2025;Gallina;Sin marca;Quer?taro;3.6;3.3;$60.00;;;;;;
9/6/2025;Pollo entero;Bachoco;Guanajuato;3.5;2.65;$69.50;;;;;;
9/6/2025;Pollo entero;Otros;Veracruz;3.5;2.65;$69.00;;;;;;
9/6/2025;Pollo entero;Pilgrim's;Quer?taro;3.5;2.65;$69.30;;;;;;
9/6/2025;Pollo tipo rosticero;Bachoco;Guanajuato;2.7;1.8;$71.00;;;;;;
10/6/2025;Gallina;Sin marca;Oaxaca;3.6;3.3;$60.00;;;;;;
10/6/2025;Pollo entero;Bachoco;Guanajuato;3.5;2.65;$69.50;;;;;;
10/6/2025;Pollo entero;Otros;Veracruz;3.5;2.65;$69.00;;;;;;
10/6/2025;Pollo entero;Pilgrim's;Quer?taro;3.5;2.65;$69.30;;;;;;
10/6/2025;Pollo tipo rosticero;Bachoco;Guanajuato;2.7;1.8;$71.00;;;;;;
11/6/2025;Gallina;Sin marca;Hidalgo;3.6;3.3;$60.00;;;;;;
11/6/2025;Pollo entero;Bachoco;Guanajuato;3.5;2.65;$69.50;;;;;;
11/6/2025;Pollo entero;Otros;Veracruz;3.5;2.65;$69.00;;;;;;
11/6/2025;Pollo entero;Pilgrim's;Quer?taro;3.5;2.65;$69.30;;;;;;
11/6/2025;Pollo tipo rosticero;Bachoco;Guanajuato;2.7;1.8;$71.00;;;;;;
12/6/2025;Gallina;Sin marca;Tamaulipas;3.6;3.3;$60.00;;;;;;
12/6/2025;Pollo entero;Bachoco;Guanajuato;3.5;2.65;$69.50;;;;;;
12/6/2025;Pollo entero;Otros;Veracruz;3.5;2.65;$69.00;;;;;;
12/6/2025;Pollo entero;Pilgrim's;Quer?taro;3.5;2.65;$69.30;;;;;;
12/6/2025;Pollo tipo rosticero;Bachoco;Guanajuato;2.7;1.8;$71.00;;;;;;
13/6/2025;Gallina;Sin marca;Puebla;3.6;3.3;$62.00;;;;;;
13/6/2025;Pollo entero;Bachoco;Guanajuato;3.5;2.65;$69.50;;;;;;
13/6/2025;Pollo entero;Otros;Veracruz;3.5;2.65;$69.00;;;;;;
13/6/2025;Pollo entero;Pilgrim's;Quer?taro;3.5;2.65;$69.30;;;;;;
13/6/2025;Pollo tipo rosticero;Bachoco;Guanajuato;2.7;1.8;$71.00;;;;;;
16/6/2025;Gallina;Sin marca;Quer?taro;3.6;3.3;$62.00;;;;;;
16/6/2025;Pollo entero;Bachoco;Guanajuato;3.5;2.65;$70.50;;;;;;
16/6/2025;Pollo entero;Otros;Veracruz;3.5;2.65;$70.00;;;;;;
16/6/2025;Pollo entero;Pilgrim's;Quer?taro;3.5;2.65;$70.30;;;;;;
16/6/2025;Pollo tipo rosticero;Bachoco;Guanajuato;2.7;1.8;$72.00;;;;;;
17/6/2025;Gallina;Sin marca;San Luis Potos?;3.6;3.3;$62.00;;;;;;
17/6/2025;Pollo entero;Bachoco;Guanajuato;3.5;2.65;$70.50;;;;;;
17/6/2025;Pollo entero;Otros;Veracruz;3.5;2.65;$70.00;;;;;;
17/6/2025;Pollo entero;Pilgrim's;Quer?taro;3.5;2.65;$70.30;;;;;;
17/6/2025;Pollo tipo rosticero;Bachoco;Guanajuato;2.7;1.8;$72.00;;;;;;
18/6/2025;Gallina;Sin marca;Edo. de M?xico;3.6;3.3;$64.00;;;;;;
18/6/2025;Pollo entero;Bachoco;Guanajuato;3.5;2.65;$70.50;;;;;;
18/6/2025;Pollo entero;Otros;Veracruz;3.5;2.65;$70.00;;;;;;
18/6/2025;Pollo entero;Pilgrim's;Quer?taro;3.5;2.65;$70.30;;;;;;
18/6/2025;Pollo tipo rosticero;Bachoco;Guanajuato;2.7;1.8;$72.00;;;;;;
19/6/2025;Gallina;Sin marca;Chiapas;3.6;3.3;$64.00;;;;;;
19/6/2025;Pollo entero;Bachoco;Guanajuato;3.5;2.65;$70.50;;;;;;
19/6/2025;Pollo entero;Otros;Veracruz;3.5;2.65;$70.00;;;;;;
19/6/2025;Pollo entero;Pilgrim's;Quer?taro;3.5;2.65;$70.30;;;;;;
19/6/2025;Pollo tipo rosticero;Bachoco;Guanajuato;2.7;1.8;$72.00;;;;;;
20/6/2025;Gallina;Sin marca;Edo. de M?xico;3.6;3.3;$65.00;;;;;;
20/6/2025;Pollo entero;Bachoco;Guanajuato;3.5;2.65;$70.50;;;;;;
20/6/2025;Pollo entero;Otros;Veracruz;3.5;2.65;$70.00;;;;;;
20/6/2025;Pollo entero;Pilgrim's;Quer?taro;3.5;2.65;$70.30;;;;;;
20/6/2025;Pollo tipo rosticero;Bachoco;Guanajuato;2.7;1.8;$72.00;;;;;;
23/6/2025;Gallina;Sin marca;Quer?taro;3.6;3.3;$65.00;;;;;;
23/6/2025;Pollo entero;Bachoco;Guanajuato;3.5;2.65;$71.50;;;;;;
23/6/2025;Pollo entero;Otros;Veracruz;3.5;2.65;$71.00;;;;;;
23/6/2025;Pollo entero;Pilgrim's;Quer?taro;3.5;2.65;$71.30;;;;;;
23/6/2025;Pollo tipo rosticero;Bachoco;Guanajuato;2.7;1.8;$73.00;;;;;;
24/6/2025;Gallina;Sin marca;Hidalgo;3.6;3.3;$66.00;;;;;;
24/6/2025;Pollo entero;Bachoco;Guanajuato;3.5;2.65;$71.50;;;;;;
24/6/2025;Pollo entero;Otros;Veracruz;3.5;2.65;$71.00;;;;;;
24/6/2025;Pollo entero;Pilgrim's;Quer?taro;3.5;2.65;$71.30;;;;;;
24/6/2025;Pollo tipo rosticero;Bachoco;Guanajuato;2.7;1.8;$73.00;;;;;;
25/6/2025;Gallina;Sin marca;San Luis Potos?;3.6;3.3;$66.00;;;;;;
25/6/2025;Pollo entero;Bachoco;Guanajuato;3.5;2.65;$71.50;;;;;;
25/6/2025;Pollo entero;Otros;Veracruz;3.5;2.65;$71.00;;;;;;
25/6/2025;Pollo entero;Pilgrim's;Quer?taro;3.5;2.65;$71.30;;;;;;
25/6/2025;Pollo tipo rosticero;Bachoco;Guanajuato;2.7;1.8;$73.00;;;;;;
26/6/2025;Gallina;Sin marca;Chiapas;3.6;3.3;$66.00;;;;;;
26/6/2025;Pollo entero;Bachoco;Guanajuato;3.5;2.65;$71.50;;;;;;
26/6/2025;Pollo entero;Otros;Veracruz;3.5;2.65;$71.00;;;;;;
26/6/2025;Pollo entero;Pilgrim's;Quer?taro;3.5;2.65;$71.30;;;;;;
26/6/2025;Pollo tipo rosticero;Bachoco;Guanajuato;2.7;1.8;$73.00;;;;;;
27/6/2025;Gallina;Sin marca;Tlaxcala;3.6;3.3;$66.00;;;;;;
27/6/2025;Pollo entero;Bachoco;Guanajuato;2.7;1.8;$71.50;;;;;;
27/6/2025;Pollo entero;Otros;Veracruz;3.5;2.65;$71.00;;;;;;
27/6/2025;Pollo entero;Pilgrim's;Quer?taro;3.5;2.65;$71.30;;;;;;
27/6/2025;Pollo tipo rosticero;Bachoco;Guanajuato;2.7;1.8;$73.00;;;;;;
30/6/2025;Gallina;Sin marca;Coahuila;3.6;3.3;$67.00;;;;;;
30/6/2025;Pollo entero;Bachoco;Guanajuato;3.5;2.65;$71.50;;;;;;
30/6/2025;Pollo entero;Otros;Veracruz;3.5;2.65;$71.00;;;;;;
30/6/2025;Pollo entero;Pilgrim's;Quer?taro;3.5;2.65;$71.30;;;;;;
30/6/2025;Pollo tipo rosticero;Bachoco;Guanajuato;2.7;1.8;$73.00;;;;;;
Qro. : Centros de distribuci?n de Quer?taro;;;;;;;;;;;;
2/6/2025;Pollo entero;Pilgrim's;Quer?taro;2.7;2.5;$74.00;;;;;;
3/6/2025;Pollo entero;Pilgrim's;Quer?taro;2.7;2.5;$74.00;;;;;;
4/6/2025;Pollo entero;Pilgrim's;Quer?taro;2.7;2.5;$74.00;;;;;;
5/6/2025;Pollo entero;Pilgrim's;Quer?taro;2.7;2.5;$74.00;;;;;;
6/6/2025;Pollo entero;Pilgrim's;Quer?taro;2.7;2.5;$72.00;;;;;;
9/6/2025;Pollo entero;Pilgrim's;Quer?taro;2.7;2.5;$72.00;;;;;;
10/6/2025;Pollo entero;Pilgrim's;Quer?taro;2.7;2.5;$72.00;;;;;;
11/6/2025;Pollo entero;Pilgrim's;Quer?taro;2.7;2.5;$72.00;;;;;;
12/6/2025;Pollo entero;Pilgrim's;Quer?taro;2.7;2.5;$72.00;;;;;;
13/6/2025;Pollo entero;Pilgrim's;Quer?taro;2.7;2.5;$72.00;;;;;;
16/6/2025;Pollo entero;Pilgrim's;Quer?taro;2.7;2.5;$72.00;;;;;;
17/6/2025;Pollo entero;Pilgrim's;Quer?taro;2.7;2.5;$72.00;;;;;;
18/6/2025;Pollo entero;Pilgrim's;Quer?taro;2.7;2.5;$72.00;;;;;;
19/6/2025;Pollo entero;Pilgrim's;Quer?taro;2.7;2.5;$69.00;;;;;;
20/6/2025;Pollo entero;Pilgrim's;Quer?taro;2.7;2.5;$69.00;;;;;;
23/6/2025;Pollo entero;Pilgrim's;Quer?taro;2.7;2.5;$69.00;;;;;;
24/6/2025;Pollo entero;Pilgrim's;Quer?taro;2.7;2.5;$69.00;;;;;;
25/6/2025;Pollo entero;Pilgrim's;Quer?taro;2.7;2.5;$69.00;;;;;;
26/6/2025;Pollo entero;Pilgrim's;Quer?taro;2.7;2.5;$65.00;;;;;;
27/6/2025;Pollo entero;Pilgrim's;Quer?taro;2.7;2.5;$65.00;;;;;;
30/6/2025;Pollo entero;Pilgrim's;Quer?taro;2.7;2.5;$65.00;;;;;;
Zac: Mercado de Abasto de Zacatecas;;;;;;;;;;;;
2/6/2025;Pollo entero;Nutri Pollo;San Luis Potos?;2.1;1.9;$78.00;;;;;;
2/6/2025;Pollo entero;Pilgrim's;San Luis Potos?;2.1;1.9;$78.00;;;;;;
2/6/2025;Pollo tipo rosticero;Nutri Pollo;San Luis Potos?;1.4;1.2;$76.00;;;;;;
2/6/2025;Pollo tipo rosticero;Pilgrim's;San Luis Potos?;1.4;1.2;$76.00;;;;;;
3/6/2025;Pollo entero;Nutri Pollo;San Luis Potos?;2.1;1.9;$78.00;;;;;;
3/6/2025;Pollo entero;Pilgrim's;San Luis Potos?;2.1;1.9;$78.00;;;;;;
3/6/2025;Pollo tipo rosticero;Nutri Pollo;San Luis Potos?;1.4;1.2;$76.00;;;;;;
3/6/2025;Pollo tipo rosticero;Pilgrim's;San Luis Potos?;1.4;1.2;$76.00;;;;;;
4/6/2025;Pollo entero;Nutri Pollo;San Luis Potos?;2.1;1.9;$78.00;;;;;;
4/6/2025;Pollo entero;Pilgrim's;San Luis Potos?;2.1;1.9;$78.00;;;;;;
4/6/2025;Pollo tipo rosticero;Nutri Pollo;San Luis Potos?;1.4;1.2;$76.00;;;;;;
4/6/2025;Pollo tipo rosticero;Pilgrim's;San Luis Potos?;1.4;1.2;$76.00;;;;;;
5/6/2025;Pollo entero;Nutri Pollo;San Luis Potos?;2.1;1.9;$78.00;;;;;;
5/6/2025;Pollo entero;Pilgrim's;San Luis Potos?;2.1;1.9;$78.00;;;;;;
5/6/2025;Pollo tipo rosticero;Nutri Pollo;San Luis Potos?;1.4;1.2;$76.00;;;;;;
5/6/2025;Pollo tipo rosticero;Pilgrim's;San Luis Potos?;1.4;1.2;$76.00;;;;;;
6/6/2025;Pollo entero;Nutri Pollo;San Luis Potos?;2.1;1.9;$78.00;;;;;;
6/6/2025;Pollo entero;Pilgrim's;San Luis Potos?;2.1;1.9;$78.00;;;;;;
6/6/2025;Pollo tipo rosticero;Nutri Pollo;San Luis Potos?;1.4;1.2;$76.00;;;;;;
6/6/2025;Pollo tipo rosticero;Pilgrim's;San Luis Potos?;1.4;1.2;$76.00;;;;;;
9/6/2025;Pollo entero;Nutri Pollo;San Luis Potos?;2.1;1.9;$78.00;;;;;;
9/6/2025;Pollo entero;Pilgrim's;San Luis Potos?;2.1;1.9;$78.00;;;;;;
9/6/2025;Pollo tipo rosticero;Nutri Pollo;San Luis Potos?;1.4;1.2;$76.00;;;;;;
9/6/2025;Pollo tipo rosticero;Pilgrim's;San Luis Potos?;1.4;1.2;$76.00;;;;;;
10/6/2025;Pollo entero;Nutri Pollo;San Luis Potos?;2.1;1.9;$78.00;;;;;;
10/6/2025;Pollo entero;Pilgrim's;San Luis Potos?;2.1;1.9;$78.00;;;;;;
10/6/2025;Pollo tipo rosticero;Nutri Pollo;San Luis Potos?;1.4;1.2;$76.00;;;;;;
10/6/2025;Pollo tipo rosticero;Pilgrim's;San Luis Potos?;1.4;1.2;$76.00;;;;;;
11/6/2025;Pollo entero;Nutri Pollo;San Luis Potos?;2.1;1.9;$78.00;;;;;;
11/6/2025;Pollo entero;Pilgrim's;San Luis Potos?;2.1;1.9;$78.00;;;;;;
11/6/2025;Pollo tipo rosticero;Nutri Pollo;San Luis Potos?;1.4;1.2;$76.00;;;;;;
11/6/2025;Pollo tipo rosticero;Pilgrim's;San Luis Potos?;1.4;1.2;$76.00;;;;;;
12/6/2025;Pollo entero;Nutri Pollo;San Luis Potos?;2.1;1.9;$78.00;;;;;;
12/6/2025;Pollo entero;Pilgrim's;San Luis Potos?;2.1;1.9;$78.00;;;;;;
12/6/2025;Pollo tipo rosticero;Nutri Pollo;San Luis Potos?;1.4;1.2;$76.00;;;;;;
12/6/2025;Pollo tipo rosticero;Pilgrim's;San Luis Potos?;1.4;1.2;$76.00;;;;;;
13/6/2025;Pollo entero;Nutri Pollo;San Luis Potos?;2.1;1.9;$78.00;;;;;;
13/6/2025;Pollo entero;Pilgrim's;San Luis Potos?;2.1;1.9;$78.00;;;;;;
13/6/2025;Pollo tipo rosticero;Nutri Pollo;San Luis Potos?;1.4;1.2;$76.00;;;;;;
13/6/2025;Pollo tipo rosticero;Pilgrim's;San Luis Potos?;1.4;1.2;$76.00;;;;;;
16/6/2025;Pollo entero;Nutri Pollo;San Luis Potos?;2.1;1.9;$78.00;;;;;;
16/6/2025;Pollo entero;Pilgrim's;San Luis Potos?;2.1;1.9;$78.00;;;;;;
16/6/2025;Pollo tipo rosticero;Nutri Pollo;San Luis Potos?;1.4;1.2;$76.00;;;;;;
16/6/2025;Pollo tipo rosticero;Pilgrim's;San Luis Potos?;1.4;1.2;$76.00;;;;;;
17/6/2025;Pollo entero;Nutri Pollo;San Luis Potos?;2.1;1.9;$78.00;;;;;;
17/6/2025;Pollo entero;Pilgrim's;San Luis Potos?;2.1;1.9;$78.00;;;;;;
17/6/2025;Pollo tipo rosticero;Nutri Pollo;San Luis Potos?;1.4;1.2;$76.00;;;;;;
17/6/2025;Pollo tipo rosticero;Pilgrim's;San Luis Potos?;1.4;1.2;$76.00;;;;;;
18/6/2025;Pollo entero;Nutri Pollo;San Luis Potos?;2.1;1.9;$78.00;;;;;;
18/6/2025;Pollo entero;Pilgrim's;San Luis Potos?;2.1;1.9;$78.00;;;;;;
18/6/2025;Pollo tipo rosticero;Nutri Pollo;San Luis Potos?;1.4;1.2;$76.00;;;;;;
18/6/2025;Pollo tipo rosticero;Pilgrim's;San Luis Potos?;1.4;1.2;$76.00;;;;;;
19/6/2025;Pollo entero;Nutri Pollo;San Luis Potos?;2.1;1.9;$78.00;;;;;;
19/6/2025;Pollo entero;Pilgrim's;San Luis Potos?;2.1;1.9;$78.00;;;;;;
19/6/2025;Pollo tipo rosticero;Nutri Pollo;San Luis Potos?;1.4;1.2;$76.00;;;;;;
19/6/2025;Pollo tipo rosticero;Pilgrim's;San Luis Potos?;1.4;1.2;$76.00;;;;;;
20/6/2025;Pollo entero;Nutri Pollo;San Luis Potos?;2.1;1.9;$78.00;;;;;;
20/6/2025;Pollo entero;Pilgrim's;San Luis Potos?;2.1;1.9;$78.00;;;;;;
20/6/2025;Pollo tipo rosticero;Nutri Pollo;San Luis Potos?;1.4;1.2;$76.00;;;;;;
20/6/2025;Pollo tipo rosticero;Pilgrim's;San Luis Potos?;1.4;1.2;$76.00;;;;;;
23/6/2025;Pollo entero;Nutri Pollo;San Luis Potos?;2.1;1.9;$78.00;;;;;;
23/6/2025;Pollo entero;Pilgrim's;San Luis Potos?;2.1;1.9;$78.00;;;;;;
23/6/2025;Pollo tipo rosticero;Nutri Pollo;San Luis Potos?;1.4;1.2;$76.00;;;;;;
23/6/2025;Pollo tipo rosticero;Pilgrim's;San Luis Potos?;1.4;1.2;$76.00;;;;;;
24/6/2025;Pollo entero;Nutri Pollo;San Luis Potos?;2.1;1.9;$78.00;;;;;;
24/6/2025;Pollo entero;Pilgrim's;San Luis Potos?;2.1;1.9;$78.00;;;;;;
24/6/2025;Pollo tipo rosticero;Nutri Pollo;San Luis Potos?;1.4;1.2;$76.00;;;;;;
24/6/2025;Pollo tipo rosticero;Pilgrim's;San Luis Potos?;1.4;1.2;$76.00;;;;;;
25/6/2025;Pollo entero;Nutri Pollo;San Luis Potos?;2.1;1.9;$78.00;;;;;;
25/6/2025;Pollo entero;Pilgrim's;San Luis Potos?;2.1;1.9;$78.00;;;;;;
25/6/2025;Pollo tipo rosticero;Nutri Pollo;San Luis Potos?;1.4;1.2;$72.00;;;;;;
25/6/2025;Pollo tipo rosticero;Pilgrim's;San Luis Potos?;1.4;1.2;$72.00;;;;;;
26/6/2025;Pollo entero;Nutri Pollo;San Luis Potos?;2.1;1.9;$78.00;;;;;;
26/6/2025;Pollo entero;Pilgrim's;San Luis Potos?;2.1;1.9;$78.00;;;;;;
26/6/2025;Pollo tipo rosticero;Nutri Pollo;San Luis Potos?;1.4;1.2;$72.00;;;;;;
26/6/2025;Pollo tipo rosticero;Pilgrim's;San Luis Potos?;1.4;1.2;$72.00;;;;;;
27/6/2025;Pollo entero;Nutri Pollo;San Luis Potos?;2.1;1.9;$78.00;;;;;;
27/6/2025;Pollo entero;Pilgrim's;San Luis Potos?;2.1;1.9;$78.00;;;;;;
27/6/2025;Pollo tipo rosticero;Nutri Pollo;San Luis Potos?;1.4;1.2;$72.00;;;;;;
27/6/2025;Pollo tipo rosticero;Pilgrim's;San Luis Potos?;1.4;1.2;$72.00;;;;;;
30/6/2025;Pollo entero;Nutri Pollo;San Luis Potos?;2.1;1.9;$78.00;;;;;;
30/6/2025;Pollo entero;Pilgrim's;San Luis Potos?;2.1;1.9;$78.00;;;;;;
30/6/2025;Pollo tipo rosticero;Nutri Pollo;San Luis Potos?;1.4;1.2;$72.00;;;;;;
30/6/2025;Pollo tipo rosticero;Pilgrim's;San Luis Potos?;1.4;1.2;$72.00;;;;;;
;;;;;;;;;;;;
D.F. : Centro de distribuci?n Becerra;;;;;;;;;;;;
1/7/2025;Gallina;Sin marca;Coahuila;3.6;3.3;$67.00;;;;;;
1/7/2025;Pollo entero;Bachoco;Guanajuato;3.5;2.65;$72.00;;;;;;
1/7/2025;Pollo entero;Otros;Veracruz;3.5;2.65;$71.40;;;;;;
1/7/2025;Pollo entero;Pilgrim's;Quer?taro;3.5;2.65;$71.60;;;;;;
1/7/2025;Pollo entero;Tyson;Coahuila;3.5;2.65;$71.80;;;;;;
1/7/2025;Pollo tipo rosticero;Bachoco;Guanajuato;2.7;1.8;$73.00;;;;;;
2/7/2025;Gallina;Sin marca;Veracruz;3.6;3.3;$67.00;;;;;;
2/7/2025;Pollo entero;Bachoco;Guanajuato;3.5;2.65;$72.00;;;;;;
2/7/2025;Pollo entero;Otros;Veracruz;3.5;2.65;$71.40;;;;;;
2/7/2025;Pollo entero;Pilgrim's;Quer?taro;3.5;2.65;$71.60;;;;;;
2/7/2025;Pollo entero;Tyson;Coahuila;3.5;2.65;$71.80;;;;;;
2/7/2025;Pollo tipo rosticero;Bachoco;Guanajuato;2.7;1.8;$73.00;;;;;;
3/7/2025;Gallina;Sin marca;Morelos;3.6;3.3;$67.00;;;;;;
3/7/2025;Pollo entero;Bachoco;Guanajuato;3.5;2.65;$72.00;;;;;;
3/7/2025;Pollo entero;Otros;Veracruz;3.5;2.65;$71.40;;;;;;
3/7/2025;Pollo entero;Pilgrim's;Quer?taro;3.5;2.65;$71.60;;;;;;
3/7/2025;Pollo entero;Tyson;Coahuila;3.5;2.65;$71.80;;;;;;
3/7/2025;Pollo tipo rosticero;Bachoco;Guanajuato;2.7;1.8;$73.00;;;;;;
4/7/2025;Gallina;Sin marca;Tamaulipas;3.6;3.3;$63.00;;;;;;
4/7/2025;Pollo entero;Bachoco;Guanajuato;3.5;2.65;$75.00;;;;;;
4/7/2025;Pollo entero;Otros;Veracruz;3.5;2.65;$74.40;;;;;;
4/7/2025;Pollo entero;Pilgrim's;Quer?taro;3.5;2.65;$74.60;;;;;;
4/7/2025;Pollo entero;Tyson;Coahuila;3.5;2.65;$74.80;;;;;;
4/7/2025;Pollo tipo rosticero;Bachoco;Guanajuato;2.7;1.8;$76.00;;;;;;
7/7/2025;Gallina;Sin marca;Veracruz;3.6;3.3;$60.00;;;;;;
7/7/2025;Pollo entero;Bachoco;Guanajuato;3.5;2.65;$76.00;;;;;;
7/7/2025;Pollo entero;Otros;Veracruz;3.5;2.65;$75.40;;;;;;
7/7/2025;Pollo entero;Pilgrim's;Quer?taro;3.5;2.65;$75.60;;;;;;
7/7/2025;Pollo entero;Tyson;Coahuila;3.5;2.65;$75.80;;;;;;
7/7/2025;Pollo tipo rosticero;Bachoco;Guanajuato;2.7;1.8;$77.00;;;;;;
8/7/2025;Gallina;Sin marca;Veracruz;3.6;3.3;$60.00;;;;;;
8/7/2025;Pollo entero;Bachoco;Guanajuato;3.5;2.65;$76.00;;;;;;
8/7/2025;Pollo entero;Otros;Veracruz;3.5;2.65;$75.40;;;;;;
8/7/2025;Pollo entero;Pilgrim's;Quer?taro;3.5;2.65;$75.60;;;;;;
8/7/2025;Pollo entero;Tyson;Coahuila;3.5;2.65;$75.80;;;;;;
8/7/2025;Pollo tipo rosticero;Bachoco;Guanajuato;2.7;1.8;$77.00;;;;;;
9/7/2025;Gallina;Sin marca;Chiapas;3.6;3.3;$60.00;;;;;;
9/7/2025;Pollo entero;Bachoco;Guanajuato;3.5;2.65;$76.00;;;;;;
9/7/2025;Pollo entero;Otros;Veracruz;3.5;2.65;$75.40;;;;;;
9/7/2025;Pollo entero;Pilgrim's;Quer?taro;3.5;2.65;$75.60;;;;;;
9/7/2025;Pollo entero;Tyson;Coahuila;3.5;2.65;$75.80;;;;;;
9/7/2025;Pollo tipo rosticero;Bachoco;Guanajuato;2.7;1.8;$77.00;;;;;;
10/7/2025;Gallina;Sin marca;Aguascalientes;3.6;3.3;$60.00;;;;;;
10/7/2025;Pollo entero;Bachoco;Guanajuato;3.5;2.65;$76.00;;;;;;
10/7/2025;Pollo entero;Otros;Veracruz;3.5;2.65;$75.40;;;;;;
10/7/2025;Pollo entero;Pilgrim's;Quer?taro;3.5;2.65;$75.60;;;;;;
10/7/2025;Pollo entero;Tyson;Coahuila;3.5;2.65;$75.80;;;;;;
10/7/2025;Pollo tipo rosticero;Bachoco;Guanajuato;2.7;1.8;$77.00;;;;;;
11/7/2025;Gallina;Sin marca;Edo. de M?xico;3.6;3.3;$60.00;;;;;;
11/7/2025;Pollo entero;Bachoco;Guanajuato;3.5;2.65;$76.00;;;;;;
11/7/2025;Pollo entero;Otros;Veracruz;3.5;2.65;$75.40;;;;;;
11/7/2025;Pollo entero;Pilgrim's;Quer?taro;3.5;2.65;$75.60;;;;;;
11/7/2025;Pollo entero;Tyson;Coahuila;3.5;2.65;$75.80;;;;;;
11/7/2025;Pollo tipo rosticero;Bachoco;Guanajuato;2.7;1.8;$77.00;;;;;;
14/7/2025;Gallina;Sin marca;Coahuila;3.6;3.3;$58.00;;;;;;
14/7/2025;Pollo entero;Bachoco;Guanajuato;3.5;2.65;$76.00;;;;;;
14/7/2025;Pollo entero;Otros;Veracruz;3.5;2.65;$75.40;;;;;;
14/7/2025;Pollo entero;Pilgrim's;Quer?taro;3.5;2.65;$75.60;;;;;;
14/7/2025;Pollo entero;Tyson;Coahuila;3.5;2.65;$75.80;;;;;;
14/7/2025;Pollo tipo rosticero;Bachoco;Guanajuato;2.7;1.8;$77.00;;;;;;
15/7/2025;Gallina;Sin marca;Oaxaca;3.6;3.3;$58.00;;;;;;
15/7/2025;Pollo entero;Bachoco;Guanajuato;3.5;2.65;$76.00;;;;;;
15/7/2025;Pollo entero;Otros;Veracruz;3.5;2.65;$75.40;;;;;;
15/7/2025;Pollo entero;Pilgrim's;Quer?taro;3.5;2.65;$75.60;;;;;;
15/7/2025;Pollo entero;Tyson;Coahuila;3.5;2.65;$75.80;;;;;;
15/7/2025;Pollo tipo rosticero;Bachoco;Guanajuato;2.7;1.8;$77.00;;;;;;
16/7/2025;Gallina;Sin marca;Sinaloa;3.6;3.3;$58.00;;;;;;
16/7/2025;Pollo entero;Bachoco;Guanajuato;3.5;2.65;$76.00;;;;;;
16/7/2025;Pollo entero;Otros;Veracruz;3.5;2.65;$75.40;;;;;;
16/7/2025;Pollo entero;Pilgrim's;Quer?taro;3.5;2.65;$75.60;;;;;;
16/7/2025;Pollo entero;Tyson;Coahuila;3.5;2.65;$75.80;;;;;;
16/7/2025;Pollo tipo rosticero;Bachoco;Guanajuato;2.7;1.8;$77.00;;;;;;
17/7/2025;Gallina;Sin marca;Jalisco;3.6;3.3;$58.00;;;;;;
17/7/2025;Pollo entero;Bachoco;Guanajuato;3.5;2.65;$76.00;;;;;;
17/7/2025;Pollo entero;Otros;Veracruz;3.5;2.65;$75.40;;;;;;
17/7/2025;Pollo entero;Pilgrim's;Quer?taro;3.5;2.65;$75.60;;;;;;
17/7/2025;Pollo entero;Tyson;Coahuila;3.5;2.65;$75.80;;;;;;
17/7/2025;Pollo tipo rosticero;Bachoco;Guanajuato;2.7;1.8;$77.00;;;;;;
18/7/2025;Gallina;Sin marca;Tabasco;3.6;3.3;$58.00;;;;;;
18/7/2025;Pollo entero;Bachoco;Guanajuato;3.5;2.65;$76.00;;;;;;
18/7/2025;Pollo entero;Otros;Veracruz;3.5;2.65;$75.40;;;;;;
18/7/2025;Pollo entero;Pilgrim's;Quer?taro;3.5;2.65;$75.60;;;;;;
18/7/2025;Pollo entero;Tyson;Coahuila;3.5;2.65;$75.80;;;;;;
18/7/2025;Pollo tipo rosticero;Bachoco;Guanajuato;2.7;1.8;$77.00;;;;;;
21/7/2025;Gallina;Sin marca;Coahuila;3.6;3.3;$58.00;;;;;;
21/7/2025;Pollo entero;Bachoco;Guanajuato;3.5;2.65;$76.00;;;;;;
21/7/2025;Pollo entero;Otros;Veracruz;3.5;2.65;$75.40;;;;;;
21/7/2025;Pollo entero;Pilgrim's;Quer?taro;3.5;2.65;$75.60;;;;;;
21/7/2025;Pollo entero;Tyson;Coahuila;3.5;2.65;$75.80;;;;;;
21/7/2025;Pollo tipo rosticero;Bachoco;Guanajuato;2.7;1.8;$77.00;;;;;;
22/7/2025;Gallina;Sin marca;Tlaxcala;3.6;3.3;$58.00;;;;;;
22/7/2025;Pollo entero;Bachoco;Guanajuato;3.5;2.65;$74.00;;;;;;
22/7/2025;Pollo entero;Otros;Veracruz;3.5;2.65;$73.40;;;;;;
22/7/2025;Pollo entero;Pilgrim's;Quer?taro;3.5;2.65;$73.60;;;;;;
22/7/2025;Pollo entero;Tyson;Coahuila;3.5;2.65;$73.80;;;;;;
22/7/2025;Pollo tipo rosticero;Bachoco;Guanajuato;2.7;1.8;$75.00;;;;;;
23/7/2025;Gallina;Sin marca;Sinaloa;3.6;3.3;$58.00;;;;;;
23/7/2025;Pollo entero;Bachoco;Guanajuato;3.5;2.65;$74.00;;;;;;
23/7/2025;Pollo entero;Otros;Veracruz;3.5;2.65;$73.40;;;;;;
23/7/2025;Pollo entero;Pilgrim's;Quer?taro;3.5;2.65;$73.60;;;;;;
23/7/2025;Pollo entero;Tyson;Coahuila;3.5;2.65;$73.80;;;;;;
23/7/2025;Pollo tipo rosticero;Bachoco;Guanajuato;2.7;1.8;$75.00;;;;;;
24/7/2025;Gallina;Sin marca;Tamaulipas;3.6;3.3;$58.00;;;;;;
24/7/2025;Pollo entero;Bachoco;Guanajuato;2.7;2.5;$73.00;;;;;;
24/7/2025;Pollo entero;Otros;Veracruz;2.6;2.4;$72.40;;;;;;
24/7/2025;Pollo entero;Pilgrim's;Quer?taro;2.7;2.5;$72.60;;;;;;
24/7/2025;Pollo entero;Tyson;Coahuila;2.7;2.5;$72.80;;;;;;
24/7/2025;Pollo tipo rosticero;Bachoco;Guanajuato;1.8;1.6;$74.00;;;;;;
25/7/2025;Gallina;Sin marca;Tamaulipas;3.6;3.3;$58.00;;;;;;
25/7/2025;Pollo entero;Bachoco;Guanajuato;3.5;2.65;$73.00;;;;;;
25/7/2025;Pollo entero;Otros;Veracruz;3.5;2.65;$72.40;;;;;;
25/7/2025;Pollo entero;Pilgrim's;Quer?taro;3.5;2.65;$72.60;;;;;;
25/7/2025;Pollo entero;Tyson;Coahuila;3.5;2.65;$72.80;;;;;;
25/7/2025;Pollo tipo rosticero;Bachoco;Guanajuato;2.7;1.8;$74.00;;;;;;
28/7/2025;Gallina;Sin marca;Coahuila;3.6;3.3;$58.00;;;;;;
28/7/2025;Pollo entero;Bachoco;Guanajuato;2.7;2.5;$71.00;;;;;;
28/7/2025;Pollo entero;Otros;Veracruz;2.6;2.4;$70.40;;;;;;
28/7/2025;Pollo entero;Pilgrim's;Quer?taro;2.7;2.5;$70.60;;;;;;
28/7/2025;Pollo entero;Tyson;Coahuila;2.7;2.5;$70.80;;;;;;
28/7/2025;Pollo tipo rosticero;Bachoco;Guanajuato;1.8;1.6;$72.00;;;;;;
29/7/2025;Gallina;Sin marca;Tamaulipas;3.6;3.3;$58.00;;;;;;
29/7/2025;Pollo entero;Bachoco;Guanajuato;2.7;2.5;$71.00;;;;;;
29/7/2025;Pollo entero;Otros;Veracruz;2.6;2.4;$70.40;;;;;;
29/7/2025;Pollo entero;Pilgrim's;Quer?taro;2.7;2.5;$70.60;;;;;;
29/7/2025;Pollo entero;Tyson;Coahuila;2.7;2.5;$70.80;;;;;;
29/7/2025;Pollo tipo rosticero;Bachoco;Guanajuato;1.8;1.6;$72.00;;;;;;
30/7/2025;Gallina;Sin marca;Jalisco;3.6;3.3;$58.00;;;;;;
30/7/2025;Pollo entero;Bachoco;Guanajuato;2.7;2.5;$71.00;;;;;;
30/7/2025;Pollo entero;Otros;Veracruz;2.6;2.4;$70.40;;;;;;
30/7/2025;Pollo entero;Pilgrim's;Quer?taro;2.7;2.5;$70.60;;;;;;
30/7/2025;Pollo entero;Tyson;Coahuila;2.7;2.5;$70.80;;;;;;
30/7/2025;Pollo tipo rosticero;Bachoco;Guanajuato;1.8;1.6;$72.00;;;;;;
31/7/2025;Gallina;Sin marca;Tamaulipas;3.6;3.3;$58.00;;;;;;
31/7/2025;Pollo entero;Bachoco;Guanajuato;2.7;2.5;$71.00;;;;;;
31/7/2025;Pollo entero;Otros;Veracruz;2.6;2.4;$70.00;;;;;;
31/7/2025;Pollo entero;Pilgrim's;Quer?taro;2.7;2.5;$70.60;;;;;;
31/7/2025;Pollo entero;Tyson;Coahuila;2.7;2.5;$70.80;;;;;;
31/7/2025;Pollo tipo rosticero;Bachoco;Guanajuato;1.8;1.6;$72.00;;;;;;
D.F. : Centro de distribuci?n Nuevo San Juan;;;;;;;;;;;;
1/7/2025;Gallina;Sin marca;Zacatecas;3.6;3.3;$67.00;;;;;;
1/7/2025;Pollo entero;Bachoco;Guanajuato;3.5;2.65;$71.90;;;;;;
1/7/2025;Pollo entero;Otros;Veracruz;3.5;2.65;$71.30;;;;;;
1/7/2025;Pollo entero;Pilgrim's;Quer?taro;3.5;2.65;$71.50;;;;;;
1/7/2025;Pollo entero;Tyson;Coahuila;3.5;2.65;$71.70;;;;;;
1/7/2025;Pollo tipo rosticero;Bachoco;Guanajuato;2.7;1.8;$73.00;;;;;;
2/7/2025;Gallina;Sin marca;Chiapas;3.6;3.3;$67.00;;;;;;
2/7/2025;Pollo entero;Bachoco;Guanajuato;3.5;2.65;$71.90;;;;;;
2/7/2025;Pollo entero;Otros;Veracruz;3.5;2.65;$71.30;;;;;;
2/7/2025;Pollo entero;Pilgrim's;Quer?taro;3.5;2.65;$71.50;;;;;;
2/7/2025;Pollo entero;Tyson;Coahuila;3.5;2.65;$71.70;;;;;;
2/7/2025;Pollo tipo rosticero;Bachoco;Guanajuato;2.7;1.8;$73.00;;;;;;
3/7/2025;Gallina;Sin marca;Aguascalientes;3.6;3.3;$67.00;;;;;;
3/7/2025;Pollo entero;Bachoco;Guanajuato;3.5;2.65;$71.90;;;;;;
3/7/2025;Pollo entero;Otros;Veracruz;3.5;2.65;$71.30;;;;;;
3/7/2025;Pollo entero;Pilgrim's;Quer?taro;3.5;2.65;$71.50;;;;;;
3/7/2025;Pollo entero;Tyson;Coahuila;3.5;2.65;$71.70;;;;;;
3/7/2025;Pollo tipo rosticero;Bachoco;Guanajuato;2.7;1.8;$73.00;;;;;;
4/7/2025;Gallina;Sin marca;Guerrero;3.6;3.3;$63.00;;;;;;
4/7/2025;Pollo entero;Bachoco;Guanajuato;3.5;2.65;$74.90;;;;;;
4/7/2025;Pollo entero;Otros;Veracruz;3.5;2.65;$74.30;;;;;;
4/7/2025;Pollo entero;Pilgrim's;Quer?taro;3.5;2.65;$74.50;;;;;;
4/7/2025;Pollo entero;Tyson;Coahuila;3.5;2.65;$74.70;;;;;;
4/7/2025;Pollo tipo rosticero;Bachoco;Guanajuato;2.7;1.8;$76.00;;;;;;
7/7/2025;Gallina;Sin marca;Coahuila;3.6;3.3;$60.00;;;;;;
7/7/2025;Pollo entero;Bachoco;Guanajuato;3.5;2.65;$75.90;;;;;;
7/7/2025;Pollo entero;Otros;Veracruz;3.5;2.65;$75.30;;;;;;
7/7/2025;Pollo entero;Pilgrim's;Quer?taro;3.5;2.65;$75.50;;;;;;
7/7/2025;Pollo entero;Tyson;Coahuila;3.5;2.65;$75.70;;;;;;
7/7/2025;Pollo tipo rosticero;Bachoco;Guanajuato;2.7;1.8;$77.00;;;;;;
8/7/2025;Gallina;Sin marca;Oaxaca;3.6;3.3;$60.00;;;;;;
8/7/2025;Pollo entero;Bachoco;Guanajuato;3.5;2.65;$75.90;;;;;;
8/7/2025;Pollo entero;Otros;Veracruz;3.5;2.65;$75.30;;;;;;
8/7/2025;Pollo entero;Pilgrim's;Quer?taro;3.5;2.65;$75.50;;;;;;
8/7/2025;Pollo entero;Tyson;Coahuila;3.5;2.65;$75.70;;;;;;
8/7/2025;Pollo tipo rosticero;Bachoco;Guanajuato;2.7;1.8;$77.00;;;;;;
9/7/2025;Gallina;Sin marca;Tabasco;3.6;3.3;$60.00;;;;;;
9/7/2025;Pollo entero;Bachoco;Guanajuato;3.5;2.65;$75.90;;;;;;
9/7/2025;Pollo entero;Otros;Veracruz;3.5;2.65;$75.30;;;;;;
9/7/2025;Pollo entero;Pilgrim's;Quer?taro;3.5;2.65;$75.50;;;;;;
9/7/2025;Pollo entero;Tyson;Coahuila;3.5;2.65;$75.70;;;;;;
9/7/2025;Pollo tipo rosticero;Bachoco;Guanajuato;2.7;1.8;$77.00;;;;;;
10/7/2025;Gallina;Sin marca;Zacatecas;3.6;3.3;$60.00;;;;;;
10/7/2025;Pollo entero;Bachoco;Guanajuato;3.5;2.65;$75.90;;;;;;
10/7/2025;Pollo entero;Otros;Veracruz;3.5;2.65;$75.30;;;;;;
10/7/2025;Pollo entero;Pilgrim's;Quer?taro;3.5;2.65;$75.50;;;;;;
10/7/2025;Pollo entero;Tyson;Coahuila;3.5;2.65;$75.70;;;;;;
10/7/2025;Pollo tipo rosticero;Bachoco;Guanajuato;2.7;1.8;$77.00;;;;;;
11/7/2025;Gallina;Sin marca;Durango;3.6;3.3;$60.00;;;;;;
11/7/2025;Pollo entero;Bachoco;Guanajuato;3.5;2.65;$75.90;;;;;;
11/7/2025;Pollo entero;Otros;Veracruz;3.5;2.65;$75.30;;;;;;
11/7/2025;Pollo entero;Pilgrim's;Quer?taro;3.5;2.65;$75.50;;;;;;
11/7/2025;Pollo entero;Tyson;Coahuila;3.5;2.65;$75.70;;;;;;
11/7/2025;Pollo tipo rosticero;Bachoco;Guanajuato;2.7;1.8;$77.00;;;;;;
14/7/2025;Gallina;Sin marca;Veracruz;3.6;3.3;$58.00;;;;;;
14/7/2025;Pollo entero;Bachoco;Guanajuato;3.5;2.65;$75.90;;;;;;
14/7/2025;Pollo entero;Otros;Veracruz;3.5;2.65;$75.30;;;;;;
14/7/2025;Pollo entero;Pilgrim's;Quer?taro;3.5;2.65;$75.50;;;;;;
14/7/2025;Pollo entero;Tyson;Coahuila;3.5;2.65;$75.70;;;;;;
14/7/2025;Pollo tipo rosticero;Bachoco;Guanajuato;2.7;1.8;$77.00;;;;;;
15/7/2025;Gallina;Sin marca;Veracruz;3.6;3.3;$58.00;;;;;;
15/7/2025;Pollo entero;Bachoco;Guanajuato;3.5;2.65;$75.90;;;;;;
15/7/2025;Pollo entero;Otros;Veracruz;3.5;2.65;$75.30;;;;;;
15/7/2025;Pollo entero;Pilgrim's;Quer?taro;3.5;2.65;$75.50;;;;;;
15/7/2025;Pollo entero;Tyson;Coahuila;3.5;2.65;$75.70;;;;;;
15/7/2025;Pollo tipo rosticero;Bachoco;Guanajuato;2.7;1.8;$77.00;;;;;;
16/7/2025;Gallina;Sin marca;Chiapas;3.6;3.3;$58.00;;;;;;
16/7/2025;Pollo entero;Bachoco;Guanajuato;3.5;2.65;$75.90;;;;;;
16/7/2025;Pollo entero;Otros;Veracruz;3.5;2.65;$75.30;;;;;;
16/7/2025;Pollo entero;Pilgrim's;Quer?taro;3.5;2.65;$75.50;;;;;;
16/7/2025;Pollo entero;Tyson;Coahuila;3.5;2.65;$75.70;;;;;;
16/7/2025;Pollo tipo rosticero;Bachoco;Guanajuato;2.7;1.8;$77.00;;;;;;
17/7/2025;Gallina;Sin marca;San Luis Potos?;3.6;3.3;$58.00;;;;;;
17/7/2025;Pollo entero;Bachoco;Guanajuato;3.5;2.65;$75.90;;;;;;
17/7/2025;Pollo entero;Otros;Veracruz;3.5;2.65;$75.30;;;;;;
17/7/2025;Pollo entero;Pilgrim's;Quer?taro;3.5;2.65;$75.50;;;;;;
17/7/2025;Pollo entero;Tyson;Coahuila;3.5;2.65;$75.70;;;;;;
17/7/2025;Pollo tipo rosticero;Bachoco;Guanajuato;2.7;1.8;$77.00;;;;;;
18/7/2025;Gallina;Sin marca;Sinaloa;3.6;3.3;$58.00;;;;;;
18/7/2025;Pollo entero;Bachoco;Guanajuato;3.5;2.65;$75.90;;;;;;
18/7/2025;Pollo entero;Otros;Veracruz;3.5;2.65;$75.30;;;;;;
18/7/2025;Pollo entero;Pilgrim's;Quer?taro;3.5;2.65;$75.50;;;;;;
18/7/2025;Pollo entero;Tyson;Coahuila;3.5;2.65;$75.70;;;;;;
18/7/2025;Pollo tipo rosticero;Bachoco;Guanajuato;2.7;1.8;$77.00;;;;;;
21/7/2025;Gallina;Sin marca;Quer?taro;3.6;3.3;$58.00;;;;;;
21/7/2025;Pollo entero;Bachoco;Guanajuato;3.5;2.65;$75.90;;;;;;
21/7/2025;Pollo entero;Otros;Veracruz;3.5;2.65;$75.30;;;;;;
21/7/2025;Pollo entero;Pilgrim's;Quer?taro;3.5;2.65;$75.50;;;;;;
21/7/2025;Pollo entero;Tyson;Coahuila;3.5;2.65;$75.70;;;;;;
21/7/2025;Pollo tipo rosticero;Bachoco;Guanajuato;2.7;1.8;$77.00;;;;;;
22/7/2025;Gallina;Sin marca;Aguascalientes;3.6;3.3;$58.00;;;;;;
22/7/2025;Pollo entero;Bachoco;Guanajuato;3.5;2.65;$73.90;;;;;;
22/7/2025;Pollo entero;Otros;Veracruz;3.5;2.65;$73.30;;;;;;
22/7/2025;Pollo entero;Pilgrim's;Quer?taro;3.5;2.65;$73.50;;;;;;
22/7/2025;Pollo entero;Tyson;Coahuila;3.5;2.65;$73.70;;;;;;
22/7/2025;Pollo tipo rosticero;Bachoco;Guanajuato;2.7;1.8;$75.00;;;;;;
23/7/2025;Gallina;Sin marca;Durango;3.6;3.3;$58.00;;;;;;
23/7/2025;Pollo entero;Bachoco;Guanajuato;3.5;2.65;$73.90;;;;;;
23/7/2025;Pollo entero;Otros;Veracruz;3.5;2.65;$73.30;;;;;;
23/7/2025;Pollo entero;Pilgrim's;Quer?taro;3.5;2.65;$73.50;;;;;;
23/7/2025;Pollo entero;Tyson;Coahuila;3.5;2.65;$73.70;;;;;;
23/7/2025;Pollo tipo rosticero;Bachoco;Guanajuato;2.7;1.8;$75.00;;;;;;
24/7/2025;Gallina;Sin marca;Aguascalientes;3.6;3.3;$58.00;;;;;;
24/7/2025;Pollo entero;Bachoco;Guanajuato;2.7;2.5;$72.90;;;;;;
24/7/2025;Pollo entero;Otros;Veracruz;2.6;2.4;$72.30;;;;;;
24/7/2025;Pollo entero;Pilgrim's;Quer?taro;2.7;2.5;$72.50;;;;;;
24/7/2025;Pollo entero;Tyson;Coahuila;2.7;2.5;$72.70;;;;;;
24/7/2025;Pollo tipo rosticero;Bachoco;Guanajuato;1.8;1.6;$74.00;;;;;;
25/7/2025;Gallina;Sin marca;San Luis Potos?;3.6;3.3;$58.00;;;;;;
25/7/2025;Pollo entero;Bachoco;Guanajuato;3.5;2.65;$73.00;;;;;;
25/7/2025;Pollo entero;Otros;Veracruz;3.5;2.65;$72.30;;;;;;
25/7/2025;Pollo entero;Pilgrim's;Quer?taro;3.5;2.65;$72.50;;;;;;
25/7/2025;Pollo entero;Tyson;Coahuila;3.5;2.65;$72.70;;;;;;
25/7/2025;Pollo tipo rosticero;Bachoco;Guanajuato;2.7;1.8;$74.00;;;;;;
28/7/2025;Gallina;Sin marca;Veracruz;3.6;3.3;$58.00;;;;;;
28/7/2025;Pollo entero;Bachoco;Guanajuato;2.7;2.5;$70.90;;;;;;
28/7/2025;Pollo entero;Otros;Veracruz;2.6;2.4;$70.30;;;;;;
28/7/2025;Pollo entero;Pilgrim's;Quer?taro;2.7;2.5;$70.50;;;;;;
28/7/2025;Pollo entero;Tyson;Coahuila;2.7;2.5;$70.70;;;;;;
28/7/2025;Pollo tipo rosticero;Bachoco;Guanajuato;1.8;1.6;$72.00;;;;;;
29/7/2025;Gallina;Sin marca;Oaxaca;3.6;3.3;$58.00;;;;;;
29/7/2025;Pollo entero;Bachoco;Guanajuato;2.7;2.5;$70.90;;;;;;
29/7/2025;Pollo entero;Otros;Veracruz;2.6;2.4;$70.30;;;;;;
29/7/2025;Pollo entero;Pilgrim's;Quer?taro;2.7;2.5;$70.50;;;;;;
29/7/2025;Pollo entero;Tyson;Coahuila;2.7;2.5;$70.70;;;;;;
29/7/2025;Pollo tipo rosticero;Bachoco;Guanajuato;1.8;1.6;$72.00;;;;;;
30/7/2025;Gallina;Sin marca;Chiapas;3.6;3.3;$58.00;;;;;;
30/7/2025;Pollo entero;Bachoco;Guanajuato;2.7;2.5;$70.90;;;;;;
30/7/2025;Pollo entero;Otros;Veracruz;2.6;2.4;$70.30;;;;;;
30/7/2025;Pollo entero;Pilgrim's;Quer?taro;2.7;2.5;$70.50;;;;;;
30/7/2025;Pollo entero;Tyson;Coahuila;2.7;2.5;$70.70;;;;;;
30/7/2025;Pollo tipo rosticero;Bachoco;Guanajuato;1.8;1.6;$72.00;;;;;;
31/7/2025;Gallina;Sin marca;Aguascalientes;3.6;3.3;$58.00;;;;;;
31/7/2025;Pollo entero;Bachoco;Guanajuato;2.7;2.5;$70.90;;;;;;
31/7/2025;Pollo entero;Otros;Veracruz;2.6;2.4;$70.30;;;;;;
31/7/2025;Pollo entero;Pilgrim's;Quer?taro;2.7;2.5;$70.50;;;;;;
31/7/2025;Pollo entero;Tyson;Coahuila;2.7;2.5;$70.70;;;;;;
31/7/2025;Pollo tipo rosticero;Bachoco;Guanajuato;1.8;1.6;$72.00;;;;;;
D.F. : Centro de distribuci?n Ray?n;;;;;;;;;;;;
1/7/2025;Gallina;Sin marca;Guerrero;3.6;3.3;$67.00;;;;;;
1/7/2025;Pollo entero;Bachoco;Guanajuato;3.5;2.65;$71.70;;;;;;
1/7/2025;Pollo entero;Otros;Veracruz;3.5;2.65;$71.30;;;;;;
1/7/2025;Pollo entero;Pilgrim's;Quer?taro;3.5;2.65;$71.50;;;;;;
1/7/2025;Pollo tipo rosticero;Bachoco;Guanajuato;2.7;1.8;$73.00;;;;;;
2/7/2025;Gallina;Sin marca;Puebla;3.6;3.3;$67.00;;;;;;
2/7/2025;Pollo entero;Bachoco;Guanajuato;3.5;2.65;$71.70;;;;;;
2/7/2025;Pollo entero;Otros;Veracruz;3.5;2.65;$71.30;;;;;;
2/7/2025;Pollo entero;Pilgrim's;Quer?taro;3.5;2.65;$71.50;;;;;;
2/7/2025;Pollo tipo rosticero;Bachoco;Guanajuato;2.7;1.8;$73.00;;;;;;
3/7/2025;Gallina;Sin marca;Sinaloa;3.6;3.3;$67.00;;;;;;
3/7/2025;Pollo entero;Bachoco;Guanajuato;3.5;2.65;$71.70;;;;;;
3/7/2025;Pollo entero;Otros;Veracruz;3.5;2.65;$71.30;;;;;;
3/7/2025;Pollo entero;Pilgrim's;Quer?taro;3.5;2.65;$71.50;;;;;;
3/7/2025;Pollo tipo rosticero;Bachoco;Guanajuato;2.7;1.8;$73.00;;;;;;
4/7/2025;Gallina;Sin marca;Michoac?n;3.6;3.3;$63.00;;;;;;
4/7/2025;Pollo entero;Bachoco;Guanajuato;3.5;2.65;$74.70;;;;;;
4/7/2025;Pollo entero;Otros;Veracruz;3.5;2.65;$74.30;;;;;;
4/7/2025;Pollo entero;Pilgrim's;Quer?taro;3.5;2.65;$74.50;;;;;;
4/7/2025;Pollo tipo rosticero;Bachoco;Guanajuato;2.7;1.8;$76.00;;;;;;
7/7/2025;Gallina;Sin marca;Guanajuato;3.6;3.3;$60.00;;;;;;
7/7/2025;Pollo entero;Bachoco;Guanajuato;3.5;2.65;$75.70;;;;;;
7/7/2025;Pollo entero;Otros;Veracruz;3.5;2.65;$75.30;;;;;;
7/7/2025;Pollo entero;Pilgrim's;Quer?taro;3.5;2.65;$75.50;;;;;;
7/7/2025;Pollo tipo rosticero;Bachoco;Guanajuato;2.7;1.8;$77.00;;;;;;
8/7/2025;Gallina;Sin marca;Puebla;3.6;3.3;$60.00;;;;;;
8/7/2025;Pollo entero;Bachoco;Guanajuato;3.5;2.65;$75.70;;;;;;
8/7/2025;Pollo entero;Otros;Veracruz;3.5;2.65;$75.30;;;;;;
8/7/2025;Pollo entero;Pilgrim's;Quer?taro;3.5;2.65;$75.50;;;;;;
8/7/2025;Pollo tipo rosticero;Bachoco;Guanajuato;2.7;1.8;$77.00;;;;;;
9/7/2025;Gallina;Sin marca;Sinaloa;3.6;3.3;$60.00;;;;;;
9/7/2025;Pollo entero;Bachoco;Guanajuato;3.5;2.65;$75.70;;;;;;
9/7/2025;Pollo entero;Otros;Veracruz;3.5;2.65;$75.30;;;;;;
9/7/2025;Pollo entero;Pilgrim's;Quer?taro;3.5;2.65;$75.50;;;;;;
9/7/2025;Pollo tipo rosticero;Bachoco;Guanajuato;2.7;1.8;$77.00;;;;;;
10/7/2025;Gallina;Sin marca;Guanajuato;3.6;3.3;$60.00;;;;;;
10/7/2025;Pollo entero;Bachoco;Guanajuato;3.5;2.65;$75.70;;;;;;
10/7/2025;Pollo entero;Otros;Veracruz;3.5;2.65;$75.30;;;;;;
10/7/2025;Pollo entero;Pilgrim's;Quer?taro;3.5;2.65;$75.50;;;;;;
10/7/2025;Pollo tipo rosticero;Bachoco;Guanajuato;2.7;1.8;$77.00;;;;;;
11/7/2025;Gallina;Sin marca;Hidalgo;3.6;3.3;$60.00;;;;;;
11/7/2025;Pollo entero;Bachoco;Guanajuato;3.5;2.65;$75.70;;;;;;
11/7/2025;Pollo entero;Otros;Veracruz;3.5;2.65;$75.30;;;;;;
11/7/2025;Pollo entero;Pilgrim's;Quer?taro;3.5;2.65;$75.50;;;;;;
11/7/2025;Pollo tipo rosticero;Bachoco;Guanajuato;2.7;1.8;$77.00;;;;;;
14/7/2025;Gallina;Sin marca;Guanajuato;3.6;3.3;$58.00;;;;;;
14/7/2025;Pollo entero;Bachoco;Guanajuato;3.5;2.65;$75.70;;;;;;
14/7/2025;Pollo entero;Otros;Veracruz;3.5;2.65;$75.30;;;;;;
14/7/2025;Pollo entero;Pilgrim's;Quer?taro;3.5;2.65;$75.50;;;;;;
14/7/2025;Pollo tipo rosticero;Bachoco;Guanajuato;2.7;1.8;$77.00;;;;;;
15/7/2025;Gallina;Sin marca;Hidalgo;3.6;3.3;$58.00;;;;;;
15/7/2025;Pollo entero;Bachoco;Guanajuato;3.5;2.65;$75.70;;;;;;
15/7/2025;Pollo entero;Otros;Veracruz;3.5;2.65;$75.30;;;;;;
15/7/2025;Pollo entero;Pilgrim's;Quer?taro;3.5;2.65;$75.50;;;;;;
15/7/2025;Pollo tipo rosticero;Bachoco;Guanajuato;2.7;1.8;$77.00;;;;;;
16/7/2025;Gallina;Sin marca;Hidalgo;3.6;3.3;$58.00;;;;;;
16/7/2025;Pollo entero;Bachoco;Guanajuato;3.5;2.65;$75.70;;;;;;
16/7/2025;Pollo entero;Otros;Veracruz;3.5;2.65;$75.30;;;;;;
16/7/2025;Pollo entero;Pilgrim's;Quer?taro;3.5;2.65;$75.50;;;;;;
16/7/2025;Pollo tipo rosticero;Bachoco;Guanajuato;2.7;1.8;$77.00;;;;;;
17/7/2025;Gallina;Sin marca;Coahuila;3.6;3.3;$58.00;;;;;;
17/7/2025;Pollo entero;Bachoco;Guanajuato;3.5;2.65;$75.70;;;;;;
17/7/2025;Pollo entero;Otros;Veracruz;3.5;2.65;$75.30;;;;;;
17/7/2025;Pollo entero;Pilgrim's;Quer?taro;3.5;2.65;$75.50;;;;;;
17/7/2025;Pollo tipo rosticero;Bachoco;Guanajuato;2.7;1.8;$77.00;;;;;;
18/7/2025;Gallina;Sin marca;Morelos;3.6;3.3;$58.00;;;;;;
18/7/2025;Pollo entero;Bachoco;Guanajuato;3.5;2.65;$75.70;;;;;;
18/7/2025;Pollo entero;Otros;Veracruz;3.5;2.65;$75.30;;;;;;
18/7/2025;Pollo entero;Pilgrim's;Quer?taro;3.5;2.65;$75.50;;;;;;
18/7/2025;Pollo tipo rosticero;Bachoco;Guanajuato;2.7;1.8;$77.00;;;;;;
21/7/2025;Gallina;Sin marca;Guanajuato;3.6;3.3;$58.00;;;;;;
21/7/2025;Pollo entero;Bachoco;Guanajuato;3.5;2.65;$75.70;;;;;;
21/7/2025;Pollo entero;Otros;Veracruz;3.5;2.65;$75.30;;;;;;
21/7/2025;Pollo entero;Pilgrim's;Quer?taro;3.5;2.65;$75.50;;;;;;
21/7/2025;Pollo tipo rosticero;Bachoco;Guanajuato;2.7;1.8;$77.00;;;;;;
22/7/2025;Gallina;Sin marca;Hidalgo;3.6;3.3;$58.00;;;;;;
22/7/2025;Pollo entero;Bachoco;Guanajuato;3.5;2.65;$73.70;;;;;;
22/7/2025;Pollo entero;Otros;Veracruz;3.5;2.65;$73.30;;;;;;
22/7/2025;Pollo entero;Pilgrim's;Quer?taro;3.5;2.65;$73.50;;;;;;
22/7/2025;Pollo tipo rosticero;Bachoco;Guanajuato;2.7;1.8;$75.00;;;;;;
23/7/2025;Gallina;Sin marca;Edo. de M?xico;3.6;3.3;$58.00;;;;;;
23/7/2025;Pollo entero;Bachoco;Guanajuato;3.5;2.65;$73.70;;;;;;
23/7/2025;Pollo entero;Otros;Veracruz;3.5;2.65;$73.30;;;;;;
23/7/2025;Pollo entero;Pilgrim's;Quer?taro;3.5;2.65;$73.50;;;;;;
23/7/2025;Pollo tipo rosticero;Bachoco;Guanajuato;2.7;1.8;$75.00;;;;;;
24/7/2025;Gallina;Sin marca;Hidalgo;3.6;3.3;$58.00;;;;;;
24/7/2025;Pollo entero;Bachoco;Guanajuato;2.7;2.5;$72.70;;;;;;
24/7/2025;Pollo entero;Otros;Veracruz;2.6;2.4;$72.30;;;;;;
24/7/2025;Pollo entero;Pilgrim's;Quer?taro;2.7;2.5;$72.50;;;;;;
24/7/2025;Pollo tipo rosticero;Bachoco;Guanajuato;1.8;1.6;$74.00;;;;;;
25/7/2025;Gallina;Sin marca;Michoac?n;3.6;3.3;$58.00;;;;;;
25/7/2025;Pollo entero;Bachoco;Guanajuato;3.5;2.65;$72.70;;;;;;
25/7/2025;Pollo entero;Otros;Veracruz;3.5;2.65;$72.30;;;;;;
25/7/2025;Pollo entero;Pilgrim's;Quer?taro;3.5;2.65;$72.50;;;;;;
25/7/2025;Pollo tipo rosticero;Bachoco;Guanajuato;2.7;1.8;$74.00;;;;;;
28/7/2025;Gallina;Sin marca;Quer?taro;3.6;3.3;$58.00;;;;;;
28/7/2025;Pollo entero;Bachoco;Guanajuato;2.7;2.5;$70.70;;;;;;
28/7/2025;Pollo entero;Otros;Veracruz;2.6;2.4;$70.30;;;;;;
28/7/2025;Pollo entero;Pilgrim's;Quer?taro;2.7;2.5;$70.50;;;;;;
28/7/2025;Pollo tipo rosticero;Bachoco;Guanajuato;1.8;1.6;$72.00;;;;;;
29/7/2025;Gallina;Sin marca;Puebla;3.6;3.3;$58.00;;;;;;
29/7/2025;Pollo entero;Bachoco;Guanajuato;2.7;2.5;$70.70;;;;;;
29/7/2025;Pollo entero;Otros;Veracruz;2.6;2.4;$70.30;;;;;;
29/7/2025;Pollo entero;Pilgrim's;Quer?taro;2.7;2.5;$70.50;;;;;;
29/7/2025;Pollo tipo rosticero;Bachoco;Guanajuato;1.8;1.6;$72.00;;;;;;
30/7/2025;Gallina;Sin marca;Tlaxcala;3.6;3.3;$58.00;;;;;;
30/7/2025;Pollo entero;Bachoco;Guanajuato;2.7;2.5;$70.70;;;;;;
30/7/2025;Pollo entero;Otros;Veracruz;2.6;2.4;$70.30;;;;;;
30/7/2025;Pollo entero;Pilgrim's;Quer?taro;2.7;2.5;$70.50;;;;;;
30/7/2025;Pollo tipo rosticero;Bachoco;Guanajuato;1.8;1.6;$72.00;;;;;;
31/7/2025;Gallina;Sin marca;Michoac?n;3.6;3.3;$58.00;;;;;;
31/7/2025;Pollo entero;Bachoco;Guanajuato;2.7;2.5;$70.70;;;;;;
31/7/2025;Pollo entero;Otros;Veracruz;2.6;2.4;$70.30;;;;;;
31/7/2025;Pollo entero;Pilgrim's;Quer?taro;2.7;2.5;$70.50;;;;;;
31/7/2025;Pollo tipo rosticero;Bachoco;Guanajuato;1.8;1.6;$72.00;;;;;;
D.F. : Centro de distribuci?n San Juan;;;;;;;;;;;;
1/7/2025;Gallina;Sin marca;San Luis Potos?;3.6;3.3;$67.00;;;;;;
1/7/2025;Pollo entero;Bachoco;Guanajuato;3.5;2.65;$71.50;;;;;;
1/7/2025;Pollo entero;Otros;Veracruz;3.5;2.65;$71.00;;;;;;
1/7/2025;Pollo entero;Pilgrim's;Quer?taro;3.5;2.65;$71.30;;;;;;
1/7/2025;Pollo tipo rosticero;Bachoco;Guanajuato;2.7;1.8;$73.00;;;;;;
2/7/2025;Gallina;Sin marca;Hidalgo;3.6;3.3;$67.00;;;;;;
2/7/2025;Pollo entero;Bachoco;Guanajuato;3.5;2.65;$71.50;;;;;;
2/7/2025;Pollo entero;Otros;Veracruz;3.5;2.65;$71.00;;;;;;
2/7/2025;Pollo entero;Pilgrim's;Quer?taro;3.5;2.65;$71.30;;;;;;
2/7/2025;Pollo tipo rosticero;Bachoco;Guanajuato;2.7;1.8;$73.00;;;;;;
3/7/2025;Gallina;Sin marca;Tlaxcala;3.6;3.3;$67.00;;;;;;
3/7/2025;Pollo entero;Bachoco;Guanajuato;3.5;2.65;$71.50;;;;;;
3/7/2025;Pollo entero;Otros;Veracruz;3.5;2.65;$71.00;;;;;;
3/7/2025;Pollo entero;Pilgrim's;Quer?taro;3.5;2.65;$71.30;;;;;;
3/7/2025;Pollo tipo rosticero;Bachoco;Guanajuato;2.7;1.8;$73.00;;;;;;
4/7/2025;Gallina;Sin marca;Edo. de M?xico;3.6;3.3;$63.00;;;;;;
4/7/2025;Pollo entero;Bachoco;Guanajuato;3.5;2.5;$74.50;;;;;;
4/7/2025;Pollo entero;Otros;Veracruz;3.5;2.65;$74.00;;;;;;
4/7/2025;Pollo entero;Pilgrim's;Quer?taro;3.5;2.65;$74.30;;;;;;
4/7/2025;Pollo tipo rosticero;Bachoco;Guanajuato;2.7;1.8;$76.00;;;;;;
7/7/2025;Gallina;Sin marca;Quer?taro;3.6;3.3;$60.00;;;;;;
7/7/2025;Pollo entero;Bachoco;Guanajuato;3.5;2.65;$75.50;;;;;;
7/7/2025;Pollo entero;Otros;Veracruz;3.5;2.65;$75.00;;;;;;
7/7/2025;Pollo entero;Pilgrim's;Quer?taro;3.5;2.65;$75.30;;;;;;
7/7/2025;Pollo tipo rosticero;Bachoco;Guanajuato;2.7;1.8;$77.00;;;;;;
8/7/2025;Gallina;Sin marca;Hidalgo;3.6;3.3;$60.00;;;;;;
8/7/2025;Pollo entero;Bachoco;Guanajuato;3.5;2.65;$75.50;;;;;;
8/7/2025;Pollo entero;Otros;Veracruz;3.5;2.65;$75.00;;;;;;
8/7/2025;Pollo entero;Pilgrim's;Quer?taro;3.5;2.65;$75.30;;;;;;
8/7/2025;Pollo tipo rosticero;Bachoco;Guanajuato;2.7;1.8;$77.00;;;;;;
9/7/2025;Gallina;Sin marca;Jalisco;3.6;3.3;$60.00;;;;;;
9/7/2025;Pollo entero;Bachoco;Guanajuato;3.5;2.65;$75.50;;;;;;
9/7/2025;Pollo entero;Otros;Veracruz;3.5;2.65;$75.00;;;;;;
9/7/2025;Pollo entero;Pilgrim's;Quer?taro;3.5;2.65;$75.30;;;;;;
9/7/2025;Pollo tipo rosticero;Bachoco;Guanajuato;2.7;1.8;$77.00;;;;;;
10/7/2025;Gallina;Sin marca;Morelos;3.6;3.3;$60.00;;;;;;
10/7/2025;Pollo entero;Bachoco;Guanajuato;3.5;2.65;$75.50;;;;;;
10/7/2025;Pollo entero;Otros;Veracruz;3.5;2.65;$75.00;;;;;;
10/7/2025;Pollo entero;Pilgrim's;Quer?taro;3.5;2.65;$75.30;;;;;;
10/7/2025;Pollo tipo rosticero;Bachoco;Guanajuato;2.7;1.8;$77.00;;;;;;
11/7/2025;Gallina;Sin marca;Michoac?n;3.6;3.3;$60.00;;;;;;
11/7/2025;Pollo entero;Bachoco;Guanajuato;3.5;2.65;$75.50;;;;;;
11/7/2025;Pollo entero;Otros;Veracruz;3.5;2.65;$75.00;;;;;;
11/7/2025;Pollo entero;Pilgrim's;Quer?taro;3.5;2.65;$75.30;;;;;;
11/7/2025;Pollo tipo rosticero;Bachoco;Guanajuato;2.7;1.8;$77.00;;;;;;
14/7/2025;Gallina;Sin marca;Quer?taro;3.6;3.3;$58.00;;;;;;
14/7/2025;Pollo entero;Bachoco;Guanajuato;3.5;2.65;$75.50;;;;;;
14/7/2025;Pollo entero;Otros;Veracruz;3.5;2.65;$75.00;;;;;;
14/7/2025;Pollo entero;Pilgrim's;Quer?taro;3.5;2.65;$75.30;;;;;;
14/7/2025;Pollo tipo rosticero;Bachoco;Guanajuato;2.7;1.8;$77.00;;;;;;
15/7/2025;Gallina;Sin marca;San Luis Potos?;3.6;3.3;$58.00;;;;;;
15/7/2025;Pollo entero;Bachoco;Guanajuato;3.5;2.65;$75.50;;;;;;
15/7/2025;Pollo entero;Otros;Veracruz;3.5;2.65;$75.00;;;;;;
15/7/2025;Pollo entero;Pilgrim's;Quer?taro;3.5;2.65;$75.30;;;;;;
15/7/2025;Pollo tipo rosticero;Bachoco;Guanajuato;2.7;1.8;$77.00;;;;;;
16/7/2025;Gallina;Sin marca;Edo. de M?xico;3.6;3.3;$58.00;;;;;;
16/7/2025;Pollo entero;Bachoco;Guanajuato;3.5;2.65;$75.50;;;;;;
16/7/2025;Pollo entero;Otros;Veracruz;3.5;2.65;$75.00;;;;;;
16/7/2025;Pollo entero;Pilgrim's;Quer?taro;3.5;2.65;$75.30;;;;;;
16/7/2025;Pollo tipo rosticero;Bachoco;Guanajuato;2.7;1.8;$77.00;;;;;;
17/7/2025;Gallina;Sin marca;Puebla;3.6;3.3;$58.00;;;;;;
17/7/2025;Pollo entero;Bachoco;Guanajuato;3.5;2.65;$75.50;;;;;;
17/7/2025;Pollo entero;Otros;Veracruz;3.5;2.65;$75.00;;;;;;
17/7/2025;Pollo entero;Pilgrim's;Quer?taro;3.5;2.65;$75.30;;;;;;
17/7/2025;Pollo tipo rosticero;Bachoco;Guanajuato;2.7;1.8;$77.00;;;;;;
18/7/2025;Gallina;Sin marca;Hidalgo;3.6;3.3;$58.00;;;;;;
18/7/2025;Pollo entero;Bachoco;Guanajuato;3.5;2.65;$75.50;;;;;;
18/7/2025;Pollo entero;Otros;Veracruz;3.5;2.65;$75.00;;;;;;
18/7/2025;Pollo entero;Pilgrim's;Quer?taro;3.5;2.65;$75.30;;;;;;
18/7/2025;Pollo tipo rosticero;Bachoco;Guanajuato;2.7;1.8;$77.00;;;;;;
21/7/2025;Gallina;Sin marca;Veracruz;3.6;3.3;$58.00;;;;;;
21/7/2025;Pollo entero;Bachoco;Guanajuato;3.5;2.65;$75.50;;;;;;
21/7/2025;Pollo entero;Otros;Veracruz;3.5;2.65;$75.00;;;;;;
21/7/2025;Pollo entero;Pilgrim's;Quer?taro;3.5;2.65;$75.30;;;;;;
21/7/2025;Pollo tipo rosticero;Bachoco;Guanajuato;2.7;1.8;$77.00;;;;;;
22/7/2025;Gallina;Sin marca;Puebla;3.6;3.3;$58.00;;;;;;
22/7/2025;Pollo entero;Bachoco;Guanajuato;3.5;2.65;$73.50;;;;;;
22/7/2025;Pollo entero;Otros;Veracruz;3.5;2.65;$73.00;;;;;;
22/7/2025;Pollo entero;Pilgrim's;Quer?taro;3.5;2.65;$73.30;;;;;;
22/7/2025;Pollo tipo rosticero;Bachoco;Guanajuato;2.7;1.8;$75.00;;;;;;
23/7/2025;Gallina;Sin marca;Tamaulipas;3.6;3.3;$58.00;;;;;;
23/7/2025;Pollo entero;Bachoco;Guanajuato;3.5;2.65;$73.50;;;;;;
23/7/2025;Pollo entero;Otros;Veracruz;3.5;2.65;$73.00;;;;;;
23/7/2025;Pollo entero;Pilgrim's;Quer?taro;3.5;2.65;$73.30;;;;;;
23/7/2025;Pollo tipo rosticero;Bachoco;Guanajuato;2.7;1.8;$75.00;;;;;;
24/7/2025;Gallina;Sin marca;Morelos;3.6;3.3;$58.00;;;;;;
24/7/2025;Pollo entero;Bachoco;Guanajuato;2.7;2.5;$72.50;;;;;;
24/7/2025;Pollo entero;Otros;Veracruz;2.6;2.4;$72.00;;;;;;
24/7/2025;Pollo entero;Pilgrim's;Quer?taro;2.7;2.5;$72.30;;;;;;
24/7/2025;Pollo tipo rosticero;Bachoco;Guanajuato;1.8;1.6;$74.00;;;;;;
25/7/2025;Gallina;Sin marca;Guerrero;3.6;3.3;$58.00;;;;;;
25/7/2025;Pollo entero;Bachoco;Guanajuato;3.5;2.65;$72.50;;;;;;
25/7/2025;Pollo entero;Otros;Veracruz;3.5;2.65;$72.00;;;;;;
25/7/2025;Pollo entero;Pilgrim's;Quer?taro;3.5;2.65;$72.30;;;;;;
25/7/2025;Pollo tipo rosticero;Bachoco;Guanajuato;2.7;1.8;$74.00;;;;;;
28/7/2025;Gallina;Sin marca;Quer?taro;3.6;3.3;$58.00;;;;;;
28/7/2025;Pollo entero;Bachoco;Guanajuato;2.7;2.5;$70.50;;;;;;
28/7/2025;Pollo entero;Otros;Veracruz;2.6;2.4;$70.00;;;;;;
28/7/2025;Pollo entero;Pilgrim's;Quer?taro;2.7;2.5;$70.30;;;;;;
28/7/2025;Pollo tipo rosticero;Bachoco;Guanajuato;1.8;1.6;$72.00;;;;;;
29/7/2025;Gallina;Sin marca;Hidalgo;3.6;3.3;$58.00;;;;;;
29/7/2025;Pollo entero;Bachoco;Guanajuato;2.7;2.5;$70.50;;;;;;
29/7/2025;Pollo entero;Otros;Veracruz;2.6;2.4;$70.00;;;;;;
29/7/2025;Pollo entero;Pilgrim's;Quer?taro;2.7;2.5;$70.30;;;;;;
29/7/2025;Pollo tipo rosticero;Bachoco;Guanajuato;1.8;1.6;$72.00;;;;;;
30/7/2025;Gallina;Sin marca;Edo. de M?xico;3.6;3.3;$58.00;;;;;;
30/7/2025;Pollo entero;Bachoco;Guanajuato;2.7;2.5;$70.50;;;;;;
30/7/2025;Pollo entero;Otros;Veracruz;2.6;2.4;$70.00;;;;;;
30/7/2025;Pollo entero;Pilgrim's;Quer?taro;2.7;2.5;$70.30;;;;;;
30/7/2025;Pollo tipo rosticero;Bachoco;Guanajuato;1.8;1.6;$72.00;;;;;;
31/7/2025;Gallina;Sin marca;Edo. de M?xico;3.6;3.3;$58.00;;;;;;
31/7/2025;Pollo entero;Bachoco;Guanajuato;2.7;2.5;$70.50;;;;;;
31/7/2025;Pollo entero;Otros;Veracruz;2.6;2.4;$70.00;;;;;;
31/7/2025;Pollo entero;Pilgrim's;Quer?taro;2.7;2.5;$70.30;;;;;;
31/7/2025;Pollo tipo rosticero;Bachoco;Guanajuato;1.8;1.6;$72.00;;;;;;
Nay: Centros de Distribuci?n de Nayarit;;;;;;;;;;;;
31/7/2025;Pollo entero;Bachoco;Nayarit;2.7;2.5;$58.00;;;;;;
Qro. : Centros de distribuci?n de Quer?taro;;;;;;;;;;;;
1/7/2025;Pollo entero;Pilgrim's;Quer?taro;2.7;2.5;$65.00;;;;;;
2/7/2025;Pollo entero;Pilgrim's;Quer?taro;2.7;2.5;$65.00;;;;;;
3/7/2025;Pollo entero;Pilgrim's;Quer?taro;2.7;2.5;$65.00;;;;;;
4/7/2025;Pollo entero;Pilgrim's;Quer?taro;2.7;2.5;$65.00;;;;;;
7/7/2025;Pollo entero;Pilgrim's;Quer?taro;2.7;2.5;$65.00;;;;;;
8/7/2025;Pollo entero;Pilgrim's;Quer?taro;2.7;2.5;$65.00;;;;;;
9/7/2025;Pollo entero;Pilgrim's;Quer?taro;2.7;2.5;$65.00;;;;;;
10/7/2025;Pollo entero;Pilgrim's;Quer?taro;2.7;2.5;$62.00;;;;;;
11/7/2025;Pollo entero;Pilgrim's;Quer?taro;2.7;2.5;$58.00;;;;;;
14/7/2025;Pollo entero;Pilgrim's;Quer?taro;2.7;2.5;$58.00;;;;;;
15/7/2025;Pollo entero;Pilgrim's;Quer?taro;2.7;2.5;$58.00;;;;;;
16/7/2025;Pollo entero;Pilgrim's;Quer?taro;2.7;2.5;$58.00;;;;;;
17/7/2025;Pollo entero;Pilgrim's;Quer?taro;2.7;2.5;$55.00;;;;;;
18/7/2025;Pollo entero;Pilgrim's;Quer?taro;2.7;2.5;$54.00;;;;;;
21/7/2025;Pollo entero;Pilgrim's;Quer?taro;2.7;2.5;$54.00;;;;;;
22/7/2025;Pollo entero;Pilgrim's;Quer?taro;2.7;2.5;$54.00;;;;;;
23/7/2025;Pollo entero;Pilgrim's;Quer?taro;2.7;2.5;$50.00;;;;;;
24/7/2025;Pollo entero;Pilgrim's;Quer?taro;2.7;2.5;$50.00;;;;;;
25/7/2025;Pollo entero;Pilgrim's;Quer?taro;2.7;2.5;$50.00;;;;;;
28/7/2025;Pollo entero;Pilgrim's;Quer?taro;2.7;2.5;$48.00;;;;;;
29/7/2025;Pollo entero;Pilgrim's;Quer?taro;2.7;2.5;$48.00;;;;;;
30/7/2025;Pollo entero;Pilgrim's;Quer?taro;2.7;2.5;$46.00;;;;;;
31/7/2025;Pollo entero;Pilgrim's;Quer?taro;2.7;2.5;$45.00;;;;;;
Zac: Mercado de Abasto de Zacatecas;;;;;;;;;;;;
1/7/2025;Pollo entero;Nutri Pollo;San Luis Potos?;2.1;1.9;$78.00;;;;;;
1/7/2025;Pollo entero;Pilgrim's;San Luis Potos?;2.1;1.9;$78.00;;;;;;
1/7/2025;Pollo tipo rosticero;Nutri Pollo;San Luis Potos?;1.4;1.2;$72.00;;;;;;
1/7/2025;Pollo tipo rosticero;Pilgrim's;San Luis Potos?;1.4;1.2;$72.00;;;;;;
2/7/2025;Pollo entero;Nutri Pollo;San Luis Potos?;2.1;1.9;$78.00;;;;;;
2/7/2025;Pollo entero;Pilgrim's;San Luis Potos?;2.1;1.9;$72.00;;;;;;
2/7/2025;Pollo tipo rosticero;Nutri Pollo;San Luis Potos?;1.4;1.2;$72.00;;;;;;
2/7/2025;Pollo tipo rosticero;Pilgrim's;San Luis Potos?;1.4;1.2;$72.00;;;;;;
3/7/2025;Pollo entero;Nutri Pollo;San Luis Potos?;2.1;1.9;$78.00;;;;;;
3/7/2025;Pollo entero;Pilgrim's;San Luis Potos?;2.1;1.9;$78.00;;;;;;
3/7/2025;Pollo tipo rosticero;Nutri Pollo;San Luis Potos?;1.4;1.2;$72.00;;;;;;
3/7/2025;Pollo tipo rosticero;Pilgrim's;San Luis Potos?;1.4;1.2;$72.00;;;;;;
4/7/2025;Pollo entero;Nutri Pollo;San Luis Potos?;2.1;1.9;$78.00;;;;;;
4/7/2025;Pollo entero;Pilgrim's;San Luis Potos?;2.1;1.9;$78.00;;;;;;
4/7/2025;Pollo tipo rosticero;Nutri Pollo;San Luis Potos?;1.4;1.2;$72.00;;;;;;
4/7/2025;Pollo tipo rosticero;Pilgrim's;San Luis Potos?;1.4;1.2;$72.00;;;;;;
7/7/2025;Pollo entero;Nutri Pollo;San Luis Potos?;2.1;1.9;$78.00;;;;;;
7/7/2025;Pollo entero;Pilgrim's;San Luis Potos?;2.1;1.9;$78.00;;;;;;
7/7/2025;Pollo tipo rosticero;Nutri Pollo;San Luis Potos?;1.4;1.2;$72.00;;;;;;
7/7/2025;Pollo tipo rosticero;Pilgrim's;San Luis Potos?;1.4;1.2;$72.00;;;;;;
8/7/2025;Pollo entero;Nutri Pollo;San Luis Potos?;2.1;1.9;$78.00;;;;;;
8/7/2025;Pollo entero;Pilgrim's;San Luis Potos?;2.1;1.9;$78.00;;;;;;
8/7/2025;Pollo tipo rosticero;Nutri Pollo;San Luis Potos?;1.4;1.2;$72.00;;;;;;
8/7/2025;Pollo tipo rosticero;Pilgrim's;San Luis Potos?;1.4;1.2;$72.00;;;;;;
9/7/2025;Pollo entero;Nutri Pollo;San Luis Potos?;2.1;1.9;$78.00;;;;;;
9/7/2025;Pollo entero;Pilgrim's;San Luis Potos?;2.1;1.9;$78.00;;;;;;
9/7/2025;Pollo tipo rosticero;Nutri Pollo;San Luis Potos?;1.4;1.2;$72.00;;;;;;
9/7/2025;Pollo tipo rosticero;Pilgrim's;San Luis Potos?;1.4;1.2;$72.00;;;;;;
10/7/2025;Pollo entero;Nutri Pollo;San Luis Potos?;2.1;1.9;$78.00;;;;;;
10/7/2025;Pollo entero;Pilgrim's;San Luis Potos?;2.1;1.9;$78.00;;;;;;
10/7/2025;Pollo tipo rosticero;Nutri Pollo;San Luis Potos?;1.4;1.2;$72.00;;;;;;
10/7/2025;Pollo tipo rosticero;Pilgrim's;San Luis Potos?;1.4;1.2;$72.00;;;;;;
11/7/2025;Pollo entero;Nutri Pollo;San Luis Potos?;2.1;1.9;$78.00;;;;;;
11/7/2025;Pollo entero;Pilgrim's;San Luis Potos?;2.1;1.9;$78.00;;;;;;
11/7/2025;Pollo tipo rosticero;Nutri Pollo;San Luis Potos?;1.4;1.2;$72.00;;;;;;
11/7/2025;Pollo tipo rosticero;Pilgrim's;San Luis Potos?;1.4;1.2;$72.00;;;;;;
14/7/2025;Pollo entero;Nutri Pollo;San Luis Potos?;2.1;1.9;$78.00;;;;;;
14/7/2025;Pollo entero;Pilgrim's;San Luis Potos?;2.1;1.9;$78.00;;;;;;
14/7/2025;Pollo tipo rosticero;Nutri Pollo;San Luis Potos?;1.4;1.2;$72.00;;;;;;
14/7/2025;Pollo tipo rosticero;Pilgrim's;San Luis Potos?;1.4;1.2;$72.00;;;;;;
15/7/2025;Pollo entero;Nutri Pollo;San Luis Potos?;2.1;1.9;$78.00;;;;;;
15/7/2025;Pollo entero;Pilgrim's;San Luis Potos?;2.1;1.9;$78.00;;;;;;
15/7/2025;Pollo tipo rosticero;Nutri Pollo;San Luis Potos?;1.4;1.2;$72.00;;;;;;
15/7/2025;Pollo tipo rosticero;Pilgrim's;San Luis Potos?;1.4;1.2;$72.00;;;;;;
16/7/2025;Pollo entero;Nutri Pollo;San Luis Potos?;2.1;1.9;$78.00;;;;;;
16/7/2025;Pollo entero;Pilgrim's;San Luis Potos?;2.1;1.9;$78.00;;;;;;
16/7/2025;Pollo tipo rosticero;Nutri Pollo;San Luis Potos?;1.4;1.2;$72.00;;;;;;
16/7/2025;Pollo tipo rosticero;Pilgrim's;San Luis Potos?;1.4;1.2;$72.00;;;;;;
17/7/2025;Pollo entero;Nutri Pollo;San Luis Potos?;2.1;1.9;$78.00;;;;;;
17/7/2025;Pollo entero;Pilgrim's;San Luis Potos?;2.1;1.9;$78.00;;;;;;
17/7/2025;Pollo tipo rosticero;Nutri Pollo;San Luis Potos?;1.4;1.2;$72.00;;;;;;
17/7/2025;Pollo tipo rosticero;Pilgrim's;San Luis Potos?;1.4;1.2;$72.00;;;;;;
18/7/2025;Pollo entero;Nutri Pollo;San Luis Potos?;2.1;1.9;$78.00;;;;;;
18/7/2025;Pollo entero;Pilgrim's;San Luis Potos?;2.1;1.9;$78.00;;;;;;
18/7/2025;Pollo tipo rosticero;Nutri Pollo;San Luis Potos?;1.4;1.2;$72.00;;;;;;
18/7/2025;Pollo tipo rosticero;Pilgrim's;San Luis Potos?;1.4;1.2;$72.00;;;;;;
21/7/2025;Pollo entero;Nutri Pollo;San Luis Potos?;2.1;1.9;$78.00;;;;;;
21/7/2025;Pollo entero;Pilgrim's;San Luis Potos?;2.1;1.9;$78.00;;;;;;
21/7/2025;Pollo tipo rosticero;Nutri Pollo;San Luis Potos?;1.4;1.2;$72.00;;;;;;
21/7/2025;Pollo tipo rosticero;Pilgrim's;San Luis Potos?;1.4;1.2;$72.00;;;;;;
22/7/2025;Pollo entero;Nutri Pollo;San Luis Potos?;2.1;1.9;$78.00;;;;;;
22/7/2025;Pollo entero;Pilgrim's;San Luis Potos?;2.1;1.9;$78.00;;;;;;
22/7/2025;Pollo tipo rosticero;Nutri Pollo;San Luis Potos?;1.4;1.2;$72.00;;;;;;
22/7/2025;Pollo tipo rosticero;Pilgrim's;San Luis Potos?;1.4;1.2;$72.00;;;;;;
23/7/2025;Pollo entero;Nutri Pollo;San Luis Potos?;2.1;1.9;$80.00;;;;;;
23/7/2025;Pollo entero;Pilgrim's;San Luis Potos?;2.1;1.9;$80.00;;;;;;
23/7/2025;Pollo tipo rosticero;Nutri Pollo;San Luis Potos?;1.4;1.2;$72.00;;;;;;
23/7/2025;Pollo tipo rosticero;Pilgrim's;San Luis Potos?;1.4;1.2;$72.00;;;;;;
24/7/2025;Pollo entero;Nutri Pollo;San Luis Potos?;2.1;1.9;$80.00;;;;;;
24/7/2025;Pollo entero;Pilgrim's;San Luis Potos?;2.1;1.9;$80.00;;;;;;
24/7/2025;Pollo tipo rosticero;Nutri Pollo;San Luis Potos?;1.4;1.2;$72.00;;;;;;
24/7/2025;Pollo tipo rosticero;Pilgrim's;San Luis Potos?;1.4;1.2;$72.00;;;;;;
25/7/2025;Pollo entero;Nutri Pollo;San Luis Potos?;2.1;1.9;$80.00;;;;;;
25/7/2025;Pollo entero;Pilgrim's;San Luis Potos?;2.1;1.9;$80.00;;;;;;
25/7/2025;Pollo tipo rosticero;Nutri Pollo;San Luis Potos?;1.4;1.2;$72.00;;;;;;
25/7/2025;Pollo tipo rosticero;Pilgrim's;San Luis Potos?;1.4;1.2;$72.00;;;;;;
28/7/2025;Pollo entero;Nutri Pollo;San Luis Potos?;2.1;1.9;$80.00;;;;;;
28/7/2025;Pollo entero;Pilgrim's;San Luis Potos?;2.1;1.9;$80.00;;;;;;
28/7/2025;Pollo tipo rosticero;Nutri Pollo;San Luis Potos?;1.4;1.2;$72.00;;;;;;
28/7/2025;Pollo tipo rosticero;Pilgrim's;San Luis Potos?;1.4;1.2;$72.00;;;;;;
29/7/2025;Pollo entero;Nutri Pollo;San Luis Potos?;2.1;1.9;$80.00;;;;;;
29/7/2025;Pollo entero;Pilgrim's;San Luis Potos?;2.1;1.9;$80.00;;;;;;
29/7/2025;Pollo tipo rosticero;Nutri Pollo;San Luis Potos?;1.4;1.2;$72.00;;;;;;
29/7/2025;Pollo tipo rosticero;Pilgrim's;San Luis Potos?;1.4;1.2;$72.00;;;;;;
30/7/2025;Pollo entero;Nutri Pollo;San Luis Potos?;2.1;1.9;$80.00;;;;;;
30/7/2025;Pollo entero;Pilgrim's;San Luis Potos?;2.1;1.9;$80.00;;;;;;
30/7/2025;Pollo tipo rosticero;Nutri Pollo;San Luis Potos?;1.4;1.2;$72.00;;;;;;
30/7/2025;Pollo tipo rosticero;Pilgrim's;San Luis Potos?;1.4;1.2;$72.00;;;;;;
31/7/2025;Pollo entero;Nutri Pollo;San Luis Potos?;2.1;1.9;$80.00;;;;;;
31/7/2025;Pollo entero;Pilgrim's;San Luis Potos?;2.1;1.9;$80.00;;;;;;
31/7/2025;Pollo tipo rosticero;Nutri Pollo;San Luis Potos?;1.4;1.2;$72.00;;;;;;
31/7/2025;Pollo tipo rosticero;Pilgrim's;San Luis Potos?;1.4;1.2;$72.00;;;;;;
;;;;;;;;;;;;
D.F. : Centro de distribuci?n Becerra;;;;;;;;;;;;
1/8/2025;Gallina;Sin marca;Sinaloa;3.6;3.3;$58.00;;;;;;
1/8/2025;Pollo entero;Bachoco;Guanajuato;2.7;2.5;$71.00;;;;;;
1/8/2025;Pollo entero;Otros;Veracruz;2.6;2.4;$70.40;;;;;;
1/8/2025;Pollo entero;Pilgrim's;Quer?taro;2.7;2.5;$70.60;;;;;;
1/8/2025;Pollo entero;Tyson;Coahuila;2.7;2.5;$70.80;;;;;;
1/8/2025;Pollo tipo rosticero;Bachoco;Guanajuato;1.8;1.6;$72.00;;;;;;
4/8/2025;Gallina;Sin marca;Coahuila;3.6;3.3;$58.00;;;;;;
4/8/2025;Pollo entero;Bachoco;Guanajuato;2.7;2.5;$69.00;;;;;;
4/8/2025;Pollo entero;Otros;Veracruz;2.6;2.4;$68.40;;;;;;
4/8/2025;Pollo entero;Pilgrim's;Quer?taro;2.7;2.5;$68.60;;;;;;
4/8/2025;Pollo entero;Tyson;Coahuila;2.7;2.5;$68.80;;;;;;
4/8/2025;Pollo tipo rosticero;Bachoco;Guanajuato;1.8;1.6;$70.00;;;;;;
5/8/2025;Gallina;Sin marca;Tamaulipas;3.6;3.3;$58.00;;;;;;
5/8/2025;Pollo entero;Bachoco;Guanajuato;2.7;2.5;$69.00;;;;;;
5/8/2025;Pollo entero;Otros;Veracruz;2.6;2.4;$68.40;;;;;;
5/8/2025;Pollo entero;Pilgrim's;Quer?taro;2.7;2.5;$68.60;;;;;;
5/8/2025;Pollo entero;Tyson;Coahuila;2.7;2.5;$68.80;;;;;;
5/8/2025;Pollo tipo rosticero;Bachoco;Guanajuato;1.8;1.6;$70.00;;;;;;
6/8/2025;Gallina;Sin marca;Sinaloa;3.6;3.3;$58.00;;;;;;
6/8/2025;Pollo entero;Bachoco;Guanajuato;3.5;2.65;$69.00;;;;;;
6/8/2025;Pollo entero;Otros;Veracruz;3.5;2.65;$68.40;;;;;;
6/8/2025;Pollo entero;Pilgrim's;Quer?taro;3.5;2.65;$68.60;;;;;;
6/8/2025;Pollo entero;Tyson;Coahuila;3.5;2.65;$68.80;;;;;;
6/8/2025;Pollo tipo rosticero;Bachoco;Guanajuato;2.7;1.8;$70.00;;;;;;
7/8/2025;Gallina;Sin marca;Tabasco;3.6;3.3;$58.00;;;;;;
7/8/2025;Pollo entero;Bachoco;Guanajuato;2.7;2.5;$69.00;;;;;;
7/8/2025;Pollo entero;Otros;Veracruz;2.6;2.4;$68.40;;;;;;
7/8/2025;Pollo entero;Pilgrim's;Quer?taro;2.7;2.5;$68.60;;;;;;
7/8/2025;Pollo entero;Tyson;Coahuila;2.7;2.5;$68.80;;;;;;
7/8/2025;Pollo tipo rosticero;Bachoco;Guanajuato;1.8;1.6;$70.00;;;;;;
8/8/2025;Gallina;Sin marca;Sinaloa;3.6;3.3;$58.00;;;;;;
8/8/2025;Pollo entero;Bachoco;Guanajuato;3.5;2.65;$68.00;;;;;;
8/8/2025;Pollo entero;Otros;Veracruz;3.5;2.65;$67.40;;;;;;
8/8/2025;Pollo entero;Pilgrim's;Quer?taro;3.5;2.65;$67.60;;;;;;
8/8/2025;Pollo entero;Tyson;Coahuila;3.5;2.65;$67.80;;;;;;
8/8/2025;Pollo tipo rosticero;Bachoco;Guanajuato;2.7;1.8;$69.00;;;;;;
11/8/2025;Gallina;Sin marca;Coahuila;3.6;3.3;$60.00;;;;;;
11/8/2025;Pollo entero;Bachoco;Guanajuato;3.5;2.65;$68.00;;;;;;
11/8/2025;Pollo entero;Otros;Veracruz;3.5;2.65;$67.40;;;;;;
11/8/2025;Pollo entero;Pilgrim's;Quer?taro;3.5;2.65;$67.60;;;;;;
11/8/2025;Pollo entero;Tyson;Coahuila;3.5;2.65;$67.80;;;;;;
11/8/2025;Pollo tipo rosticero;Bachoco;Guanajuato;2.7;1.8;$70.00;;;;;;
12/8/2025;Gallina;Sin marca;Tamaulipas;3.6;3.3;$61.00;;;;;;
12/8/2025;Pollo entero;Bachoco;Guanajuato;3.5;2.65;$68.00;;;;;;
12/8/2025;Pollo entero;Otros;Veracruz;3.5;2.65;$67.40;;;;;;
12/8/2025;Pollo entero;Pilgrim's;Quer?taro;3.5;2.65;$67.60;;;;;;
12/8/2025;Pollo entero;Tyson;Coahuila;3.5;2.65;$67.80;;;;;;
12/8/2025;Pollo tipo rosticero;Bachoco;Guanajuato;2.7;1.8;$70.00;;;;;;
13/8/2025;Gallina;Sin marca;Jalisco;3.6;3.3;$61.00;;;;;;
13/8/2025;Pollo entero;Bachoco;Guanajuato;3.5;2.65;$68.00;;;;;;
13/8/2025;Pollo entero;Otros;Veracruz;3.5;2.65;$67.40;;;;;;
13/8/2025;Pollo entero;Pilgrim's;Quer?taro;3.5;2.65;$67.60;;;;;;
13/8/2025;Pollo entero;Tyson;Coahuila;3.5;2.65;$67.80;;;;;;
13/8/2025;Pollo tipo rosticero;Bachoco;Guanajuato;2.7;1.8;$70.00;;;;;;
14/8/2025;Gallina;Sin marca;Sinaloa;3.6;3.3;$61.00;;;;;;
14/8/2025;Pollo entero;Bachoco;Guanajuato;3.5;2.65;$66.00;;;;;;
14/8/2025;Pollo entero;Otros;Veracruz;3.5;2.65;$65.40;;;;;;
14/8/2025;Pollo entero;Pilgrim's;Quer?taro;3.5;2.65;$65.60;;;;;;
14/8/2025;Pollo entero;Tyson;Coahuila;3.5;2.65;$65.80;;;;;;
14/8/2025;Pollo tipo rosticero;Bachoco;Guanajuato;2.7;1.8;$68.00;;;;;;
15/8/2025;Gallina;Sin marca;Tamaulipas;3.6;3.3;$60.00;;;;;;
15/8/2025;Pollo entero;Bachoco;Guanajuato;3.5;2.65;$65.00;;;;;;
15/8/2025;Pollo entero;Otros;Veracruz;3.5;2.65;$64.40;;;;;;
15/8/2025;Pollo entero;Pilgrim's;Quer?taro;3.5;2.65;$64.60;;;;;;
15/8/2025;Pollo entero;Tyson;Coahuila;3.5;2.65;$64.80;;;;;;
15/8/2025;Pollo tipo rosticero;Bachoco;Guanajuato;2.7;1.8;$67.00;;;;;;
18/8/2025;Gallina;Sin marca;Coahuila;3.6;3.3;$60.00;;;;;;
18/8/2025;Pollo entero;Bachoco;Guanajuato;3.5;2.65;$63.00;;;;;;
18/8/2025;Pollo entero;Otros;Veracruz;3.5;2.65;$62.40;;;;;;
18/8/2025;Pollo entero;Pilgrim's;Quer?taro;3.5;2.65;$62.60;;;;;;
18/8/2025;Pollo entero;Tyson;Coahuila;3.5;2.65;$62.80;;;;;;
18/8/2025;Pollo tipo rosticero;Bachoco;Guanajuato;2.7;1.8;$65.00;;;;;;
19/8/2025;Gallina;Sin marca;Veracruz;3.6;3.3;$60.00;;;;;;
19/8/2025;Pollo entero;Bachoco;Guanajuato;3.5;2.65;$63.00;;;;;;
19/8/2025;Pollo entero;Otros;Veracruz;3.5;2.65;$62.40;;;;;;
19/8/2025;Pollo entero;Pilgrim's;Quer?taro;3.5;2.65;$62.60;;;;;;
19/8/2025;Pollo entero;Tyson;Coahuila;3.5;2.65;$62.80;;;;;;
19/8/2025;Pollo tipo rosticero;Bachoco;Guanajuato;2.7;1.8;$66.00;;;;;;
20/8/2025;Gallina;Sin marca;Jalisco;3.6;3.3;$60.00;;;;;;
20/8/2025;Pollo entero;Bachoco;Guanajuato;3.5;2.65;$63.00;;;;;;
20/8/2025;Pollo entero;Otros;Veracruz;3.5;2.65;$62.40;;;;;;
20/8/2025;Pollo entero;Pilgrim's;Quer?taro;3.5;2.65;$62.60;;;;;;
20/8/2025;Pollo entero;Tyson;Coahuila;3.5;2.65;$62.80;;;;;;
20/8/2025;Pollo tipo rosticero;Bachoco;Guanajuato;2.7;1.8;$65.00;;;;;;
21/8/2025;Gallina;Sin marca;Sinaloa;3.6;3.3;$60.00;;;;;;
21/8/2025;Pollo entero;Bachoco;Guanajuato;3.5;2.65;$63.00;;;;;;
21/8/2025;Pollo entero;Otros;Veracruz;3.5;2.65;$62.40;;;;;;
21/8/2025;Pollo entero;Pilgrim's;Quer?taro;3.5;2.65;$62.60;;;;;;
21/8/2025;Pollo entero;Tyson;Coahuila;3.5;2.65;$62.80;;;;;;
21/8/2025;Pollo tipo rosticero;Bachoco;Guanajuato;2.7;1.8;$65.00;;;;;;
22/8/2025;Gallina;Sin marca;Tamaulipas;3.6;3.3;$60.00;;;;;;
22/8/2025;Pollo entero;Bachoco;Guanajuato;3.5;2.65;$63.00;;;;;;
22/8/2025;Pollo entero;Otros;Veracruz;3.5;2.65;$62.40;;;;;;
22/8/2025;Pollo entero;Pilgrim's;Quer?taro;3.5;2.65;$62.60;;;;;;
22/8/2025;Pollo entero;Tyson;Coahuila;3.5;2.65;$62.80;;;;;;
22/8/2025;Pollo tipo rosticero;Bachoco;Guanajuato;2.7;1.8;$65.00;;;;;;
25/8/2025;Gallina;Sin marca;Coahuila;3.6;3.3;$60.00;;;;;;
25/8/2025;Pollo entero;Bachoco;Guanajuato;3.5;2.65;$62.00;;;;;;
25/8/2025;Pollo entero;Otros;Veracruz;3.5;2.65;$61.40;;;;;;
25/8/2025;Pollo entero;Pilgrim's;Quer?taro;3.5;2.65;$61.60;;;;;;
25/8/2025;Pollo entero;Tyson;Coahuila;3.5;2.65;$61.80;;;;;;
25/8/2025;Pollo tipo rosticero;Bachoco;Guanajuato;2.7;1.8;$64.00;;;;;;
26/8/2025;Gallina;Sin marca;Veracruz;3.5;2.65;$60.00;;;;;;
26/8/2025;Pollo entero;Bachoco;Guanajuato;3.5;2.65;$62.00;;;;;;
26/8/2025;Pollo entero;Otros;Veracruz;3.5;2.65;$61.40;;;;;;
26/8/2025;Pollo entero;Pilgrim's;Quer?taro;3.5;2.65;$61.60;;;;;;
26/8/2025;Pollo entero;Tyson;Coahuila;3.5;2.65;$61.80;;;;;;
26/8/2025;Pollo tipo rosticero;Bachoco;Guanajuato;2.7;1.8;$64.00;;;;;;
27/8/2025;Gallina;Sin marca;Jalisco;3.6;3.3;$60.00;;;;;;
27/8/2025;Pollo entero;Bachoco;Guanajuato;3.5;2.65;$64.00;;;;;;
27/8/2025;Pollo entero;Otros;Veracruz;3.5;2.65;$63.40;;;;;;
27/8/2025;Pollo entero;Pilgrim's;Quer?taro;3.5;2.65;$63.60;;;;;;
27/8/2025;Pollo entero;Tyson;Coahuila;3.5;2.65;$63.80;;;;;;
27/8/2025;Pollo tipo rosticero;Bachoco;Guanajuato;2.7;1.8;$66.00;;;;;;
28/8/2025;Gallina;Sin marca;Sinaloa;3.6;3.3;$60.00;;;;;;
28/8/2025;Pollo entero;Bachoco;Guanajuato;3.5;2.65;$64.00;;;;;;
28/8/2025;Pollo entero;Otros;Veracruz;3.5;2.65;$63.40;;;;;;
28/8/2025;Pollo entero;Pilgrim's;Quer?taro;3.5;2.65;$63.60;;;;;;
28/8/2025;Pollo entero;Tyson;Coahuila;3.5;2.65;$63.80;;;;;;
28/8/2025;Pollo tipo rosticero;Bachoco;Guanajuato;2.7;1.8;$66.00;;;;;;
29/8/2025;Gallina;Sin marca;Tamaulipas;3.6;3.3;$60.00;;;;;;
29/8/2025;Pollo entero;Bachoco;Guanajuato;3.5;2.65;$64.00;;;;;;
29/8/2025;Pollo entero;Otros;Veracruz;3.5;2.65;$63.40;;;;;;
29/8/2025;Pollo entero;Pilgrim's;Quer?taro;3.5;2.65;$63.60;;;;;;
29/8/2025;Pollo entero;Tyson;Coahuila;3.5;2.65;$63.80;;;;;;
29/8/2025;Pollo tipo rosticero;Bachoco;Guanajuato;2.7;1.8;$66.00;;;;;;
D.F. : Centro de distribuci?n Nuevo San Juan;;;;;;;;;;;;
1/8/2025;Gallina;Sin marca;San Luis Potos?;3.6;3.3;$58.00;;;;;;
1/8/2025;Pollo entero;Bachoco;Guanajuato;2.7;2.5;$70.90;;;;;;
1/8/2025;Pollo entero;Otros;Veracruz;2.6;2.4;$70.30;;;;;;
1/8/2025;Pollo entero;Pilgrim's;Quer?taro;2.7;2.5;$70.50;;;;;;
1/8/2025;Pollo entero;Tyson;Coahuila;2.7;2.5;$70.70;;;;;;
1/8/2025;Pollo tipo rosticero;Bachoco;Guanajuato;1.8;1.6;$72.00;;;;;;
4/8/2025;Gallina;Sin marca;Veracruz;3.6;3.3;$58.00;;;;;;
4/8/2025;Pollo entero;Bachoco;Guanajuato;2.7;2.5;$68.90;;;;;;
4/8/2025;Pollo entero;Otros;Veracruz;2.6;2.4;$68.30;;;;;;
4/8/2025;Pollo entero;Pilgrim's;Quer?taro;2.7;2.5;$68.50;;;;;;
4/8/2025;Pollo entero;Tyson;Coahuila;2.7;2.5;$68.70;;;;;;
4/8/2025;Pollo tipo rosticero;Bachoco;Guanajuato;1.8;1.6;$70.00;;;;;;
5/8/2025;Gallina;Sin marca;Oaxaca;3.6;3.3;$58.00;;;;;;
5/8/2025;Pollo entero;Bachoco;Guanajuato;2.7;2.5;$68.90;;;;;;
5/8/2025;Pollo entero;Otros;Veracruz;2.6;2.4;$68.30;;;;;;
5/8/2025;Pollo entero;Pilgrim's;Quer?taro;2.7;2.5;$68.50;;;;;;
5/8/2025;Pollo entero;Tyson;Coahuila;2.7;2.5;$68.70;;;;;;
5/8/2025;Pollo tipo rosticero;Bachoco;Guanajuato;1.8;1.6;$70.00;;;;;;
6/8/2025;Gallina;Sin marca;Chiapas;3.5;2.65;$58.00;;;;;;
6/8/2025;Pollo entero;Bachoco;Guanajuato;3.5;2.65;$68.90;;;;;;
6/8/2025;Pollo entero;Otros;Veracruz;3.5;2.65;$68.30;;;;;;
6/8/2025;Pollo entero;Pilgrim's;Quer?taro;3.5;2.65;$68.50;;;;;;
6/8/2025;Pollo entero;Tyson;Coahuila;3.5;2.65;$68.70;;;;;;
6/8/2025;Pollo tipo rosticero;Bachoco;Guanajuato;2.7;1.8;$70.00;;;;;;
7/8/2025;Gallina;Sin marca;San Luis Potos?;3.6;3.3;$58.00;;;;;;
7/8/2025;Pollo entero;Bachoco;Guanajuato;2.7;2.5;$68.90;;;;;;
7/8/2025;Pollo entero;Otros;Veracruz;2.6;2.4;$68.30;;;;;;
7/8/2025;Pollo entero;Pilgrim's;Quer?taro;2.7;2.5;$68.50;;;;;;
7/8/2025;Pollo entero;Tyson;Coahuila;2.7;2.5;$68.70;;;;;;
7/8/2025;Pollo tipo rosticero;Bachoco;Guanajuato;1.8;1.6;$70.00;;;;;;
8/8/2025;Gallina;Sin marca;Jalisco;3.6;3.3;$58.00;;;;;;
8/8/2025;Pollo entero;Bachoco;Guanajuato;3.5;2.65;$67.90;;;;;;
8/8/2025;Pollo entero;Otros;Veracruz;3.5;2.65;$67.30;;;;;;
8/8/2025;Pollo entero;Pilgrim's;Quer?taro;3.5;2.65;$67.50;;;;;;
8/8/2025;Pollo entero;Tyson;Coahuila;3.5;2.65;$67.70;;;;;;
8/8/2025;Pollo tipo rosticero;Bachoco;Guanajuato;2.7;1.8;$69.00;;;;;;
11/8/2025;Gallina;Sin marca;Chiapas;3.6;3.3;$60.00;;;;;;
11/8/2025;Pollo entero;Bachoco;Guanajuato;3.5;2.65;$67.90;;;;;;
11/8/2025;Pollo entero;Otros;Veracruz;3.5;2.65;$67.30;;;;;;
11/8/2025;Pollo entero;Pilgrim's;Quer?taro;3.5;2.65;$67.50;;;;;;
11/8/2025;Pollo entero;Tyson;Coahuila;3.5;2.65;$67.70;;;;;;
11/8/2025;Pollo tipo rosticero;Bachoco;Guanajuato;2.7;1.8;$70.00;;;;;;
12/8/2025;Gallina;Sin marca;Oaxaca;3.6;3.6;$61.00;;;;;;
12/8/2025;Pollo entero;Bachoco;Guanajuato;3.5;2.65;$67.90;;;;;;
12/8/2025;Pollo entero;Otros;Veracruz;3.5;2.65;$67.30;;;;;;
12/8/2025;Pollo entero;Pilgrim's;Quer?taro;3.5;2.65;$67.50;;;;;;
12/8/2025;Pollo entero;Tyson;Coahuila;3.5;2.6;$67.70;;;;;;
12/8/2025;Pollo tipo rosticero;Bachoco;Guanajuato;2.7;1.8;$70.00;;;;;;
13/8/2025;Gallina;Sin marca;Chiapas;3.6;3.3;$61.00;;;;;;
13/8/2025;Pollo entero;Bachoco;Guanajuato;3.5;2.65;$67.90;;;;;;
13/8/2025;Pollo entero;Otros;Veracruz;3.5;2.65;$67.30;;;;;;
13/8/2025;Pollo entero;Pilgrim's;Quer?taro;3.5;2.65;$67.50;;;;;;
13/8/2025;Pollo entero;Tyson;Coahuila;3.5;2.65;$67.70;;;;;;
13/8/2025;Pollo tipo rosticero;Bachoco;Guanajuato;2.7;1.8;$70.00;;;;;;
14/8/2025;Gallina;Sin marca;Jalisco;3.6;3.3;$61.00;;;;;;
14/8/2025;Pollo entero;Bachoco;Guanajuato;3.5;2.65;$65.90;;;;;;
14/8/2025;Pollo entero;Otros;Veracruz;3.5;2.65;$65.30;;;;;;
14/8/2025;Pollo entero;Pilgrim's;Quer?taro;3.5;2.65;$65.50;;;;;;
14/8/2025;Pollo entero;Tyson;Coahuila;3.5;2.65;$65.70;;;;;;
14/8/2025;Pollo tipo rosticero;Bachoco;Guanajuato;2.7;1.8;$68.00;;;;;;
15/8/2025;Gallina;Sin marca;Zacatecas;3.6;3.3;$60.00;;;;;;
15/8/2025;Pollo entero;Bachoco;Guanajuato;3.5;2.65;$64.90;;;;;;
15/8/2025;Pollo entero;Otros;Veracruz;3.5;2.65;$64.30;;;;;;
15/8/2025;Pollo entero;Pilgrim's;Quer?taro;3.5;2.65;$64.50;;;;;;
15/8/2025;Pollo entero;Tyson;Coahuila;3.5;2.65;$64.70;;;;;;
15/8/2025;Pollo tipo rosticero;Bachoco;Guanajuato;2.7;1.8;$67.00;;;;;;
18/8/2025;Gallina;Sin marca;Veracruz;3.6;3.3;$60.00;;;;;;
18/8/2025;Pollo entero;Bachoco;Guanajuato;3.5;2.65;$62.90;;;;;;
18/8/2025;Pollo entero;Otros;Veracruz;3.5;2.65;$62.30;;;;;;
18/8/2025;Pollo entero;Pilgrim's;Quer?taro;3.5;2.65;$62.50;;;;;;
18/8/2025;Pollo entero;Tyson;Coahuila;3.5;2.65;$62.70;;;;;;
18/8/2025;Pollo tipo rosticero;Bachoco;Guanajuato;2.7;1.8;$65.00;;;;;;
19/8/2025;Gallina;Sin marca;Oaxaca;3.6;3.3;$60.00;;;;;;
19/8/2025;Pollo entero;Bachoco;Guanajuato;3.5;2.65;$62.90;;;;;;
19/8/2025;Pollo entero;Otros;Veracruz;3.5;2.65;$62.30;;;;;;
19/8/2025;Pollo entero;Pilgrim's;Quer?taro;3.5;2.65;$62.50;;;;;;
19/8/2025;Pollo entero;Tyson;Coahuila;3.5;2.65;$62.70;;;;;;
19/8/2025;Pollo tipo rosticero;Bachoco;Guanajuato;2.7;1.8;$66.00;;;;;;
20/8/2025;Gallina;Sin marca;Chiapas;3.6;3.3;$60.00;;;;;;
20/8/2025;Pollo entero;Bachoco;Guanajuato;3.5;2.65;$62.90;;;;;;
20/8/2025;Pollo entero;Otros;Veracruz;3.5;2.65;$62.30;;;;;;
20/8/2025;Pollo entero;Pilgrim's;Quer?taro;3.5;2.65;$62.50;;;;;;
20/8/2025;Pollo entero;Tyson;Coahuila;3.5;2.65;$62.70;;;;;;
20/8/2025;Pollo tipo rosticero;Bachoco;Guanajuato;2.7;1.8;$65.00;;;;;;
21/8/2025;Gallina;Sin marca;Aguascalientes;3.6;3.3;$60.00;;;;;;
21/8/2025;Pollo entero;Bachoco;Guanajuato;3.5;2.65;$62.90;;;;;;
21/8/2025;Pollo entero;Otros;Veracruz;3.5;2.65;$62.30;;;;;;
21/8/2025;Pollo entero;Pilgrim's;Quer?taro;3.5;2.65;$62.50;;;;;;
21/8/2025;Pollo entero;Tyson;Coahuila;3.5;2.65;$62.70;;;;;;
21/8/2025;Pollo tipo rosticero;Bachoco;Guanajuato;2.7;1.8;$65.00;;;;;;
22/8/2025;Gallina;Sin marca;San Luis Potos?;3.6;3.3;$60.00;;;;;;
22/8/2025;Pollo entero;Bachoco;Guanajuato;3.5;2.65;$62.90;;;;;;
22/8/2025;Pollo entero;Otros;Veracruz;3.5;2.65;$62.30;;;;;;
22/8/2025;Pollo entero;Pilgrim's;Quer?taro;3.5;2.65;$62.50;;;;;;
22/8/2025;Pollo entero;Tyson;Coahuila;3.5;2.65;$62.70;;;;;;
22/8/2025;Pollo tipo rosticero;Bachoco;Guanajuato;2.7;1.8;$65.00;;;;;;
25/8/2025;Gallina;Sin marca;Veracruz;3.6;3.3;$60.00;;;;;;
25/8/2025;Pollo entero;Bachoco;Guanajuato;3.5;2.65;$61.90;;;;;;
25/8/2025;Pollo entero;Otros;Veracruz;3.5;2.65;$61.30;;;;;;
25/8/2025;Pollo entero;Pilgrim's;Quer?taro;3.5;2.65;$61.50;;;;;;
25/8/2025;Pollo entero;Tyson;Coahuila;3.5;2.65;$61.70;;;;;;
25/8/2025;Pollo tipo rosticero;Bachoco;Guanajuato;2.7;1.8;$64.00;;;;;;
26/8/2025;Gallina;Sin marca;Chiapas;3.6;3.3;$60.00;;;;;;
26/8/2025;Pollo entero;Bachoco;Guanajuato;3.5;2.65;$62.00;;;;;;
26/8/2025;Pollo entero;Otros;Veracruz;3.5;2.65;$61.40;;;;;;
26/8/2025;Pollo entero;Pilgrim's;Quer?taro;3.5;2.65;$61.60;;;;;;
26/8/2025;Pollo entero;Tyson;Coahuila;3.5;2.65;$61.80;;;;;;
26/8/2025;Pollo tipo rosticero;Bachoco;Guanajuato;2.7;1.8;$64.00;;;;;;
27/8/2025;Gallina;Sin marca;Oaxaca;3.6;3.3;$60.00;;;;;;
27/8/2025;Pollo entero;Bachoco;Guanajuato;3.5;2.65;$63.90;;;;;;
27/8/2025;Pollo entero;Otros;Veracruz;3.5;2.65;$63.30;;;;;;
27/8/2025;Pollo entero;Pilgrim's;Quer?taro;3.5;2.65;$63.50;;;;;;
27/8/2025;Pollo entero;Tyson;Coahuila;3.5;2.65;$63.70;;;;;;
27/8/2025;Pollo tipo rosticero;Bachoco;Guanajuato;2.7;1.8;$66.00;;;;;;
28/8/2025;Gallina;Sin marca;Zacatecas;3.6;3.3;$60.00;;;;;;
28/8/2025;Pollo entero;Bachoco;Guanajuato;3.5;2.65;$63.90;;;;;;
28/8/2025;Pollo entero;Otros;Veracruz;3.5;2.65;$63.30;;;;;;
28/8/2025;Pollo entero;Pilgrim's;Quer?taro;3.5;2.65;$63.50;;;;;;
28/8/2025;Pollo entero;Tyson;Coahuila;3.5;2.65;$63.70;;;;;;
28/8/2025;Pollo tipo rosticero;Bachoco;Guanajuato;2.7;1.8;$66.00;;;;;;
29/8/2025;Gallina;Sin marca;Jalisco;3.6;3.3;$60.00;;;;;;
29/8/2025;Pollo entero;Bachoco;Guanajuato;3.5;2.65;$63.90;;;;;;
29/8/2025;Pollo entero;Otros;Veracruz;3.5;2.65;$63.30;;;;;;
29/8/2025;Pollo entero;Pilgrim's;Quer?taro;3.5;2.65;$63.50;;;;;;
29/8/2025;Pollo entero;Tyson;Coahuila;3.5;2.65;$63.70;;;;;;
29/8/2025;Pollo tipo rosticero;Bachoco;Guanajuato;2.7;1.8;$66.00;;;;;;
D.F. : Centro de distribuci?n Ray?n;;;;;;;;;;;;
1/8/2025;Gallina;Sin marca;Guerrero;3.6;3.3;$58.00;;;;;;
1/8/2025;Pollo entero;Bachoco;Guanajuato;2.7;2.5;$70.70;;;;;;
1/8/2025;Pollo entero;Otros;Veracruz;2.6;2.4;$70.30;;;;;;
1/8/2025;Pollo entero;Pilgrim's;Quer?taro;2.7;2.5;$70.50;;;;;;
1/8/2025;Pollo tipo rosticero;Bachoco;Guanajuato;1.8;1.6;$72.00;;;;;;
4/8/2025;Gallina;Sin marca;Guerrero;3.6;3.3;$58.00;;;;;;
4/8/2025;Pollo entero;Bachoco;Guanajuato;2.7;2.5;$68.70;;;;;;
4/8/2025;Pollo entero;Otros;Veracruz;2.6;2.4;$68.30;;;;;;
4/8/2025;Pollo entero;Pilgrim's;Quer?taro;2.7;2.5;$68.50;;;;;;
4/8/2025;Pollo tipo rosticero;Bachoco;Guanajuato;1.8;1.6;$70.00;;;;;;
5/8/2025;Gallina;Sin marca;Tlaxcala;3.6;3.3;$58.00;;;;;;
5/8/2025;Pollo entero;Bachoco;Guanajuato;2.7;2.5;$68.70;;;;;;
5/8/2025;Pollo entero;Otros;Veracruz;2.6;2.4;$68.30;;;;;;
5/8/2025;Pollo entero;Pilgrim's;Quer?taro;2.7;2.5;$68.50;;;;;;
5/8/2025;Pollo tipo rosticero;Bachoco;Guanajuato;1.8;1.6;$70.00;;;;;;
6/8/2025;Gallina;Sin marca;Edo. de M?xico;3.6;3.3;$58.00;;;;;;
6/8/2025;Pollo entero;Bachoco;Guanajuato;3.5;2.65;$68.70;;;;;;
6/8/2025;Pollo entero;Otros;Veracruz;3.5;2.65;$68.30;;;;;;
6/8/2025;Pollo entero;Pilgrim's;Quer?taro;3.5;2.65;$68.50;;;;;;
6/8/2025;Pollo tipo rosticero;Bachoco;Guanajuato;2.7;1.8;$70.00;;;;;;
7/8/2025;Gallina;Sin marca;Michoac?n;3.6;3.3;$58.00;;;;;;
7/8/2025;Pollo entero;Bachoco;Guanajuato;2.7;2.5;$68.70;;;;;;
7/8/2025;Pollo entero;Otros;Veracruz;2.6;2.4;$68.30;;;;;;
7/8/2025;Pollo entero;Pilgrim's;Quer?taro;2.7;2.5;$68.50;;;;;;
7/8/2025;Pollo tipo rosticero;Bachoco;Guanajuato;1.8;1.6;$70.00;;;;;;
8/8/2025;Gallina;Sin marca;Morelos;3.6;3.3;$58.00;;;;;;
8/8/2025;Pollo entero;Bachoco;Guanajuato;3.5;2.65;$67.70;;;;;;
8/8/2025;Pollo entero;Otros;Veracruz;3.5;2.65;$67.30;;;;;;
8/8/2025;Pollo entero;Pilgrim's;Quer?taro;3.5;2.65;$67.50;;;;;;
8/8/2025;Pollo tipo rosticero;Bachoco;Guanajuato;2.7;1.8;$69.00;;;;;;
11/8/2025;Gallina;Sin marca;Guanajuato;3.6;3.3;$60.00;;;;;;
11/8/2025;Pollo entero;Bachoco;Guanajuato;3.5;2.65;$67.70;;;;;;
11/8/2025;Pollo entero;Otros;Veracruz;3.5;2.65;$67.30;;;;;;
11/8/2025;Pollo entero;Pilgrim's;Quer?taro;3.5;2.65;$67.50;;;;;;
11/8/2025;Pollo tipo rosticero;Bachoco;Guanajuato;2.7;1.8;$70.00;;;;;;
12/8/2025;Gallina;Sin marca;Tlaxcala;3.6;3.3;$61.00;;;;;;
12/8/2025;Pollo entero;Bachoco;Guanajuato;3.5;2.65;$67.70;;;;;;
12/8/2025;Pollo entero;Otros;Veracruz;3.5;2.65;$67.30;;;;;;
12/8/2025;Pollo entero;Pilgrim's;Quer?taro;3.5;2.65;$67.50;;;;;;
12/8/2025;Pollo tipo rosticero;Bachoco;Guanajuato;2.7;1.8;$70.00;;;;;;
13/8/2025;Gallina;Sin marca;Puebla;3.6;3.3;$61.00;;;;;;
13/8/2025;Pollo entero;Bachoco;Guanajuato;3.5;2.65;$67.70;;;;;;
13/8/2025;Pollo entero;Otros;Veracruz;3.5;2.65;$67.30;;;;;;
13/8/2025;Pollo entero;Pilgrim's;Quer?taro;3.5;2.65;$67.50;;;;;;
13/8/2025;Pollo tipo rosticero;Bachoco;Guanajuato;2.7;1.8;$70.00;;;;;;
14/8/2025;Gallina;Sin marca;Michoac?n;3.6;3.3;$61.00;;;;;;
14/8/2025;Pollo entero;Bachoco;Guanajuato;3.5;2.65;$65.70;;;;;;
14/8/2025;Pollo entero;Otros;Veracruz;3.5;2.65;$65.30;;;;;;
14/8/2025;Pollo entero;Pilgrim's;Quer?taro;3.5;2.65;$65.50;;;;;;
14/8/2025;Pollo tipo rosticero;Bachoco;Guanajuato;2.7;1.8;$68.00;;;;;;
15/8/2025;Gallina;Sin marca;Morelos;3.6;3.3;$60.00;;;;;;
15/8/2025;Pollo entero;Bachoco;Guanajuato;3.5;2.65;$64.70;;;;;;
15/8/2025;Pollo entero;Otros;Veracruz;3.5;2.65;$64.30;;;;;;
15/8/2025;Pollo entero;Pilgrim's;Quer?taro;3.5;2.65;$64.50;;;;;;
15/8/2025;Pollo tipo rosticero;Bachoco;Guanajuato;2.7;1.8;$67.00;;;;;;
18/8/2025;Gallina;Sin marca;Quer?taro;3.6;3.3;$60.00;;;;;;
18/8/2025;Pollo entero;Bachoco;Guanajuato;3.5;2.65;$62.70;;;;;;
18/8/2025;Pollo entero;Otros;Veracruz;3.5;2.65;$62.30;;;;;;
18/8/2025;Pollo entero;Pilgrim's;Quer?taro;3.5;2.65;$62.50;;;;;;
18/8/2025;Pollo tipo rosticero;Bachoco;Guanajuato;2.7;1.8;$67.00;;;;;;
19/8/2025;Gallina;Sin marca;Tlaxcala;3.6;3.3;$60.00;;;;;;
19/8/2025;Pollo entero;Bachoco;Guanajuato;3.5;2.65;$62.70;;;;;;
19/8/2025;Pollo entero;Otros;Veracruz;3.5;2.65;$62.30;;;;;;
19/8/2025;Pollo entero;Pilgrim's;Quer?taro;3.5;2.65;$62.50;;;;;;
19/8/2025;Pollo tipo rosticero;Bachoco;Guanajuato;2.7;1.8;$66.00;;;;;;
20/8/2025;Gallina;Sin marca;Hidalgo;3.6;3.3;$60.00;;;;;;
20/8/2025;Pollo entero;Bachoco;Guanajuato;3.5;3.65;$62.70;;;;;;
20/8/2025;Pollo entero;Otros;Veracruz;3.5;2.65;$62.30;;;;;;
20/8/2025;Pollo entero;Pilgrim's;Quer?taro;3.5;2.65;$62.50;;;;;;
20/8/2025;Pollo tipo rosticero;Bachoco;Guanajuato;2.7;1.8;$65.00;;;;;;
21/8/2025;Gallina;Sin marca;Michoac?n;3.6;3.3;$60.00;;;;;;
21/8/2025;Pollo entero;Bachoco;Guanajuato;3.5;2.65;$62.70;;;;;;
21/8/2025;Pollo entero;Otros;Veracruz;3.5;2.65;$62.30;;;;;;
21/8/2025;Pollo entero;Pilgrim's;Quer?taro;3.5;2.65;$62.50;;;;;;
21/8/2025;Pollo tipo rosticero;Bachoco;Guanajuato;2.7;1.8;$65.00;;;;;;
22/8/2025;Gallina;Sin marca;Guerrero;3.6;3.3;$60.00;;;;;;
22/8/2025;Pollo entero;Bachoco;Guanajuato;3.5;2.65;$62.70;;;;;;
22/8/2025;Pollo entero;Otros;Veracruz;3.5;2.65;$62.30;;;;;;
22/8/2025;Pollo entero;Pilgrim's;Quer?taro;3.5;2.65;$62.50;;;;;;
22/8/2025;Pollo tipo rosticero;Bachoco;Guanajuato;2.7;1.8;$65.00;;;;;;
25/8/2025;Gallina;Sin marca;Guanajuato;3.6;3.3;$60.00;;;;;;
25/8/2025;Pollo entero;Bachoco;Guanajuato;3.5;2.65;$61.70;;;;;;
25/8/2025;Pollo entero;Otros;Veracruz;3.5;2.65;$61.30;;;;;;
25/8/2025;Pollo entero;Pilgrim's;Quer?taro;3.5;2.65;$61.50;;;;;;
25/8/2025;Pollo tipo rosticero;Bachoco;Guanajuato;2.7;1.8;$64.00;;;;;;
26/8/2025;Gallina;Sin marca;Hidalgo;3.6;3.3;$60.00;;;;;;
26/8/2025;Pollo entero;Bachoco;Guanajuato;3.5;2.65;$62.70;;;;;;
26/8/2025;Pollo entero;Otros;Veracruz;3.5;2.65;$62.30;;;;;;
26/8/2025;Pollo entero;Pilgrim's;Quer?taro;3.5;2.65;$62.50;;;;;;
26/8/2025;Pollo tipo rosticero;Bachoco;Guanajuato;2.7;1.8;$64.00;;;;;;
27/8/2025;Gallina;Sin marca;Edo. de M?xico;3.6;3.3;$60.00;;;;;;
27/8/2025;Pollo entero;Bachoco;Guanajuato;3.6;2.65;$63.70;;;;;;
27/8/2025;Pollo entero;Otros;Veracruz;3.5;2.65;$63.30;;;;;;
27/8/2025;Pollo entero;Pilgrim's;Quer?taro;3.5;2.65;$63.50;;;;;;
27/8/2025;Pollo tipo rosticero;Bachoco;Guanajuato;2.7;1.8;$66.00;;;;;;
28/8/2025;Gallina;Sin marca;Michoac?n;3.6;3.3;$60.00;;;;;;
28/8/2025;Pollo entero;Bachoco;Guanajuato;3.5;2.65;$63.70;;;;;;
28/8/2025;Pollo entero;Otros;Veracruz;3.5;2.65;$63.30;;;;;;
28/8/2025;Pollo entero;Pilgrim's;Quer?taro;3.5;2.65;$63.50;;;;;;
28/8/2025;Pollo tipo rosticero;Bachoco;Guanajuato;2.7;1.8;$66.00;;;;;;
29/8/2025;Gallina;Sin marca;Morelos;3.6;3.3;$60.00;;;;;;
29/8/2025;Pollo entero;Bachoco;Guanajuato;3.5;2.65;$63.70;;;;;;
29/8/2025;Pollo entero;Otros;Veracruz;3.5;2.65;$63.30;;;;;;
29/8/2025;Pollo entero;Pilgrim's;Quer?taro;3.5;2.65;$63.50;;;;;;
29/8/2025;Pollo tipo rosticero;Bachoco;Guanajuato;2.7;1.8;$66.00;;;;;;
D.F. : Centro de distribuci?n San Juan;;;;;;;;;;;;
1/8/2025;Gallina;Sin marca;Morelos;3.6;3.3;$58.00;;;;;;
1/8/2025;Pollo entero;Bachoco;Guanajuato;2.7;2.5;$70.50;;;;;;
1/8/2025;Pollo entero;Otros;Veracruz;2.6;2.4;$70.00;;;;;;
1/8/2025;Pollo entero;Pilgrim's;Quer?taro;2.7;2.5;$70.30;;;;;;
1/8/2025;Pollo tipo rosticero;Bachoco;Guanajuato;1.8;1.6;$72.00;;;;;;
4/8/2025;Gallina;Sin marca;Guerrero;3.6;3.3;$58.00;;;;;;
4/8/2025;Pollo entero;Bachoco;Guanajuato;2.7;2.5;$68.50;;;;;;
4/8/2025;Pollo entero;Otros;Veracruz;2.6;2.4;$68.00;;;;;;
4/8/2025;Pollo entero;Pilgrim's;Quer?taro;2.7;2.5;$68.30;;;;;;
4/8/2025;Pollo tipo rosticero;Bachoco;Guanajuato;1.8;1.6;$70.00;;;;;;
5/8/2025;Gallina;Sin marca;Hidalgo;3.6;3.3;$58.00;;;;;;
5/8/2025;Pollo entero;Bachoco;Guanajuato;2.7;2.5;$68.50;;;;;;
5/8/2025;Pollo entero;Otros;Veracruz;2.6;2.4;$68.00;;;;;;
5/8/2025;Pollo entero;Pilgrim's;Quer?taro;2.7;2.5;$68.30;;;;;;
5/8/2025;Pollo tipo rosticero;Bachoco;Guanajuato;1.8;1.6;$70.00;;;;;;
6/8/2025;Gallina;Sin marca;Puebla;3.6;3.3;$58.00;;;;;;
6/8/2025;Pollo entero;Bachoco;Guanajuato;3.5;2.65;$68.50;;;;;;
6/8/2025;Pollo entero;Otros;Veracruz;3.5;2.65;$68.00;;;;;;
6/8/2025;Pollo entero;Pilgrim's;Quer?taro;3.5;2.65;$68.30;;;;;;
6/8/2025;Pollo tipo rosticero;Bachoco;Guanajuato;2.7;1.8;$70.00;;;;;;
7/8/2025;Gallina;Sin marca;Puebla;3.6;3.3;$58.00;;;;;;
7/8/2025;Pollo entero;Bachoco;Guanajuato;2.7;2.5;$68.50;;;;;;
7/8/2025;Pollo entero;Otros;Veracruz;2.6;2.4;$68.00;;;;;;
7/8/2025;Pollo entero;Pilgrim's;Quer?taro;2.7;2.5;$68.30;;;;;;
7/8/2025;Pollo tipo rosticero;Bachoco;Guanajuato;1.8;1.6;$70.00;;;;;;
8/8/2025;Gallina;Sin marca;Guerrero;3.6;3.3;$58.00;;;;;;
8/8/2025;Pollo entero;Bachoco;Guanajuato;3.5;2.65;$67.50;;;;;;
8/8/2025;Pollo entero;Otros;Veracruz;3.5;2.65;$67.00;;;;;;
8/8/2025;Pollo entero;Pilgrim's;Quer?taro;3.5;2.65;$67.30;;;;;;
8/8/2025;Pollo tipo rosticero;Bachoco;Guanajuato;2.7;1.8;$69.00;;;;;;
11/8/2025;Gallina;Sin marca;Quer?taro;3.6;3.3;$60.00;;;;;;
11/8/2025;Pollo entero;Bachoco;Guanajuato;3.5;2.65;$67.50;;;;;;
11/8/2025;Pollo entero;Otros;Veracruz;3.5;2.65;$67.00;;;;;;
11/8/2025;Pollo entero;Pilgrim's;Quer?taro;3.5;2.65;$67.30;;;;;;
11/8/2025;Pollo tipo rosticero;Bachoco;Guanajuato;2.7;1.8;$70.00;;;;;;
12/8/2025;Gallina;Sin marca;Hidalgo;3.6;3.3;$61.00;;;;;;
12/8/2025;Pollo entero;Bachoco;Guanajuato;3.5;2.65;$67.50;;;;;;
12/8/2025;Pollo entero;Otros;Veracruz;3.5;2.65;$67.00;;;;;;
12/8/2025;Pollo entero;Pilgrim's;Quer?taro;3.5;2.65;$67.30;;;;;;
12/8/2025;Pollo tipo rosticero;Bachoco;Guanajuato;2.7;1.8;$70.00;;;;;;
13/8/2025;Gallina;Sin marca;Edo. de M?xico;3.6;3.3;$61.00;;;;;;
13/8/2025;Pollo entero;Bachoco;Guanajuato;3.5;2.65;$67.50;;;;;;
13/8/2025;Pollo entero;Otros;Veracruz;3.5;2.65;$67.00;;;;;;
13/8/2025;Pollo entero;Pilgrim's;Quer?taro;3.5;2.65;$67.30;;;;;;
13/8/2025;Pollo tipo rosticero;Bachoco;Guanajuato;2.7;1.8;$70.00;;;;;;
14/8/2025;Gallina;Sin marca;Puebla;3.6;3.3;$61.00;;;;;;
14/8/2025;Pollo entero;Bachoco;Guanajuato;3.5;2.65;$65.50;;;;;;
14/8/2025;Pollo entero;Otros;Veracruz;3.5;2.65;$65.00;;;;;;
14/8/2025;Pollo entero;Pilgrim's;Quer?taro;3.5;2.65;$65.30;;;;;;
14/8/2025;Pollo tipo rosticero;Bachoco;Guanajuato;2.7;1.8;$68.00;;;;;;
15/8/2025;Gallina;Sin marca;Guerrero;3.6;3.3;$60.00;;;;;;
15/8/2025;Pollo entero;Bachoco;Guanajuato;3.5;2.65;$64.50;;;;;;
15/8/2025;Pollo entero;Otros;Veracruz;3.5;2.65;$64.00;;;;;;
15/8/2025;Pollo entero;Pilgrim's;Quer?taro;3.5;2.65;$64.30;;;;;;
15/8/2025;Pollo tipo rosticero;Bachoco;Guanajuato;2.7;1.8;$67.00;;;;;;
18/8/2025;Gallina;Sin marca;Guanajuato;3.6;3.3;$60.00;;;;;;
18/8/2025;Pollo entero;Bachoco;Guanajuato;3.5;2.65;$62.50;;;;;;
18/8/2025;Pollo entero;Otros;Veracruz;3.5;2.65;$62.00;;;;;;
18/8/2025;Pollo entero;Pilgrim's;Quer?taro;3.5;2.65;$62.30;;;;;;
18/8/2025;Pollo tipo rosticero;Bachoco;Guanajuato;2.7;1.8;$67.00;;;;;;
19/8/2025;Gallina;Sin marca;Puebla;3.6;3.3;$60.00;;;;;;
19/8/2025;Pollo entero;Bachoco;Guanajuato;3.5;2.65;$62.50;;;;;;
19/8/2025;Pollo entero;Otros;Veracruz;3.5;2.65;$62.00;;;;;;
19/8/2025;Pollo entero;Pilgrim's;Quer?taro;3.5;2.65;$62.30;;;;;;
19/8/2025;Pollo tipo rosticero;Bachoco;Guanajuato;2.7;1.8;$66.00;;;;;;
20/8/2025;Gallina;Sin marca;Edo. de M?xico;3.6;3.3;$60.00;;;;;;
20/8/2025;Pollo entero;Bachoco;Guanajuato;3.5;2.65;$62.50;;;;;;
20/8/2025;Pollo entero;Otros;Veracruz;3.5;2.65;$62.00;;;;;;
20/8/2025;Pollo entero;Pilgrim's;Quer?taro;3.5;2.65;$62.30;;;;;;
20/8/2025;Pollo tipo rosticero;Bachoco;Guanajuato;2.7;1.8;$65.00;;;;;;
21/8/2025;Gallina;Sin marca;Guerrero;3.6;3.3;$60.00;;;;;;
21/8/2025;Pollo entero;Bachoco;Guanajuato;3.5;2.65;$62.50;;;;;;
21/8/2025;Pollo entero;Otros;Veracruz;3.5;2.65;$62.00;;;;;;
21/8/2025;Pollo entero;Pilgrim's;Quer?taro;3.5;2.65;$62.30;;;;;;
21/8/2025;Pollo tipo rosticero;Bachoco;Guanajuato;2.7;1.8;$65.00;;;;;;
22/8/2025;Gallina;Sin marca;Morelos;3.6;3.3;$60.00;;;;;;
22/8/2025;Pollo entero;Bachoco;Guanajuato;3.5;2.65;$62.50;;;;;;
22/8/2025;Pollo entero;Otros;Veracruz;3.5;2.65;$62.00;;;;;;
22/8/2025;Pollo entero;Pilgrim's;Quer?taro;3.5;2.65;$62.30;;;;;;
22/8/2025;Pollo tipo rosticero;Bachoco;Guanajuato;2.7;1.8;$65.00;;;;;;
25/8/2025;Gallina;Sin marca;Quer?taro;3.6;3.3;$60.00;;;;;;
25/8/2025;Pollo entero;Bachoco;Guanajuato;3.5;2.65;$61.50;;;;;;
25/8/2025;Pollo entero;Otros;Veracruz;3.5;2.65;$61.00;;;;;;
25/8/2025;Pollo entero;Pilgrim's;Quer?taro;3.5;2.65;$61.30;;;;;;
25/8/2025;Pollo tipo rosticero;Bachoco;Guanajuato;2.7;1.8;$64.00;;;;;;
26/8/2025;Gallina;Sin marca;Tlaxcala;3.6;3.3;$60.00;;;;;;
26/8/2025;Pollo entero;Bachoco;Guanajuato;3.5;2.65;$62.50;;;;;;
26/8/2025;Pollo entero;Otros;Veracruz;3.5;2.65;$62.00;;;;;;
26/8/2025;Pollo entero;Pilgrim's;Quer?taro;3.5;2.65;$62.30;;;;;;
26/8/2025;Pollo tipo rosticero;Bachoco;Guanajuato;2.7;1.8;$64.00;;;;;;
27/8/2025;Gallina;Sin marca;Puebla;3.6;3.3;$60.00;;;;;;
27/8/2025;Pollo entero;Bachoco;Guanajuato;3.5;2.65;$63.50;;;;;;
27/8/2025;Pollo entero;Otros;Veracruz;3.5;2.65;$63.00;;;;;;
27/8/2025;Pollo entero;Pilgrim's;Quer?taro;3.5;2.65;$63.30;;;;;;
27/8/2025;Pollo tipo rosticero;Bachoco;Guanajuato;2.7;1.8;$66.00;;;;;;
28/8/2025;Gallina;Sin marca;Hidalgo;3.6;3.3;$60.00;;;;;;
28/8/2025;Pollo entero;Bachoco;Guanajuato;3.5;2.65;$63.50;;;;;;
28/8/2025;Pollo entero;Otros;Veracruz;3.5;2.65;$63.00;;;;;;
28/8/2025;Pollo entero;Pilgrim's;Quer?taro;3.5;2.65;$63.30;;;;;;
28/8/2025;Pollo tipo rosticero;Bachoco;Guanajuato;2.7;1.8;$66.00;;;;;;
29/8/2025;Gallina;Sin marca;Guerrero;3.6;3.3;$60.00;;;;;;
29/8/2025;Pollo entero;Bachoco;Guanajuato;3.5;2.65;$63.50;;;;;;
29/8/2025;Pollo entero;Otros;Veracruz;3.5;2.65;$63.00;;;;;;
29/8/2025;Pollo entero;Pilgrim's;Quer?taro;3.5;2.65;$63.30;;;;;;
29/8/2025;Pollo tipo rosticero;Bachoco;Guanajuato;2.7;1.8;$66.00;;;;;;
Nay: Centros de Distribuci?n de Nayarit;;;;;;;;;;;;
1/8/2025;Pollo entero;Bachoco;Nayarit;2.7;2.5;$56.00;;;;;;
4/8/2025;Pollo entero;Bachoco;Nayarit;2.7;2.5;$57.00;;;;;;
5/8/2025;Pollo entero;Bachoco;Nayarit;2.7;2.5;$57.00;;;;;;
6/8/2025;Pollo entero;Bachoco;Nayarit;2.7;2.5;$58.00;;;;;;
7/8/2025;Pollo entero;Bachoco;Nayarit;2.7;2.5;$58.00;;;;;;
8/8/2025;Pollo entero;Bachoco;Nayarit;2.7;2.5;$58.00;;;;;;
11/8/2025;Pollo entero;Bachoco;Nayarit;2.7;2.5;$58.00;;;;;;
12/8/2025;Pollo entero;Bachoco;Nayarit;2.7;2.5;$56.00;;;;;;
13/8/2025;Pollo entero;Bachoco;Nayarit;2.7;2.5;$58.00;;;;;;
14/8/2025;Pollo entero;Bachoco;Nayarit;2.7;2.5;$58.00;;;;;;
15/8/2025;Pollo entero;Bachoco;Nayarit;2.7;2.5;$59.00;;;;;;
18/8/2025;Pollo entero;Bachoco;Nayarit;2.7;2.5;$58.00;;;;;;
19/8/2025;Pollo entero;Bachoco;Nayarit;2.7;2.5;$58.00;;;;;;
20/8/2025;Pollo entero;Bachoco;Nayarit;2.7;2.5;$58.00;;;;;;
21/8/2025;Pollo entero;Bachoco;Nayarit;2.7;2.5;$58.00;;;;;;
22/8/2025;Pollo entero;Bachoco;Nayarit;2.7;2.5;$59.00;;;;;;
25/8/2025;Pollo entero;Bachoco;Nayarit;2.7;2.5;$58.00;;;;;;
26/8/2025;Pollo entero;Bachoco;Nayarit;2.7;2.5;$58.00;;;;;;
27/8/2025;Pollo entero;Bachoco;Nayarit;2.7;2.5;$59.00;;;;;;
28/8/2025;Pollo entero;Bachoco;Nayarit;2.7;2.5;$59.00;;;;;;
Qro. : Centros de distribuci?n de Quer?taro;;;;;;;;;;;;
1/8/2025;Pollo entero;Pilgrim's;Quer?taro;2.7;2.5;$45.00;;;;;;
4/8/2025;Pollo entero;Pilgrim's;Quer?taro;2.7;2.5;$45.00;;;;;;
5/8/2025;Pollo entero;Pilgrim's;Quer?taro;2.7;2.5;$45.00;;;;;;
6/8/2025;Pollo entero;Pilgrim's;Quer?taro;2.7;2.5;$43.00;;;;;;
7/8/2025;Pollo entero;Pilgrim's;Quer?taro;2.7;2.5;$43.00;;;;;;
8/8/2025;Pollo entero;Pilgrim's;Quer?taro;2.7;2.9;$43.00;;;;;;
11/8/2025;Pollo entero;Pilgrim's;Quer?taro;2.7;2.5;$43.00;;;;;;
12/8/2025;Pollo entero;Pilgrim's;Quer?taro;2.7;2.5;$39.00;;;;;;
13/8/2025;Pollo entero;Pilgrim's;Quer?taro;2.7;2.5;$39.00;;;;;;
14/8/2025;Pollo entero;Pilgrim's;Quer?taro;2.7;2.5;$39.00;;;;;;
15/8/2025;Pollo entero;Pilgrim's;Quer?taro;2.7;2.5;$36.00;;;;;;
18/8/2025;Pollo entero;Pilgrim's;Quer?taro;2.7;2.5;$36.00;;;;;;
19/8/2025;Pollo entero;Pilgrim's;Quer?taro;2.7;2.5;$36.00;;;;;;
20/8/2025;Pollo entero;Pilgrim's;Quer?taro;2.7;2.5;$36.00;;;;;;
21/8/2025;Pollo entero;Pilgrim's;Quer?taro;2.7;2.5;$36.00;;;;;;
22/8/2025;Pollo entero;Pilgrim's;Quer?taro;2.7;2.5;$36.00;;;;;;
25/8/2025;Pollo entero;Pilgrim's;Quer?taro;2.7;2.5;$40.00;;;;;;
26/8/2025;Pollo entero;Pilgrim's;Quer?taro;2.7;2.5;$40.00;;;;;;
27/8/2025;Pollo entero;Pilgrim's;Quer?taro;2.7;2.5;$44.00;;;;;;
28/8/2025;Pollo entero;Pilgrim's;Quer?taro;2.7;2.5;$44.00;;;;;;
29/8/2025;Pollo entero;Pilgrim's;Quer?taro;2.7;2.5;$44.00;;;;;;
Zac: Mercado de Abasto de Zacatecas;;;;;;;;;;;;
1/8/2025;Pollo entero;Nutri Pollo;San Luis Potos?;2.1;1.9;$80.00;;;;;;
1/8/2025;Pollo entero;Pilgrim's;San Luis Potos?;2.1;1.9;$80.00;;;;;;
1/8/2025;Pollo tipo rosticero;Nutri Pollo;San Luis Potos?;1.4;1.2;$72.00;;;;;;
1/8/2025;Pollo tipo rosticero;Pilgrim's;San Luis Potos?;1.4;1.2;$72.00;;;;;;
4/8/2025;Pollo entero;Nutri Pollo;San Luis Potos?;2.1;1.9;$80.00;;;;;;
4/8/2025;Pollo entero;Pilgrim's;San Luis Potos?;2.1;1.9;$80.00;;;;;;
4/8/2025;Pollo tipo rosticero;Nutri Pollo;San Luis Potos?;1.4;1.2;$72.00;;;;;;
4/8/2025;Pollo tipo rosticero;Pilgrim's;San Luis Potos?;1.4;1.2;$72.00;;;;;;
5/8/2025;Pollo entero;Nutri Pollo;San Luis Potos?;2.1;1.9;$80.00;;;;;;
5/8/2025;Pollo entero;Pilgrim's;San Luis Potos?;2.1;1.9;$80.00;;;;;;
5/8/2025;Pollo tipo rosticero;Nutri Pollo;San Luis Potos?;1.4;1.2;$72.00;;;;;;
5/8/2025;Pollo tipo rosticero;Pilgrim's;San Luis Potos?;1.4;1.2;$72.00;;;;;;
6/8/2025;Pollo entero;Nutri Pollo;San Luis Potos?;2.1;1.9;$80.00;;;;;;
6/8/2025;Pollo entero;Pilgrim's;San Luis Potos?;2.1;1.9;$80.00;;;;;;
6/8/2025;Pollo tipo rosticero;Nutri Pollo;San Luis Potos?;1.4;1.2;$72.00;;;;;;
6/8/2025;Pollo tipo rosticero;Pilgrim's;San Luis Potos?;1.4;1.2;$72.00;;;;;;
7/8/2025;Pollo entero;Nutri Pollo;San Luis Potos?;2.1;1.9;$80.00;;;;;;
7/8/2025;Pollo entero;Pilgrim's;San Luis Potos?;2.1;1.9;$80.00;;;;;;
7/8/2025;Pollo tipo rosticero;Nutri Pollo;San Luis Potos?;1.4;1.2;$72.00;;;;;;
7/8/2025;Pollo tipo rosticero;Pilgrim's;San Luis Potos?;1.4;1.2;$72.00;;;;;;
8/8/2025;Pollo entero;Nutri Pollo;San Luis Potos?;2.1;1.9;$80.00;;;;;;
8/8/2025;Pollo entero;Pilgrim's;San Luis Potos?;2.1;1.9;$80.00;;;;;;
8/8/2025;Pollo tipo rosticero;Nutri Pollo;San Luis Potos?;1.4;1.2;$72.00;;;;;;
8/8/2025;Pollo tipo rosticero;Pilgrim's;San Luis Potos?;1.4;1.2;$72.00;;;;;;
11/8/2025;Pollo entero;Nutri Pollo;San Luis Potos?;2.1;1.9;$80.00;;;;;;
11/8/2025;Pollo entero;Pilgrim's;San Luis Potos?;2.1;1.9;$80.00;;;;;;
11/8/2025;Pollo tipo rosticero;Nutri Pollo;San Luis Potos?;1.4;1.2;$72.00;;;;;;
11/8/2025;Pollo tipo rosticero;Pilgrim's;San Luis Potos?;1.4;1.2;$72.00;;;;;;
12/8/2025;Pollo entero;Nutri Pollo;San Luis Potos?;2.1;1.9;$80.00;;;;;;
12/8/2025;Pollo entero;Pilgrim's;San Luis Potos?;2.1;1.9;$80.00;;;;;;
12/8/2025;Pollo tipo rosticero;Nutri Pollo;San Luis Potos?;1.4;1.2;$72.00;;;;;;
12/8/2025;Pollo tipo rosticero;Pilgrim's;San Luis Potos?;1.4;1.2;$72.00;;;;;;
13/8/2025;Pollo entero;Nutri Pollo;San Luis Potos?;2.1;1.9;$80.00;;;;;;
13/8/2025;Pollo entero;Pilgrim's;San Luis Potos?;2.1;1.9;$80.00;;;;;;
13/8/2025;Pollo tipo rosticero;Nutri Pollo;San Luis Potos?;1.4;1.2;$68.00;;;;;;
13/8/2025;Pollo tipo rosticero;Pilgrim's;San Luis Potos?;1.4;1.2;$68.00;;;;;;
14/8/2025;Pollo entero;Nutri Pollo;San Luis Potos?;2.1;1.9;$80.00;;;;;;
14/8/2025;Pollo entero;Pilgrim's;San Luis Potos?;2.1;1.9;$80.00;;;;;;
14/8/2025;Pollo tipo rosticero;Nutri Pollo;San Luis Potos?;1.4;1.2;$68.00;;;;;;
14/8/2025;Pollo tipo rosticero;Pilgrim's;San Luis Potos?;1.4;1.2;$68.00;;;;;;
15/8/2025;Pollo entero;Nutri Pollo;San Luis Potos?;2.1;1.9;$80.00;;;;;;
15/8/2025;Pollo entero;Pilgrim's;San Luis Potos?;2.1;1.9;$80.00;;;;;;
15/8/2025;Pollo tipo rosticero;Nutri Pollo;San Luis Potos?;1.4;1.2;$68.00;;;;;;
15/8/2025;Pollo tipo rosticero;Pilgrim's;San Luis Potos?;1.4;1.2;$68.00;;;;;;
18/8/2025;Pollo entero;Nutri Pollo;San Luis Potos?;2.1;1.9;$80.00;;;;;;
18/8/2025;Pollo entero;Pilgrim's;San Luis Potos?;2.1;1.9;$80.00;;;;;;
18/8/2025;Pollo tipo rosticero;Nutri Pollo;San Luis Potos?;1.4;1.2;$68.00;;;;;;
18/8/2025;Pollo tipo rosticero;Pilgrim's;San Luis Potos?;1.4;1.2;$68.00;;;;;;
19/8/2025;Pollo entero;Nutri Pollo;San Luis Potos?;2.1;1.9;$80.00;;;;;;
19/8/2025;Pollo entero;Pilgrim's;San Luis Potos?;2.1;1.9;$80.00;;;;;;
19/8/2025;Pollo tipo rosticero;Nutri Pollo;San Luis Potos?;1.4;1.2;$68.00;;;;;;
19/8/2025;Pollo tipo rosticero;Pilgrim's;San Luis Potos?;1.4;1.2;$68.00;;;;;;
20/8/2025;Pollo entero;Nutri Pollo;San Luis Potos?;2.1;1.9;$80.00;;;;;;
20/8/2025;Pollo entero;Pilgrim's;San Luis Potos?;2.1;1.9;$80.00;;;;;;
20/8/2025;Pollo tipo rosticero;Nutri Pollo;San Luis Potos?;1.4;1.2;$68.00;;;;;;
20/8/2025;Pollo tipo rosticero;Pilgrim's;San Luis Potos?;1.4;1.2;$68.00;;;;;;
21/8/2025;Pollo entero;Nutri Pollo;San Luis Potos?;2.1;1.9;$80.00;;;;;;
21/8/2025;Pollo entero;Pilgrim's;San Luis Potos?;2.1;1.9;$80.00;;;;;;
21/8/2025;Pollo tipo rosticero;Nutri Pollo;San Luis Potos?;1.4;1.2;$68.00;;;;;;
21/8/2025;Pollo tipo rosticero;Pilgrim's;San Luis Potos?;1.4;1.2;$68.00;;;;;;
22/8/2025;Pollo entero;Nutri Pollo;San Luis Potos?;2.1;1.9;$80.00;;;;;;
22/8/2025;Pollo entero;Pilgrim's;San Luis Potos?;2.1;1.9;$80.00;;;;;;
22/8/2025;Pollo tipo rosticero;Nutri Pollo;San Luis Potos?;1.4;1.2;$68.00;;;;;;
22/8/2025;Pollo tipo rosticero;Pilgrim's;San Luis Potos?;1.4;1.2;$68.00;;;;;;
25/8/2025;Pollo entero;Nutri Pollo;San Luis Potos?;2.1;1.9;$80.00;;;;;;
25/8/2025;Pollo entero;Pilgrim's;San Luis Potos?;2.1;1.9;$80.00;;;;;;
25/8/2025;Pollo tipo rosticero;Nutri Pollo;San Luis Potos?;1.4;1.2;$68.00;;;;;;
25/8/2025;Pollo tipo rosticero;Pilgrim's;San Luis Potos?;1.4;1.2;$68.00;;;;;;
26/8/2025;Pollo entero;Nutri Pollo;San Luis Potos?;2.1;1.9;$80.00;;;;;;
26/8/2025;Pollo entero;Pilgrim's;San Luis Potos?;2.1;1.9;$80.00;;;;;;
26/8/2025;Pollo tipo rosticero;Nutri Pollo;San Luis Potos?;1.4;1.2;$68.00;;;;;;
26/8/2025;Pollo tipo rosticero;Pilgrim's;San Luis Potos?;1.4;1.2;$68.00;;;;;;
27/8/2025;Pollo entero;Nutri Pollo;San Luis Potos?;2.1;1.9;$80.00;;;;;;
27/8/2025;Pollo entero;Pilgrim's;San Luis Potos?;2.1;1.9;$80.00;;;;;;
27/8/2025;Pollo tipo rosticero;Nutri Pollo;San Luis Potos?;1.4;1.2;$68.00;;;;;;
27/8/2025;Pollo tipo rosticero;Pilgrim's;San Luis Potos?;1.4;1.2;$68.00;;;;;;
28/8/2025;Pollo entero;Nutri Pollo;San Luis Potos?;2.1;1.9;$80.00;;;;;;
28/8/2025;Pollo entero;Pilgrim's;San Luis Potos?;2.1;1.9;$80.00;;;;;;
28/8/2025;Pollo tipo rosticero;Nutri Pollo;San Luis Potos?;1.4;1.2;$68.00;;;;;;
28/8/2025;Pollo tipo rosticero;Pilgrim's;San Luis Potos?;1.4;1.2;$68.00;;;;;;
29/8/2025;Pollo entero;Nutri Pollo;San Luis Potos?;2.1;1.9;$80.00;;;;;;
29/8/2025;Pollo entero;Pilgrim's;San Luis Potos?;2.1;1.9;$80.00;;;;;;
29/8/2025;Pollo tipo rosticero;Nutri Pollo;San Luis Potos?;1.4;1.2;$68.00;;;;;;
29/8/2025;Pollo tipo rosticero;Pilgrim's;San Luis Potos?;1.4;1.2;$68.00;;;;;;
;;;;;;;;;;;;
D.F. : Centro de distribuci?n Becerra;;;;;;;;;;;;
1/9/2025;Gallina;Sin marca;Coahuila;3.6;3.3;$60.00;;;;;;
1/9/2025;Pollo entero;Bachoco;Guanajuato;3.5;2.65;$65.00;;;;;;
1/9/2025;Pollo entero;Otros;Veracruz;3.5;2.65;$64.40;;;;;;
1/9/2025;Pollo entero;Pilgrim's;Quer?taro;3.5;2.65;$64.60;;;;;;
1/9/2025;Pollo entero;Tyson;Coahuila;3.5;2.65;$64.80;;;;;;
1/9/2025;Pollo tipo rosticero;Bachoco;Guanajuato;2.7;1.8;$67.00;;;;;;
2/9/2025;Gallina;Sin marca;Tamaulipas;3.6;3.3;$60.00;;;;;;
2/9/2025;Pollo entero;Bachoco;Guanajuato;3.5;2.65;$65.00;;;;;;
2/9/2025;Pollo entero;Otros;Veracruz;3.5;2.65;$64.40;;;;;;
2/9/2025;Pollo entero;Pilgrim's;Quer?taro;3.5;2.65;$64.60;;;;;;
2/9/2025;Pollo entero;Tyson;Coahuila;3.5;2.65;$64.80;;;;;;
2/9/2025;Pollo tipo rosticero;Bachoco;Guanajuato;2.7;1.8;$67.00;;;;;;
3/9/2025;Gallina;Sin marca;Jalisco;3.6;3.3;$60.00;;;;;;
3/9/2025;Pollo entero;Bachoco;Guanajuato;3.5;2.65;$65.00;;;;;;
3/9/2025;Pollo entero;Otros;Veracruz;3.5;2.65;$64.40;;;;;;
3/9/2025;Pollo entero;Pilgrim's;Quer?taro;3.5;2.65;$64.60;;;;;;
3/9/2025;Pollo entero;Tyson;Coahuila;3.5;2.65;$64.80;;;;;;
3/9/2025;Pollo tipo rosticero;Bachoco;Guanajuato;2.7;1.8;$67.00;;;;;;
4/9/2025;Gallina;Sin marca;Tamaulipas;3.6;3.3;$60.00;;;;;;
4/9/2025;Pollo entero;Bachoco;Guanajuato;3.5;2.65;$65.00;;;;;;
4/9/2025;Pollo entero;Otros;Veracruz;3.5;2.65;$64.40;;;;;;
4/9/2025;Pollo entero;Pilgrim's;Quer?taro;3.5;2.65;$64.60;;;;;;
4/9/2025;Pollo entero;Tyson;Coahuila;3.5;2.65;$64.80;;;;;;
4/9/2025;Pollo tipo rosticero;Bachoco;Guanajuato;2.7;1.8;$67.00;;;;;;
5/9/2025;Gallina;Sin marca;Sinaloa;3.6;3.3;$58.00;;;;;;
5/9/2025;Pollo entero;Bachoco;Guanajuato;3.5;2.65;$66.00;;;;;;
5/9/2025;Pollo entero;Otros;Veracruz;3.5;2.65;$65.40;;;;;;
5/9/2025;Pollo entero;Pilgrim's;Quer?taro;3.5;2.65;$65.60;;;;;;
5/9/2025;Pollo entero;Tyson;Coahuila;3.5;2.65;$65.80;;;;;;
5/9/2025;Pollo tipo rosticero;Bachoco;Guanajuato;2.7;1.8;$68.00;;;;;;
8/9/2025;Gallina;Sin marca;Coahuila;3.6;3.3;$58.00;;;;;;
8/9/2025;Pollo entero;Bachoco;Guanajuato;3.5;2.65;$66.00;;;;;;
8/9/2025;Pollo entero;Otros;Veracruz;3.5;2.65;$65.40;;;;;;
8/9/2025;Pollo entero;Pilgrim's;Quer?taro;3.5;2.65;$65.60;;;;;;
8/9/2025;Pollo entero;Sin marca;Veracruz;3.5;2.65;$65.40;;;;;;
8/9/2025;Pollo entero;Tyson;Coahuila;3.5;2.65;$65.80;;;;;;
8/9/2025;Pollo tipo rosticero;Bachoco;Guanajuato;2.7;1.8;$68.00;;;;;;
9/9/2025;Gallina;Sin marca;Veracruz;3.6;3.3;$57.00;;;;;;
9/9/2025;Pollo entero;Bachoco;Guanajuato;3.5;2.65;$67.00;;;;;;
9/9/2025;Pollo entero;Otros;Veracruz;3.5;2.65;$66.40;;;;;;
9/9/2025;Pollo entero;Pilgrim's;Quer?taro;3.5;2.65;$66.60;;;;;;
9/9/2025;Pollo entero;Tyson;Coahuila;3.5;2.65;$66.80;;;;;;
9/9/2025;Pollo tipo rosticero;Bachoco;Guanajuato;2.7;1.8;$69.00;;;;;;
10/9/2025;Gallina;Sin marca;Sinaloa;3.6;3.3;$57.00;;;;;;
10/9/2025;Pollo entero;Bachoco;Guanajuato;3.5;2.65;$67.00;;;;;;
10/9/2025;Pollo entero;Otros;Veracruz;3.5;2.65;$66.40;;;;;;
10/9/2025;Pollo entero;Pilgrim's;Quer?taro;3.5;2.65;$66.60;;;;;;
10/9/2025;Pollo entero;Tyson;Coahuila;3.5;2.65;$66.80;;;;;;
10/9/2025;Pollo tipo rosticero;Bachoco;Guanajuato;2.7;1.8;$69.00;;;;;;
11/9/2025;Gallina;Sin marca;Jalisco;3.6;3.3;$57.00;;;;;;
11/9/2025;Pollo entero;Bachoco;Guanajuato;3.5;2.65;$68.00;;;;;;
11/9/2025;Pollo entero;Otros;Veracruz;3.5;2.65;$67.40;;;;;;
11/9/2025;Pollo entero;Pilgrim's;Quer?taro;3.5;2.65;$67.60;;;;;;
11/9/2025;Pollo entero;Tyson;Coahuila;3.5;2.65;$67.80;;;;;;
11/9/2025;Pollo tipo rosticero;Bachoco;Guanajuato;2.7;1.8;$70.00;;;;;;
12/9/2025;Gallina;Sin marca;Tabasco;3.6;3.3;$56.00;;;;;;
12/9/2025;Pollo entero;Bachoco;Guanajuato;3.5;2.65;$69.00;;;;;;
12/9/2025;Pollo entero;Otros;Veracruz;3.5;2.65;$68.00;;;;;;
12/9/2025;Pollo entero;Pilgrim's;Quer?taro;3.5;2.65;$68.60;;;;;;
12/9/2025;Pollo entero;Tyson;Coahuila;3.5;2.65;$68.80;;;;;;
12/9/2025;Pollo tipo rosticero;Bachoco;Guanajuato;2.7;1.8;$70.00;;;;;;
15/9/2025;Gallina;Sin marca;Coahuila;3.6;3.3;$56.00;;;;;;
15/9/2025;Pollo entero;Bachoco;Guanajuato;3.5;2.65;$70.00;;;;;;
15/9/2025;Pollo entero;Otros;Veracruz;3.5;2.65;$69.40;;;;;;
15/9/2025;Pollo entero;Pilgrim's;Quer?taro;3.5;2.65;$69.60;;;;;;
15/9/2025;Pollo entero;Tyson;Coahuila;3.5;2.65;$69.80;;;;;;
15/9/2025;Pollo tipo rosticero;Bachoco;Guanajuato;2.7;1.8;$71.00;;;;;;
17/9/2025;Gallina;Sin marca;Tamaulipas;3.6;3.3;$56.00;;;;;;
17/9/2025;Pollo entero;Bachoco;Guanajuato;3.5;2.65;$68.00;;;;;;
17/9/2025;Pollo entero;Otros;Veracruz;3.5;2.65;$67.40;;;;;;
17/9/2025;Pollo entero;Pilgrim's;Quer?taro;3.5;2.65;$67.60;;;;;;
17/9/2025;Pollo entero;Tyson;Coahuila;3.5;2.65;$67.80;;;;;;
17/9/2025;Pollo tipo rosticero;Bachoco;Guanajuato;2.7;1.8;$70.00;;;;;;
18/9/2025;Gallina;Sin marca;Tamaulipas;3.6;3.3;$56.00;;;;;;
18/9/2025;Pollo entero;Bachoco;Guanajuato;3.5;2.65;$68.00;;;;;;
18/9/2025;Pollo entero;Otros;Veracruz;3.5;2.65;$67.40;;;;;;
18/9/2025;Pollo entero;Pilgrim's;Quer?taro;3.5;2.65;$67.60;;;;;;
18/9/2025;Pollo entero;Tyson;Coahuila;3.5;2.65;$67.80;;;;;;
18/9/2025;Pollo tipo rosticero;Bachoco;Guanajuato;2.7;1.8;$70.00;;;;;;
19/9/2025;Gallina;Sin marca;Sinaloa;3.6;3.3;$56.00;;;;;;
19/9/2025;Pollo entero;Bachoco;Guanajuato;3.5;2.65;$68.00;;;;;;
19/9/2025;Pollo entero;Otros;Veracruz;3.5;2.65;$67.40;;;;;;
19/9/2025;Pollo entero;Pilgrim's;Quer?taro;3.5;2.65;$67.60;;;;;;
19/9/2025;Pollo entero;Tyson;Coahuila;3.5;2.65;$67.80;;;;;;
19/9/2025;Pollo tipo rosticero;Bachoco;Guanajuato;2.7;1.8;$70.00;;;;;;
22/9/2025;Gallina;Sin marca;Coahuila;3.6;3.3;$55.00;;;;;;
22/9/2025;Pollo entero;Bachoco;Guanajuato;3.5;2.65;$67.00;;;;;;
22/9/2025;Pollo entero;Otros;Veracruz;3.5;2.65;$66.40;;;;;;
22/9/2025;Pollo entero;Pilgrim's;Quer?taro;3.5;2.65;$66.60;;;;;;
22/9/2025;Pollo entero;Tyson;Coahuila;3.5;2.65;$66.80;;;;;;
22/9/2025;Pollo tipo rosticero;Bachoco;Guanajuato;2.7;1.8;$68.00;;;;;;
23/9/2025;Gallina;Sin marca;Sinaloa;3.6;3.3;$55.00;;;;;;
23/9/2025;Pollo entero;Bachoco;Guanajuato;3.5;2.65;$67.00;;;;;;
23/9/2025;Pollo entero;Otros;Veracruz;3.5;2.65;$66.40;;;;;;
23/9/2025;Pollo entero;Pilgrim's;Quer?taro;3.5;2.65;$66.60;;;;;;
23/9/2025;Pollo entero;Tyson;Coahuila;3.5;2.65;$66.80;;;;;;
23/9/2025;Pollo tipo rosticero;Bachoco;Guanajuato;2.7;1.8;$68.00;;;;;;
24/9/2025;Gallina;Sin marca;Tamaulipas;3.6;3.3;$55.00;;;;;;
24/9/2025;Pollo entero;Bachoco;Guanajuato;3.5;2.65;$67.00;;;;;;
24/9/2025;Pollo entero;Otros;Veracruz;3.5;2.65;$66.40;;;;;;
24/9/2025;Pollo entero;Pilgrim's;Quer?taro;3.5;2.65;$66.70;;;;;;
24/9/2025;Pollo entero;Tyson;Coahuila;3.5;2.65;$66.80;;;;;;
24/9/2025;Pollo tipo rosticero;Bachoco;Guanajuato;2.7;1.8;$68.00;;;;;;
25/9/2025;Gallina;Sin marca;Veracruz;3.6;3.3;$55.00;;;;;;
25/9/2025;Pollo entero;Bachoco;Guanajuato;3.5;2.65;$67.00;;;;;;
25/9/2025;Pollo entero;Otros;Veracruz;3.5;2.65;$66.40;;;;;;
25/9/2025;Pollo entero;Pilgrim's;Quer?taro;3.5;2.65;$66.60;;;;;;
25/9/2025;Pollo entero;Tyson;Coahuila;3.5;2.65;$66.80;;;;;;
25/9/2025;Pollo tipo rosticero;Bachoco;Guanajuato;2.7;1.8;$68.00;;;;;;
26/9/2025;Gallina;Sin marca;Veracruz;3.5;2.65;$55.00;;;;;;
26/9/2025;Pollo entero;Bachoco;Guanajuato;3.5;2.65;$67.00;;;;;;
26/9/2025;Pollo entero;Otros;Veracruz;3.5;2.65;$66.40;;;;;;
26/9/2025;Pollo entero;Pilgrim's;Quer?taro;3.5;2.65;$66.60;;;;;;
26/9/2025;Pollo entero;Tyson;Coahuila;3.5;2.65;$66.70;;;;;;
26/9/2025;Pollo tipo rosticero;Bachoco;Guanajuato;2.7;1.8;$68.00;;;;;;
29/9/2025;Gallina;Sin marca;Coahuila;3.6;3.3;$53.00;;;;;;
29/9/2025;Pollo entero;Bachoco;Guanajuato;3.5;2.65;$65.00;;;;;;
29/9/2025;Pollo entero;Otros;Veracruz;3.5;2.65;$64.40;;;;;;
29/9/2025;Pollo entero;Pilgrim's;Quer?taro;3.5;2.65;$64.60;;;;;;
29/9/2025;Pollo entero;Tyson;Coahuila;3.5;2.65;$64.80;;;;;;
29/9/2025;Pollo tipo rosticero;Bachoco;Guanajuato;2.7;1.8;$66.00;;;;;;
30/9/2025;Gallina;Sin marca;Sinaloa;3.6;3.3;$53.00;;;;;;
30/9/2025;Pollo entero;Bachoco;Guanajuato;3.5;2.65;$65.00;;;;;;
30/9/2025;Pollo entero;Otros;Veracruz;3.5;2.65;$64.50;;;;;;
30/9/2025;Pollo entero;Pilgrim's;Quer?taro;3.5;2.65;$64.70;;;;;;
30/9/2025;Pollo entero;Tyson;Coahuila;3.5;2.65;$64.90;;;;;;
30/9/2025;Pollo tipo rosticero;Bachoco;Guanajuato;2.7;1.8;$66.00;;;;;;
D.F. : Centro de distribuci?n Nuevo San Juan;;;;;;;;;;;;
1/9/2025;Gallina;Sin marca;Veracruz;3.6;3.3;$60.00;;;;;;
1/9/2025;Pollo entero;Bachoco;Guanajuato;3.5;2.65;$64.90;;;;;;
1/9/2025;Pollo entero;Otros;Veracruz;3.5;2.65;$64.30;;;;;;
1/9/2025;Pollo entero;Pilgrim's;Quer?taro;3.5;2.65;$64.50;;;;;;
1/9/2025;Pollo entero;Tyson;Coahuila;3.5;2.65;$64.70;;;;;;
1/9/2025;Pollo tipo rosticero;Bachoco;Guanajuato;2.7;1.8;$67.00;;;;;;
2/9/2025;Gallina;Sin marca;Oaxaca;3.6;3.3;$60.00;;;;;;
2/9/2025;Pollo entero;Bachoco;Guanajuato;3.5;2.65;$64.90;;;;;;
2/9/2025;Pollo entero;Otros;Veracruz;3.5;2.65;$64.30;;;;;;
2/9/2025;Pollo entero;Pilgrim's;Quer?taro;3.5;2.65;$64.50;;;;;;
2/9/2025;Pollo entero;Tyson;Coahuila;3.5;2.65;$64.70;;;;;;
2/9/2025;Pollo tipo rosticero;Bachoco;Guanajuato;2.7;1.8;$67.00;;;;;;
3/9/2025;Gallina;Sin marca;Chiapas;3.6;3.3;$60.00;;;;;;
3/9/2025;Pollo entero;Bachoco;Guanajuato;3.5;2.65;$64.90;;;;;;
3/9/2025;Pollo entero;Otros;Veracruz;3.5;2.65;$64.30;;;;;;
3/9/2025;Pollo entero;Pilgrim's;Quer?taro;3.5;2.65;$64.50;;;;;;
3/9/2025;Pollo entero;Tyson;Coahuila;3.5;2.65;$64.70;;;;;;
3/9/2025;Pollo tipo rosticero;Bachoco;Guanajuato;2.7;1.8;$67.00;;;;;;
4/9/2025;Gallina;Sin marca;Zacatecas;3.6;3.3;$60.00;;;;;;
4/9/2025;Pollo entero;Bachoco;Guanajuato;3.5;2.65;$64.90;;;;;;
4/9/2025;Pollo entero;Otros;Veracruz;3.5;2.65;$64.30;;;;;;
4/9/2025;Pollo entero;Pilgrim's;Quer?taro;3.5;2.65;$64.50;;;;;;
4/9/2025;Pollo entero;Tyson;Coahuila;3.5;2.65;$64.70;;;;;;
4/9/2025;Pollo tipo rosticero;Bachoco;Guanajuato;2.7;1.8;$67.00;;;;;;
5/9/2025;Gallina;Sin marca;Durango;3.6;3.3;$58.00;;;;;;
5/9/2025;Gallina;Sin marca;Hidalgo;3.6;3.3;$58.00;;;;;;
5/9/2025;Pollo entero;Bachoco;Guanajuato;3.5;2.65;$65.90;;;;;;
5/9/2025;Pollo entero;Otros;Veracruz;3.5;2.65;$65.30;;;;;;
5/9/2025;Pollo entero;Pilgrim's;Quer?taro;3.5;2.65;$65.50;;;;;;
5/9/2025;Pollo entero;Tyson;Coahuila;3.5;2.65;$65.70;;;;;;
5/9/2025;Pollo tipo rosticero;Bachoco;Guanajuato;2.7;1.8;$68.00;;;;;;
8/9/2025;Gallina;Sin marca;Tamaulipas;3.6;3.3;$58.00;;;;;;
8/9/2025;Pollo entero;Bachoco;Guanajuato;3.5;2.65;$65.90;;;;;;
8/9/2025;Pollo entero;Otros;Veracruz;3.5;2.65;$65.30;;;;;;
8/9/2025;Pollo entero;Pilgrim's;Quer?taro;3.5;2.65;$65.50;;;;;;
8/9/2025;Pollo entero;Tyson;Coahuila;3.5;2.65;$65.70;;;;;;
8/9/2025;Pollo tipo rosticero;Bachoco;Guanajuato;2.7;1.8;$68.00;;;;;;
9/9/2025;Gallina;Sin marca;Chiapas;3.6;3.3;$57.00;;;;;;
9/9/2025;Pollo entero;Bachoco;Guanajuato;3.5;2.65;$66.90;;;;;;
9/9/2025;Pollo entero;Otros;Veracruz;3.5;2.65;$66.30;;;;;;
9/9/2025;Pollo entero;Pilgrim's;Quer?taro;3.5;2.65;$66.50;;;;;;
9/9/2025;Pollo entero;Tyson;Coahuila;3.5;2.65;$66.70;;;;;;
9/9/2025;Pollo tipo rosticero;Bachoco;Guanajuato;2.7;1.8;$69.00;;;;;;
10/9/2025;Gallina;Sin marca;Oaxaca;3.6;3.3;$57.00;;;;;;
10/9/2025;Pollo entero;Bachoco;Guanajuato;3.5;2.65;$66.90;;;;;;
10/9/2025;Pollo entero;Otros;Veracruz;3.5;2.65;$66.30;;;;;;
10/9/2025;Pollo entero;Pilgrim's;Quer?taro;3.5;2.65;$66.50;;;;;;
10/9/2025;Pollo entero;Tyson;Coahuila;3.5;2.65;$66.70;;;;;;
10/9/2025;Pollo tipo rosticero;Bachoco;Guanajuato;2.7;1.8;$69.00;;;;;;
11/9/2025;Gallina;Sin marca;San Luis Potos?;3.6;3.3;$57.00;;;;;;
11/9/2025;Pollo entero;Bachoco;Guanajuato;3.5;2.65;$67.90;;;;;;
11/9/2025;Pollo entero;Otros;Veracruz;3.5;2.65;$67.30;;;;;;
11/9/2025;Pollo entero;Pilgrim's;Quer?taro;3.5;2.65;$67.50;;;;;;
11/9/2025;Pollo entero;Tyson;Coahuila;3.5;2.65;$67.70;;;;;;
11/9/2025;Pollo tipo rosticero;Bachoco;Guanajuato;2.7;1.8;$70.00;;;;;;
12/9/2025;Gallina;Sin marca;Tamaulipas;3.6;3.3;$56.00;;;;;;
12/9/2025;Pollo entero;Bachoco;Guanajuato;3.5;2.65;$68.90;;;;;;
12/9/2025;Pollo entero;Otros;Veracruz;3.5;2.65;$68.30;;;;;;
12/9/2025;Pollo entero;Pilgrim's;Quer?taro;3.5;2.65;$68.50;;;;;;
12/9/2025;Pollo entero;Tyson;Coahuila;3.5;2.65;$68.70;;;;;;
12/9/2025;Pollo tipo rosticero;Bachoco;Guanajuato;2.7;1.8;$70.00;;;;;;
15/9/2025;Gallina;Sin marca;Veracruz;3.6;3.3;$56.00;;;;;;
15/9/2025;Pollo entero;Bachoco;Guanajuato;3.5;2.65;$69.90;;;;;;
15/9/2025;Pollo entero;Otros;Veracruz;3.5;2.65;$69.30;;;;;;
15/9/2025;Pollo entero;Pilgrim's;Quer?taro;3.5;2.65;$69.50;;;;;;
15/9/2025;Pollo entero;Tyson;Coahuila;3.5;2.65;$69.70;;;;;;
15/9/2025;Pollo tipo rosticero;Bachoco;Guanajuato;2.7;1.8;$71.00;;;;;;
17/9/2025;Gallina;Sin marca;Chiapas;3.6;3.3;$56.00;;;;;;
17/9/2025;Pollo entero;Bachoco;Guanajuato;3.5;2.65;$67.90;;;;;;
17/9/2025;Pollo entero;Otros;Veracruz;3.5;2.65;$67.30;;;;;;
17/9/2025;Pollo entero;Pilgrim's;Quer?taro;3.5;2.65;$67.50;;;;;;
17/9/2025;Pollo entero;Tyson;Coahuila;3.5;2.65;$67.70;;;;;;
17/9/2025;Pollo tipo rosticero;Bachoco;Guanajuato;2.7;1.8;$70.00;;;;;;
18/9/2025;Gallina;Sin marca;Oaxaca;3.5;2.65;$56.00;;;;;;
18/9/2025;Pollo entero;Bachoco;Guanajuato;3.5;2.65;$67.90;;;;;;
18/9/2025;Pollo entero;Otros;Veracruz;3.5;2.65;$67.30;;;;;;
18/9/2025;Pollo entero;Pilgrim's;Quer?taro;3.5;2.65;$67.50;;;;;;
18/9/2025;Pollo entero;Tyson;Coahuila;3.5;2.65;$67.70;;;;;;
18/9/2025;Pollo tipo rosticero;Bachoco;Guanajuato;2.7;1.8;$70.00;;;;;;
19/9/2025;Gallina;Sin marca;Oaxaca;3.6;3.3;$56.00;;;;;;
19/9/2025;Pollo entero;Bachoco;Guanajuato;3.5;2.65;$67.90;;;;;;
19/9/2025;Pollo entero;Otros;Veracruz;3.5;2.65;$67.30;;;;;;
19/9/2025;Pollo entero;Pilgrim's;Quer?taro;3.5;2.65;$67.50;;;;;;
19/9/2025;Pollo entero;Tyson;Coahuila;3.5;2.65;$67.70;;;;;;
19/9/2025;Pollo tipo rosticero;Bachoco;Guanajuato;2.7;1.8;$70.00;;;;;;
22/9/2025;Gallina;Sin marca;Veracruz;3.6;3.3;$55.00;;;;;;
22/9/2025;Pollo entero;Bachoco;Guanajuato;3.5;2.65;$66.90;;;;;;
22/9/2025;Pollo entero;Otros;Veracruz;3.5;2.65;$66.30;;;;;;
22/9/2025;Pollo entero;Pilgrim's;Quer?taro;3.5;2.65;$66.50;;;;;;
22/9/2025;Pollo entero;Tyson;Coahuila;3.5;2.65;$66.70;;;;;;
22/9/2025;Pollo tipo rosticero;Bachoco;Guanajuato;2.7;1.8;$68.00;;;;;;
23/9/2025;Gallina;Sin marca;Oaxaca;3.6;3.3;$55.00;;;;;;
23/9/2025;Pollo entero;Bachoco;Guanajuato;3.5;2.65;$66.90;;;;;;
23/9/2025;Pollo entero;Otros;Veracruz;3.5;2.65;$66.30;;;;;;
23/9/2025;Pollo entero;Pilgrim's;Quer?taro;3.5;2.65;$66.50;;;;;;
23/9/2025;Pollo entero;Tyson;Coahuila;3.5;2.65;$66.70;;;;;;
23/9/2025;Pollo tipo rosticero;Bachoco;Guanajuato;2.7;1.8;$68.00;;;;;;
24/9/2025;Gallina;Sin marca;Oaxaca;3.6;3.3;$55.00;;;;;;
24/9/2025;Pollo entero;Bachoco;Guanajuato;3.5;2.65;$66.90;;;;;;
24/9/2025;Pollo entero;Otros;Veracruz;3.5;2.65;$66.30;;;;;;
24/9/2025;Pollo entero;Pilgrim's;Quer?taro;3.5;2.65;$66.50;;;;;;
24/9/2025;Pollo entero;Tyson;Coahuila;3.5;2.65;$66.70;;;;;;
24/9/2025;Pollo tipo rosticero;Bachoco;Guanajuato;2.7;1.8;$68.00;;;;;;
25/9/2025;Gallina;Sin marca;Quer?taro;3.6;3.3;$55.00;;;;;;
25/9/2025;Pollo entero;Bachoco;Guanajuato;3.5;2.65;$66.90;;;;;;
25/9/2025;Pollo entero;Otros;Veracruz;3.5;2.65;$66.30;;;;;;
25/9/2025;Pollo entero;Pilgrim's;Quer?taro;3.5;2.65;$66.50;;;;;;
25/9/2025;Pollo entero;Tyson;Coahuila;3.5;2.65;$66.70;;;;;;
25/9/2025;Pollo tipo rosticero;Bachoco;Guanajuato;2.7;1.8;$68.00;;;;;;
26/9/2025;Gallina;Sin marca;Morelos;3.6;3.3;$55.00;;;;;;
26/9/2025;Pollo entero;Bachoco;Guanajuato;3.5;2.65;$66.70;;;;;;
26/9/2025;Pollo entero;Otros;Veracruz;3.5;2.65;$66.20;;;;;;
26/9/2025;Pollo entero;Pilgrim's;Quer?taro;3.5;2.65;$66.30;;;;;;
26/9/2025;Pollo entero;Tyson;Coahuila;3.5;2.65;$66.50;;;;;;
26/9/2025;Pollo tipo rosticero;Bachoco;Guanajuato;2.7;1.8;$68.00;;;;;;
29/9/2025;Gallina;Sin marca;Veracruz;3.6;3.3;$53.00;;;;;;
29/9/2025;Pollo entero;Bachoco;Guanajuato;3.5;2.65;$64.90;;;;;;
29/9/2025;Pollo entero;Otros;Veracruz;3.5;2.65;$64.30;;;;;;
29/9/2025;Pollo entero;Pilgrim's;Quer?taro;3.5;2.65;$64.50;;;;;;
29/9/2025;Pollo entero;Tyson;Coahuila;3.5;2.65;$64.70;;;;;;
29/9/2025;Pollo tipo rosticero;Bachoco;Guanajuato;2.7;1.8;$66.00;;;;;;
30/9/2025;Gallina;Sin marca;Oaxaca;3.6;3.3;$53.00;;;;;;
30/9/2025;Pollo entero;Bachoco;Guanajuato;3.5;2.65;$64.90;;;;;;
30/9/2025;Pollo entero;Otros;Veracruz;3.5;2.65;$64.30;;;;;;
30/9/2025;Pollo entero;Pilgrim's;Quer?taro;3.5;2.65;$64.50;;;;;;
30/9/2025;Pollo entero;Tyson;Coahuila;3.5;2.65;$64.70;;;;;;
30/9/2025;Pollo tipo rosticero;Bachoco;Guanajuato;2.7;1.8;$66.00;;;;;;
D.F. : Centro de distribuci?n Ray?n;;;;;;;;;;;;
1/9/2025;Gallina;Sin marca;Guanajuato;3.6;3.3;$60.00;;;;;;
1/9/2025;Pollo entero;Bachoco;Guanajuato;3.5;2.65;$64.70;;;;;;
1/9/2025;Pollo entero;Otros;Veracruz;3.5;2.65;$64.30;;;;;;
1/9/2025;Pollo entero;Pilgrim's;Quer?taro;3.5;2.65;$64.50;;;;;;
1/9/2025;Pollo tipo rosticero;Bachoco;Guanajuato;2.7;1.8;$67.00;;;;;;
2/9/2025;Gallina;Sin marca;Puebla;3.6;3.3;$60.00;;;;;;
2/9/2025;Pollo entero;Bachoco;Guanajuato;3.5;2.65;$64.70;;;;;;
2/9/2025;Pollo entero;Otros;Veracruz;3.5;2.65;$64.30;;;;;;
2/9/2025;Pollo entero;Pilgrim's;Quer?taro;3.5;2.65;$64.50;;;;;;
2/9/2025;Pollo tipo rosticero;Bachoco;Guanajuato;2.7;1.8;$67.00;;;;;;
3/9/2025;Gallina;Sin marca;Quer?taro;3.6;3.3;$60.00;;;;;;
3/9/2025;Pollo entero;Bachoco;Guanajuato;3.5;2.65;$64.70;;;;;;
3/9/2025;Pollo entero;Otros;Veracruz;3.5;2.65;$64.30;;;;;;
3/9/2025;Pollo entero;Pilgrim's;Quer?taro;3.5;2.65;$64.50;;;;;;
3/9/2025;Pollo tipo rosticero;Bachoco;Guanajuato;2.7;1.8;$67.00;;;;;;
4/9/2025;Gallina;Sin marca;Michoac?n;3.6;3.3;$60.00;;;;;;
4/9/2025;Pollo entero;Bachoco;Guanajuato;3.5;2.65;$64.70;;;;;;
4/9/2025;Pollo entero;Otros;Veracruz;3.5;2.65;$64.30;;;;;;
4/9/2025;Pollo entero;Pilgrim's;Quer?taro;3.5;2.65;$64.50;;;;;;
4/9/2025;Pollo tipo rosticero;Bachoco;Guanajuato;2.7;1.8;$67.00;;;;;;
5/9/2025;Gallina;Sin marca;Morelos;3.6;3.3;$58.00;;;;;;
5/9/2025;Pollo entero;Bachoco;Guanajuato;3.5;2.65;$65.70;;;;;;
5/9/2025;Pollo entero;Otros;Veracruz;3.5;2.65;$65.30;;;;;;
5/9/2025;Pollo entero;Pilgrim's;Quer?taro;3.5;2.65;$65.50;;;;;;
5/9/2025;Pollo tipo rosticero;Bachoco;Guanajuato;2.7;1.8;$68.00;;;;;;
8/9/2025;Gallina;Sin marca;Guanajuato;3.5;2.65;$58.00;;;;;;
8/9/2025;Pollo entero;Bachoco;Guanajuato;3.5;2.65;$65.70;;;;;;
8/9/2025;Pollo entero;Otros;Veracruz;3.5;2.65;$65.30;;;;;;
8/9/2025;Pollo entero;Pilgrim's;Quer?taro;3.5;2.65;$65.50;;;;;;
8/9/2025;Pollo tipo rosticero;Bachoco;Guanajuato;2.7;1.8;$68.00;;;;;;
9/9/2025;Gallina;Sin marca;Hidalgo;3.6;3.3;$57.00;;;;;;
9/9/2025;Pollo entero;Bachoco;Guanajuato;3.5;2.65;$66.70;;;;;;
9/9/2025;Pollo entero;Otros;Veracruz;3.5;2.65;$66.30;;;;;;
9/9/2025;Pollo entero;Pilgrim's;Quer?taro;3.5;2.65;$66.50;;;;;;
9/9/2025;Pollo tipo rosticero;Bachoco;Guanajuato;2.7;1.8;$69.00;;;;;;
10/9/2025;Gallina;Sin marca;Puebla;3.6;3.3;$57.00;;;;;;
10/9/2025;Pollo entero;Bachoco;Guanajuato;3.5;2.65;$66.70;;;;;;
10/9/2025;Pollo entero;Otros;Veracruz;3.5;2.65;$66.30;;;;;;
10/9/2025;Pollo entero;Pilgrim's;Quer?taro;3.5;2.65;$66.50;;;;;;
10/9/2025;Pollo tipo rosticero;Bachoco;Guanajuato;2.7;1.8;$69.00;;;;;;
11/9/2025;Gallina;Sin marca;Michoac?n;3.6;3.3;$56.00;;;;;;
11/9/2025;Pollo entero;Bachoco;Guanajuato;3.5;2.65;$67.70;;;;;;
11/9/2025;Pollo entero;Otros;Veracruz;3.5;2.65;$67.30;;;;;;
11/9/2025;Pollo entero;Pilgrim's;Quer?taro;3.5;2.65;$67.50;;;;;;
11/9/2025;Pollo tipo rosticero;Bachoco;Guanajuato;2.7;1.8;$70.00;;;;;;
12/9/2025;Gallina;Sin marca;Morelos;3.6;3.3;$56.00;;;;;;
12/9/2025;Pollo entero;Bachoco;Guanajuato;3.5;2.65;$68.70;;;;;;
12/9/2025;Pollo entero;Otros;Veracruz;3.5;2.65;$68.30;;;;;;
12/9/2025;Pollo entero;Pilgrim's;Quer?taro;3.5;2.65;$68.50;;;;;;
12/9/2025;Pollo tipo rosticero;Bachoco;Guanajuato;2.7;1.8;$70.00;;;;;;
15/9/2025;Gallina;Sin marca;Guerrero;3.6;3.3;$56.00;;;;;;
15/9/2025;Pollo entero;Bachoco;Guanajuato;3.5;2.65;$69.70;;;;;;
15/9/2025;Pollo entero;Otros;Veracruz;3.5;2.65;$69.30;;;;;;
15/9/2025;Pollo entero;Pilgrim's;Quer?taro;3.5;2.65;$69.50;;;;;;
15/9/2025;Pollo tipo rosticero;Bachoco;Guanajuato;2.7;1.8;$71.00;;;;;;
17/9/2025;Gallina;Sin marca;Tlaxcala;3.6;3.3;$56.00;;;;;;
17/9/2025;Pollo entero;Bachoco;Guanajuato;3.5;2.65;$67.70;;;;;;
17/9/2025;Pollo entero;Otros;Veracruz;3.5;2.65;$67.30;;;;;;
17/9/2025;Pollo entero;Pilgrim's;Quer?taro;3.5;2.65;$67.50;;;;;;
17/9/2025;Pollo tipo rosticero;Bachoco;Guanajuato;2.7;1.8;$70.00;;;;;;
18/9/2025;Gallina;Sin marca;Edo. de M?xico;3.6;3.3;$56.00;;;;;;
18/9/2025;Pollo entero;Bachoco;Guanajuato;3.5;2.65;$67.70;;;;;;
18/9/2025;Pollo entero;Otros;Veracruz;3.5;2.65;$67.30;;;;;;
18/9/2025;Pollo entero;Pilgrim's;Quer?taro;3.5;2.65;$67.50;;;;;;
18/9/2025;Pollo tipo rosticero;Bachoco;Guanajuato;2.7;1.8;$70.00;;;;;;
19/9/2025;Gallina;Sin marca;Guerrero;3.6;3.3;$56.00;;;;;;
19/9/2025;Pollo entero;Bachoco;Guanajuato;3.5;2.65;$67.70;;;;;;
19/9/2025;Pollo entero;Otros;Veracruz;3.5;2.65;$67.30;;;;;;
19/9/2025;Pollo entero;Pilgrim's;Quer?taro;3.5;2.65;$67.50;;;;;;
19/9/2025;Pollo tipo rosticero;Bachoco;Guanajuato;2.7;1.8;$70.00;;;;;;
22/9/2025;Gallina;Sin marca;Guanajuato;3.6;3.3;$55.00;;;;;;
22/9/2025;Pollo entero;Bachoco;Guanajuato;3.5;2.65;$66.20;;;;;;
22/9/2025;Pollo entero;Otros;Veracruz;3.5;2.65;$66.30;;;;;;
22/9/2025;Pollo entero;Pilgrim's;Quer?taro;3.5;2.65;$66.50;;;;;;
22/9/2025;Pollo tipo rosticero;Bachoco;Guanajuato;2.7;1.8;$68.00;;;;;;
23/9/2025;Gallina;Sin marca;Tlaxcala;3.6;3.3;$55.00;;;;;;
23/9/2025;Pollo entero;Bachoco;Guanajuato;3.5;2.65;$66.20;;;;;;
23/9/2025;Pollo entero;Otros;Veracruz;3.5;2.65;$66.30;;;;;;
23/9/2025;Pollo entero;Pilgrim's;Quer?taro;3.5;2.65;$66.50;;;;;;
23/9/2025;Pollo tipo rosticero;Bachoco;Guanajuato;2.7;1.8;$68.00;;;;;;
24/9/2025;Gallina;Sin marca;Edo. de M?xico;3.6;3.3;$55.00;;;;;;
24/9/2025;Pollo entero;Bachoco;Guanajuato;3.5;2.65;$66.40;;;;;;
24/9/2025;Pollo entero;Otros;Veracruz;3.5;2.65;$66.60;;;;;;
24/9/2025;Pollo entero;Pilgrim's;Quer?taro;3.5;2.65;$66.80;;;;;;
24/9/2025;Pollo tipo rosticero;Bachoco;Guanajuato;2.7;1.8;$68.00;;;;;;
25/9/2025;Gallina;Sin marca;Guerrero;3.6;3.3;$55.00;;;;;;
25/9/2025;Pollo entero;Bachoco;Guanajuato;3.5;2.65;$66.40;;;;;;
25/9/2025;Pollo entero;Otros;Veracruz;3.5;2.65;$66.60;;;;;;
25/9/2025;Pollo entero;Pilgrim's;Quer?taro;3.5;2.65;$66.80;;;;;;
25/9/2025;Pollo tipo rosticero;Bachoco;Guanajuato;2.7;1.8;$68.00;;;;;;
26/9/2025;Gallina;Sin marca;Tlaxcala;3.6;3.3;$55.00;;;;;;
26/9/2025;Pollo entero;Bachoco;Guanajuato;3.5;2.65;$66.60;;;;;;
26/9/2025;Pollo entero;Otros;Veracruz;3.5;2.65;$66.60;;;;;;
26/9/2025;Pollo entero;Pilgrim's;Quer?taro;3.5;2.65;$66.80;;;;;;
26/9/2025;Pollo tipo rosticero;Bachoco;Guanajuato;2.7;1.8;$68.00;;;;;;
29/9/2025;Gallina;Sin marca;Guanajuato;3.6;3.3;$53.00;;;;;;
29/9/2025;Pollo entero;Bachoco;Guanajuato;3.5;2.65;$64.70;;;;;;
29/9/2025;Pollo entero;Otros;Veracruz;3.5;2.65;$64.30;;;;;;
29/9/2025;Pollo entero;Pilgrim's;Quer?taro;3.5;2.65;$64.50;;;;;;
29/9/2025;Pollo tipo rosticero;Bachoco;Guanajuato;2.7;1.8;$66.00;;;;;;
30/9/2025;Gallina;Sin marca;Tlaxcala;3.6;3.3;$53.00;;;;;;
30/9/2025;Pollo entero;Bachoco;Guanajuato;3.5;2.65;$64.70;;;;;;
30/9/2025;Pollo entero;Otros;Veracruz;3.5;2.65;$64.30;;;;;;
30/9/2025;Pollo entero;Pilgrim's;Quer?taro;3.5;2.65;$64.50;;;;;;
30/9/2025;Pollo tipo rosticero;Bachoco;Guanajuato;2.7;1.8;$66.00;;;;;;
D.F. : Centro de distribuci?n San Juan;;;;;;;;;;;;
1/9/2025;Gallina;Sin marca;Quer?taro;3.6;3.3;$60.00;;;;;;
1/9/2025;Pollo entero;Bachoco;Guanajuato;3.5;2.65;$64.50;;;;;;
1/9/2025;Pollo entero;Otros;Veracruz;3.5;2.65;$64.00;;;;;;
1/9/2025;Pollo entero;Pilgrim's;Quer?taro;3.5;2.65;$64.30;;;;;;
1/9/2025;Pollo tipo rosticero;Bachoco;Guanajuato;2.7;1.8;$67.00;;;;;;
2/9/2025;Gallina;Sin marca;Hidalgo;3.6;3.3;$60.00;;;;;;
2/9/2025;Pollo entero;Bachoco;Guanajuato;3.5;2.65;$64.50;;;;;;
2/9/2025;Pollo entero;Otros;Veracruz;3.5;2.65;$64.00;;;;;;
2/9/2025;Pollo entero;Pilgrim's;Quer?taro;3.5;2.65;$64.30;;;;;;
2/9/2025;Pollo tipo rosticero;Bachoco;Guanajuato;2.7;1.8;$67.00;;;;;;
3/9/2025;Gallina;Sin marca;Edo. de M?xico;3.6;3.3;$60.00;;;;;;
3/9/2025;Pollo entero;Bachoco;Guanajuato;3.5;2.65;$64.50;;;;;;
3/9/2025;Pollo entero;Otros;Veracruz;3.5;2.65;$64.00;;;;;;
3/9/2025;Pollo entero;Pilgrim's;Quer?taro;3.5;2.65;$64.30;;;;;;
3/9/2025;Pollo tipo rosticero;Bachoco;Guanajuato;2.7;1.8;$67.00;;;;;;
4/9/2025;Gallina;Sin marca;Puebla;3.6;3.3;$60.00;;;;;;
4/9/2025;Pollo entero;Bachoco;Guanajuato;3.5;2.65;$64.50;;;;;;
4/9/2025;Pollo entero;Otros;Veracruz;3.5;2.65;$64.00;;;;;;
4/9/2025;Pollo entero;Pilgrim's;Quer?taro;3.5;2.65;$64.30;;;;;;
4/9/2025;Pollo tipo rosticero;Bachoco;Guanajuato;2.7;1.8;$67.00;;;;;;
5/9/2025;Gallina;Sin marca;Guerrero;3.6;3.3;$58.00;;;;;;
5/9/2025;Pollo entero;Bachoco;Guanajuato;3.5;2.65;$65.50;;;;;;
5/9/2025;Pollo entero;Otros;Veracruz;3.5;2.65;$65.00;;;;;;
5/9/2025;Pollo entero;Pilgrim's;Quer?taro;3.5;2.65;$65.30;;;;;;
5/9/2025;Pollo tipo rosticero;Bachoco;Guanajuato;2.7;1.8;$68.00;;;;;;
8/9/2025;Gallina;Sin marca;Quer?taro;3.6;3.3;$58.00;;;;;;
8/9/2025;Pollo entero;Bachoco;Guanajuato;3.5;2.65;$65.50;;;;;;
8/9/2025;Pollo entero;Otros;Veracruz;3.5;2.65;$65.00;;;;;;
8/9/2025;Pollo entero;Pilgrim's;Quer?taro;3.5;2.65;$65.30;;;;;;
8/9/2025;Pollo tipo rosticero;Bachoco;Guanajuato;2.7;1.8;$68.00;;;;;;
9/9/2025;Gallina;Sin marca;Tlaxcala;3.6;3.3;$57.00;;;;;;
9/9/2025;Pollo entero;Bachoco;Guanajuato;3.5;2.65;$66.50;;;;;;
9/9/2025;Pollo entero;Otros;Veracruz;3.5;2.65;$66.00;;;;;;
9/9/2025;Pollo entero;Pilgrim's;Quer?taro;3.5;2.65;$66.30;;;;;;
9/9/2025;Pollo tipo rosticero;Bachoco;Guanajuato;2.7;1.8;$69.00;;;;;;
10/9/2025;Gallina;Sin marca;Edo. de M?xico;3.6;3.3;$57.00;;;;;;
10/9/2025;Pollo entero;Bachoco;Guanajuato;3.5;2.65;$66.50;;;;;;
10/9/2025;Pollo entero;Otros;Veracruz;3.5;2.65;$66.00;;;;;;
10/9/2025;Pollo entero;Pilgrim's;Quer?taro;3.5;2.65;$66.30;;;;;;
10/9/2025;Pollo tipo rosticero;Bachoco;Guanajuato;2.7;1.8;$69.00;;;;;;
11/9/2025;Gallina;Sin marca;Puebla;3.6;3.3;$56.00;;;;;;
11/9/2025;Pollo entero;Bachoco;Guanajuato;3.5;2.65;$67.50;;;;;;
11/9/2025;Pollo entero;Otros;Veracruz;3.5;2.65;$67.00;;;;;;
11/9/2025;Pollo entero;Pilgrim's;Quer?taro;3.5;2.65;$67.30;;;;;;
11/9/2025;Pollo tipo rosticero;Bachoco;Guanajuato;2.7;1.8;$70.00;;;;;;
12/9/2025;Gallina;Sin marca;Guerrero;3.6;3.3;$56.00;;;;;;
12/9/2025;Pollo entero;Bachoco;Guanajuato;3.5;2.65;$68.50;;;;;;
12/9/2025;Pollo entero;Otros;Veracruz;3.5;2.65;$68.00;;;;;;
12/9/2025;Pollo entero;Pilgrim's;Quer?taro;3.5;2.65;$68.30;;;;;;
12/9/2025;Pollo tipo rosticero;Bachoco;Guanajuato;2.7;1.8;$70.00;;;;;;
15/9/2025;Gallina;Sin marca;Guanajuato;3.6;3.3;$56.00;;;;;;
15/9/2025;Pollo entero;Bachoco;Guanajuato;3.5;2.65;$69.50;;;;;;
15/9/2025;Pollo entero;Otros;Veracruz;3.5;2.65;$69.00;;;;;;
15/9/2025;Pollo entero;Pilgrim's;Quer?taro;3.5;2.65;$69.30;;;;;;
15/9/2025;Pollo tipo rosticero;Bachoco;Guanajuato;2.7;1.8;$71.00;;;;;;
17/9/2025;Gallina;Sin marca;Puebla;3.6;3.3;$56.00;;;;;;
17/9/2025;Pollo entero;Bachoco;Guanajuato;3.5;2.65;$67.50;;;;;;
17/9/2025;Pollo entero;Otros;Veracruz;3.5;2.65;$67.00;;;;;;
17/9/2025;Pollo entero;Pilgrim's;Quer?taro;3.5;2.65;$67.30;;;;;;
17/9/2025;Pollo tipo rosticero;Bachoco;Guanajuato;2.7;1.8;$70.00;;;;;;
18/9/2025;Gallina;Sin marca;Hidalgo;3.6;3.3;$56.00;;;;;;
18/9/2025;Pollo entero;Bachoco;Guanajuato;3.5;2.65;$67.50;;;;;;
18/9/2025;Pollo entero;Otros;Veracruz;3.5;2.65;$67.00;;;;;;
18/9/2025;Pollo entero;Pilgrim's;Quer?taro;3.5;2.65;$67.30;;;;;;
18/9/2025;Pollo tipo rosticero;Bachoco;Guanajuato;2.7;1.8;$70.00;;;;;;
19/9/2025;Gallina;Sin marca;Morelos;3.6;3.3;$56.00;;;;;;
19/9/2025;Pollo entero;Bachoco;Guanajuato;3.5;2.65;$67.50;;;;;;
19/9/2025;Pollo entero;Otros;Veracruz;3.5;2.65;$67.00;;;;;;
19/9/2025;Pollo entero;Pilgrim's;Quer?taro;3.5;2.65;$67.30;;;;;;
19/9/2025;Pollo tipo rosticero;Bachoco;Guanajuato;2.7;1.8;$70.00;;;;;;
22/9/2025;Gallina;Sin marca;Quer?taro;3.6;3.3;$55.00;;;;;;
22/9/2025;Pollo entero;Bachoco;Guanajuato;3.5;2.65;$66.50;;;;;;
22/9/2025;Pollo entero;Otros;Veracruz;3.5;2.65;$66.00;;;;;;
22/9/2025;Pollo entero;Pilgrim's;Quer?taro;3.5;2.65;$66.30;;;;;;
22/9/2025;Pollo tipo rosticero;Bachoco;Guanajuato;2.7;1.8;$68.00;;;;;;
23/9/2025;Gallina;Sin marca;Quer?taro;3.6;3.3;$55.00;;;;;;
23/9/2025;Pollo entero;Bachoco;Guanajuato;3.5;2.65;$66.50;;;;;;
23/9/2025;Pollo entero;Otros;Veracruz;3.5;2.65;$66.00;;;;;;
23/9/2025;Pollo entero;Pilgrim's;Quer?taro;3.5;2.65;$66.30;;;;;;
23/9/2025;Pollo tipo rosticero;Bachoco;Guanajuato;2.7;1.8;$68.00;;;;;;
24/9/2025;Gallina;Sin marca;Hidalgo;3.6;3.3;$55.00;;;;;;
24/9/2025;Pollo entero;Bachoco;Guanajuato;3.5;2.65;$66.50;;;;;;
24/9/2025;Pollo entero;Otros;Veracruz;3.5;2.65;$66.00;;;;;;
24/9/2025;Pollo entero;Pilgrim's;Quer?taro;3.5;2.65;$66.20;;;;;;
24/9/2025;Pollo tipo rosticero;Bachoco;Guanajuato;2.7;1.8;$68.00;;;;;;
25/9/2025;Gallina;Sin marca;Quer?taro;3.6;3.3;$55.00;;;;;;
25/9/2025;Pollo entero;Bachoco;Guanajuato;3.5;2.65;$66.50;;;;;;
25/9/2025;Pollo entero;Otros;Veracruz;3.5;2.65;$66.00;;;;;;
25/9/2025;Pollo entero;Pilgrim's;Quer?taro;3.5;2.65;$66.20;;;;;;
25/9/2025;Pollo tipo rosticero;Bachoco;Guanajuato;2.7;1.8;$68.00;;;;;;
26/9/2025;Gallina;Sin marca;Hidalgo;3.6;3.3;$55.00;;;;;;
26/9/2025;Pollo entero;Bachoco;Guanajuato;3.5;2.65;$66.50;;;;;;
26/9/2025;Pollo entero;Otros;Veracruz;3.5;2.65;$66.20;;;;;;
26/9/2025;Pollo entero;Pilgrim's;Quer?taro;3.5;2.65;$66.30;;;;;;
26/9/2025;Pollo tipo rosticero;Bachoco;Guanajuato;2.7;1.8;$68.00;;;;;;
29/9/2025;Gallina;Sin marca;Quer?taro;3.6;3.3;$53.00;;;;;;
29/9/2025;Pollo entero;Bachoco;Guanajuato;3.5;2.65;$64.50;;;;;;
29/9/2025;Pollo entero;Otros;Veracruz;3.5;2.65;$64.00;;;;;;
29/9/2025;Pollo entero;Pilgrim's;Quer?taro;3.5;2.65;$64.30;;;;;;
29/9/2025;Pollo tipo rosticero;Bachoco;Guanajuato;2.7;1.8;$66.00;;;;;;
30/9/2025;Gallina;Sin marca;Morelos;3.6;3.3;$53.00;;;;;;
30/9/2025;Pollo entero;Bachoco;Guanajuato;3.5;2.65;$64.50;;;;;;
30/9/2025;Pollo entero;Otros;Veracruz;3.5;2.65;$64.00;;;;;;
30/9/2025;Pollo entero;Pilgrim's;Quer?taro;3.5;2.65;$64.30;;;;;;
30/9/2025;Pollo tipo rosticero;Bachoco;Guanajuato;2.7;1.8;$66.00;;;;;;
Nay: Centros de Distribuci?n de Nayarit;;;;;;;;;;;;
2/9/2025;Pollo entero;Bachoco;Nayarit;2.7;2.5;$58.00;;;;;;
3/9/2025;Pollo entero;Bachoco;Nayarit;2.7;2.5;$58.00;;;;;;
9/9/2025;Pollo entero;Bachoco;Nayarit;2.7;2.5;$58.00;;;;;;
10/9/2025;Pollo entero;Bachoco;Nayarit;2.7;2.5;$59.10;;;;;;
11/9/2025;Pollo entero;Bachoco;Nayarit;2.7;2.5;$59.00;;;;;;
12/9/2025;Pollo entero;Bachoco;Nayarit;2.7;2.5;$58.00;;;;;;
15/9/2025;Pollo entero;Bachoco;Nayarit;2.7;2.5;$59.00;;;;;;
17/9/2025;Pollo entero;Bachoco;Nayarit;2.7;2.5;$58.50;;;;;;
18/9/2025;Pollo entero;Bachoco;Nayarit;2.7;2.5;$59.00;;;;;;
19/9/2025;Pollo entero;Bachoco;Nayarit;2.7;2.5;$59.00;;;;;;
22/9/2025;Pollo entero;Bachoco;Nayarit;2.7;2.5;$59.00;;;;;;
23/9/2025;Pollo entero;Bachoco;Nayarit;2.7;2.5;$58.50;;;;;;
24/9/2025;Pollo entero;Bachoco;Nayarit;2.7;2.5;$59.00;;;;;;
25/9/2025;Pollo entero;Bachoco;Nayarit;2.7;2.5;$59.00;;;;;;
26/9/2025;Pollo entero;Bachoco;Nayarit;2.7;2.5;$59.00;;;;;;
29/9/2025;Pollo entero;Bachoco;Nayarit;2.7;2.5;$59.00;;;;;;
30/9/2025;Pollo entero;Bachoco;Nayarit;2.7;2.5;$59.00;;;;;;
Qro. : Centros de distribuci?n de Quer?taro;;;;;;;;;;;;
1/9/2025;Pollo entero;Pilgrim's;Quer?taro;2.7;2.5;$44.00;;;;;;
2/9/2025;Pollo entero;Pilgrim's;Quer?taro;2.7;2.5;$44.00;;;;;;
3/9/2025;Pollo entero;Pilgrim's;Quer?taro;2.7;2.5;$46.00;;;;;;
4/9/2025;Pollo entero;Pilgrim's;Quer?taro;2.7;2.5;$52.00;;;;;;
5/9/2025;Pollo entero;Pilgrim's;Quer?taro;2.7;2.5;$52.00;;;;;;
8/9/2025;Pollo entero;Pilgrim's;Quer?taro;2.7;2.5;$52.00;;;;;;
9/9/2025;Pollo entero;Pilgrim's;Quer?taro;2.7;2.5;$52.00;;;;;;
10/9/2025;Pollo entero;Pilgrim's;Quer?taro;2.7;2.5;$52.00;;;;;;
11/9/2025;Pollo entero;Pilgrim's;Quer?taro;2.7;2.5;$48.00;;;;;;
12/9/2025;Pollo entero;Pilgrim's;Quer?taro;2.7;2.5;$48.00;;;;;;
15/9/2025;Pollo entero;Pilgrim's;Quer?taro;2.7;2.5;$48.00;;;;;;
17/9/2025;Pollo entero;Pilgrim's;Quer?taro;2.7;2.5;$48.00;;;;;;
18/9/2025;Pollo entero;Pilgrim's;Quer?taro;2.7;2.5;$48.00;;;;;;
19/9/2025;Pollo entero;Pilgrim's;Quer?taro;2.7;2.5;$48.00;;;;;;
22/9/2025;Pollo entero;Pilgrim's;Quer?taro;2.7;2.5;$48.00;;;;;;
23/9/2025;Pollo entero;Pilgrim's;Quer?taro;2.7;2.5;$48.00;;;;;;
24/9/2025;Pollo entero;Pilgrim's;Quer?taro;2.7;2.5;$45.00;;;;;;
25/9/2025;Pollo entero;Pilgrim's;Quer?taro;2.7;2.5;$45.00;;;;;;
26/9/2025;Pollo entero;Pilgrim's;Quer?taro;2.7;2.5;$45.00;;;;;;
29/9/2025;Pollo entero;Pilgrim's;Quer?taro;2.7;2.5;$45.00;;;;;;
30/9/2025;Pollo entero;Pilgrim's;Quer?taro;2.7;2.5;$45.00;;;;;;
Zac: Mercado de Abasto de Zacatecas;;;;;;;;;;;;
1/9/2025;Pollo entero;Nutri Pollo;San Luis Potos?;2.1;1.9;$80.00;;;;;;
1/9/2025;Pollo entero;Pilgrim's;San Luis Potos?;2.1;1.9;$80.00;;;;;;
1/9/2025;Pollo tipo rosticero;Nutri Pollo;San Luis Potos?;1.4;1.2;$68.00;;;;;;
1/9/2025;Pollo tipo rosticero;Pilgrim's;San Luis Potos?;1.4;1.2;$68.00;;;;;;
2/9/2025;Pollo entero;Nutri Pollo;San Luis Potos?;2.1;1.9;$80.00;;;;;;
2/9/2025;Pollo entero;Pilgrim's;San Luis Potos?;2.1;1.9;$80.00;;;;;;
2/9/2025;Pollo tipo rosticero;Nutri Pollo;San Luis Potos?;1.4;1.2;$68.00;;;;;;
2/9/2025;Pollo tipo rosticero;Pilgrim's;San Luis Potos?;1.4;1.2;$68.00;;;;;;
3/9/2025;Pollo entero;Nutri Pollo;San Luis Potos?;2.1;1.9;$80.00;;;;;;
3/9/2025;Pollo entero;Pilgrim's;San Luis Potos?;2.1;1.9;$80.00;;;;;;
3/9/2025;Pollo tipo rosticero;Nutri Pollo;San Luis Potos?;1.4;1.2;$68.00;;;;;;
3/9/2025;Pollo tipo rosticero;Pilgrim's;San Luis Potos?;1.4;1.2;$68.00;;;;;;
4/9/2025;Pollo entero;Nutri Pollo;San Luis Potos?;2.1;1.9;$80.00;;;;;;
4/9/2025;Pollo entero;Pilgrim's;San Luis Potos?;2.1;1.9;$80.00;;;;;;
4/9/2025;Pollo tipo rosticero;Nutri Pollo;San Luis Potos?;1.4;1.2;$68.00;;;;;;
4/9/2025;Pollo tipo rosticero;Pilgrim's;San Luis Potos?;1.4;1.2;$68.00;;;;;;
5/9/2025;Pollo entero;Nutri Pollo;San Luis Potos?;2.1;1.9;$80.00;;;;;;
5/9/2025;Pollo entero;Pilgrim's;San Luis Potos?;2.1;1.9;$80.00;;;;;;
5/9/2025;Pollo tipo rosticero;Nutri Pollo;San Luis Potos?;1.4;1.2;$68.00;;;;;;
5/9/2025;Pollo tipo rosticero;Pilgrim's;San Luis Potos?;1.4;1.2;$68.00;;;;;;
8/9/2025;Pollo entero;Nutri Pollo;San Luis Potos?;2.1;1.9;$80.00;;;;;;
8/9/2025;Pollo entero;Pilgrim's;San Luis Potos?;2.1;1.9;$80.00;;;;;;
8/9/2025;Pollo tipo rosticero;Nutri Pollo;San Luis Potos?;1.4;1.2;$68.00;;;;;;
8/9/2025;Pollo tipo rosticero;Pilgrim's;San Luis Potos?;1.4;1.2;$68.00;;;;;;
9/9/2025;Pollo entero;Nutri Pollo;San Luis Potos?;2.1;1.9;$80.00;;;;;;
9/9/2025;Pollo entero;Pilgrim's;San Luis Potos?;2.1;1.9;$80.00;;;;;;
9/9/2025;Pollo tipo rosticero;Nutri Pollo;San Luis Potos?;1.4;1.2;$68.00;;;;;;
9/9/2025;Pollo tipo rosticero;Pilgrim's;San Luis Potos?;1.4;1.2;$68.00;;;;;;
10/9/2025;Pollo entero;Nutri Pollo;San Luis Potos?;2.1;1.9;$80.00;;;;;;
10/9/2025;Pollo entero;Pilgrim's;San Luis Potos?;2.1;1.9;$80.00;;;;;;
10/9/2025;Pollo tipo rosticero;Nutri Pollo;San Luis Potos?;1.4;1.2;$68.00;;;;;;
10/9/2025;Pollo tipo rosticero;Pilgrim's;San Luis Potos?;1.4;1.2;$68.00;;;;;;
11/9/2025;Pollo entero;Nutri Pollo;San Luis Potos?;2.1;1.9;$70.00;;;;;;
11/9/2025;Pollo entero;Pilgrim's;San Luis Potos?;2.1;1.9;$70.00;;;;;;
11/9/2025;Pollo tipo rosticero;Nutri Pollo;San Luis Potos?;1.4;1.2;$62.00;;;;;;
11/9/2025;Pollo tipo rosticero;Pilgrim's;San Luis Potos?;1.4;1.2;$62.00;;;;;;
12/9/2025;Pollo entero;Nutri Pollo;San Luis Potos?;2.1;1.9;$70.00;;;;;;
12/9/2025;Pollo entero;Pilgrim's;San Luis Potos?;2.1;1.9;$70.00;;;;;;
12/9/2025;Pollo tipo rosticero;Nutri Pollo;San Luis Potos?;1.4;1.2;$62.00;;;;;;
12/9/2025;Pollo tipo rosticero;Pilgrim's;San Luis Potos?;1.4;1.2;$62.00;;;;;;
15/9/2025;Pollo entero;Nutri Pollo;San Luis Potos?;2.1;1.9;$70.00;;;;;;
15/9/2025;Pollo entero;Pilgrim's;San Luis Potos?;2.1;1.9;$70.00;;;;;;
15/9/2025;Pollo tipo rosticero;Nutri Pollo;San Luis Potos?;1.4;1.2;$62.00;;;;;;
15/9/2025;Pollo tipo rosticero;Pilgrim's;San Luis Potos?;1.4;1.2;$62.00;;;;;;
17/9/2025;Pollo entero;Nutri Pollo;San Luis Potos?;2.1;1.9;$70.00;;;;;;
17/9/2025;Pollo entero;Pilgrim's;San Luis Potos?;2.1;1.9;$70.00;;;;;;
17/9/2025;Pollo tipo rosticero;Nutri Pollo;San Luis Potos?;1.4;1.2;$60.00;;;;;;
17/9/2025;Pollo tipo rosticero;Pilgrim's;San Luis Potos?;1.4;1.2;$60.00;;;;;;
18/9/2025;Pollo entero;Nutri Pollo;San Luis Potos?;2.1;1.9;$70.00;;;;;;
18/9/2025;Pollo entero;Pilgrim's;San Luis Potos?;2.1;1.9;$70.00;;;;;;
18/9/2025;Pollo tipo rosticero;Nutri Pollo;San Luis Potos?;1.4;1.2;$60.00;;;;;;
18/9/2025;Pollo tipo rosticero;Pilgrim's;San Luis Potos?;1.4;1.2;$60.00;;;;;;
19/9/2025;Pollo entero;Nutri Pollo;San Luis Potos?;2.1;1.9;$70.00;;;;;;
19/9/2025;Pollo entero;Pilgrim's;San Luis Potos?;2.1;1.9;$70.00;;;;;;
19/9/2025;Pollo tipo rosticero;Nutri Pollo;San Luis Potos?;1.4;1.2;$60.00;;;;;;
19/9/2025;Pollo tipo rosticero;Pilgrim's;San Luis Potos?;1.4;1.2;$60.00;;;;;;
22/9/2025;Pollo entero;Nutri Pollo;San Luis Potos?;2.1;1.9;$70.00;;;;;;
22/9/2025;Pollo entero;Pilgrim's;San Luis Potos?;2.1;1.9;$70.00;;;;;;
22/9/2025;Pollo tipo rosticero;Nutri Pollo;San Luis Potos?;1.4;1.2;$60.00;;;;;;
22/9/2025;Pollo tipo rosticero;Pilgrim's;San Luis Potos?;1.4;1.2;$60.00;;;;;;
23/9/2025;Pollo entero;Nutri Pollo;San Luis Potos?;2.1;1.9;$70.00;;;;;;
23/9/2025;Pollo entero;Pilgrim's;San Luis Potos?;2.1;1.9;$70.00;;;;;;
23/9/2025;Pollo tipo rosticero;Nutri Pollo;San Luis Potos?;1.4;1.2;$60.00;;;;;;
23/9/2025;Pollo tipo rosticero;Pilgrim's;San Luis Potos?;1.4;1.2;$60.00;;;;;;
24/9/2025;Pollo entero;Nutri Pollo;San Luis Potos?;2.1;1.9;$70.00;;;;;;
24/9/2025;Pollo entero;Pilgrim's;San Luis Potos?;2.1;1.9;$70.00;;;;;;
24/9/2025;Pollo tipo rosticero;Nutri Pollo;San Luis Potos?;1.4;1.2;$60.00;;;;;;
24/9/2025;Pollo tipo rosticero;Pilgrim's;San Luis Potos?;1.4;1.2;$60.00;;;;;;
25/9/2025;Pollo entero;Nutri Pollo;San Luis Potos?;2.1;1.9;$70.00;;;;;;
25/9/2025;Pollo entero;Pilgrim's;San Luis Potos?;2.1;1.9;$70.00;;;;;;
25/9/2025;Pollo tipo rosticero;Nutri Pollo;San Luis Potos?;1.4;1.2;$60.00;;;;;;
25/9/2025;Pollo tipo rosticero;Pilgrim's;San Luis Potos?;1.4;1.2;$60.00;;;;;;
26/9/2025;Pollo entero;Nutri Pollo;San Luis Potos?;2.1;1.9;$70.00;;;;;;
26/9/2025;Pollo entero;Pilgrim's;San Luis Potos?;2.1;1.9;$70.00;;;;;;
26/9/2025;Pollo tipo rosticero;Nutri Pollo;San Luis Potos?;1.4;1.2;$60.00;;;;;;
26/9/2025;Pollo tipo rosticero;Pilgrim's;San Luis Potos?;1.4;1.2;$60.00;;;;;;
29/9/2025;Pollo entero;Nutri Pollo;San Luis Potos?;2.1;1.9;$70.00;;;;;;
29/9/2025;Pollo entero;Pilgrim's;San Luis Potos?;2.1;1.9;$70.00;;;;;;
29/9/2025;Pollo tipo rosticero;Nutri Pollo;San Luis Potos?;1.4;1.2;$60.00;;;;;;
29/9/2025;Pollo tipo rosticero;Pilgrim's;San Luis Potos?;1.4;1.2;$60.00;;;;;;
30/9/2025;Pollo entero;Nutri Pollo;San Luis Potos?;2.1;1.9;$70.00;;;;;;
30/9/2025;Pollo entero;Pilgrim's;San Luis Potos?;2.1;1.9;$70.00;;;;;;
30/9/2025;Pollo tipo rosticero;Nutri Pollo;San Luis Potos?;1.4;1.2;$60.00;;;;;;
30/9/2025;Pollo tipo rosticero;Pilgrim's;San Luis Potos?;1.4;1.2;$60.00;;;;;;
;;;;;;;;;;;;
D.F. : Centro de distribuci?n Becerra;;;;;;;;;;;;
1/10/2025;Gallina;Sin marca;Guerrero;3.6;3.3;$53.00;;;;;;
1/10/2025;Pollo entero;Bachoco;Guanajuato;3.5;2.65;$65.00;;;;;;
1/10/2025;Pollo entero;Otros;Veracruz;3.5;2.65;$64.50;;;;;;
1/10/2025;Pollo entero;Pilgrim's;Quer?taro;3.5;2.65;$64.70;;;;;;
1/10/2025;Pollo entero;Tyson;Coahuila;3.5;2.65;$64.90;;;;;;
1/10/2025;Pollo tipo rosticero;Bachoco;Guanajuato;2.7;1.8;$66.00;;;;;;
2/10/2025;Gallina;Sin marca;Coahuila;3.6;3.3;$53.00;;;;;;
2/10/2025;Pollo entero;Bachoco;Guanajuato;3.5;2.65;$65.00;;;;;;
2/10/2025;Pollo entero;Otros;Veracruz;3.5;2.65;$64.50;;;;;;
2/10/2025;Pollo entero;Pilgrim's;Quer?taro;3.5;2.65;$64.70;;;;;;
2/10/2025;Pollo entero;Tyson;Coahuila;3.5;2.65;$64.90;;;;;;
2/10/2025;Pollo tipo rosticero;Bachoco;Guanajuato;2.7;1.8;$66.00;;;;;;
3/10/2025;Gallina;Sin marca;Tamaulipas;3.6;3.3;$53.00;;;;;;
3/10/2025;Pollo entero;Bachoco;Guanajuato;3.5;2.65;$65.00;;;;;;
3/10/2025;Pollo entero;Otros;Veracruz;3.5;2.65;$64.30;;;;;;
3/10/2025;Pollo entero;Pilgrim's;Quer?taro;3.5;2.65;$64.70;;;;;;
3/10/2025;Pollo entero;Tyson;Coahuila;3.5;2.65;$64.90;;;;;;
3/10/2025;Pollo tipo rosticero;Bachoco;Guanajuato;2.7;1.8;$66.00;;;;;;
6/10/2025;Gallina;Sin marca;Coahuila;3.6;3.3;$52.00;;;;;;
6/10/2025;Pollo entero;Bachoco;Guanajuato;3.5;2.65;$64.00;;;;;;
6/10/2025;Pollo entero;Otros;Veracruz;3.5;2.65;$63.40;;;;;;
6/10/2025;Pollo entero;Pilgrim's;Quer?taro;3.5;2.65;$63.60;;;;;;
6/10/2025;Pollo entero;Tyson;Coahuila;3.5;2.65;$63.80;;;;;;
6/10/2025;Pollo tipo rosticero;Bachoco;Guanajuato;2.7;1.8;$65.00;;;;;;
7/10/2025;Gallina;Sin marca;Veracruz;3.6;3.3;$51.00;;;;;;
7/10/2025;Pollo entero;Bachoco;Guanajuato;3.5;2.65;$64.00;;;;;;
7/10/2025;Pollo entero;Otros;Veracruz;3.5;2.65;$63.40;;;;;;
7/10/2025;Pollo entero;Pilgrim's;Quer?taro;3.5;2.65;$63.60;;;;;;
7/10/2025;Pollo entero;Tyson;Coahuila;3.5;2.65;$63.80;;;;;;
7/10/2025;Pollo tipo rosticero;Bachoco;Guanajuato;2.7;1.8;$65.00;;;;;;
8/10/2025;Gallina;Sin marca;Sinaloa;3.6;3.3;$51.00;;;;;;
8/10/2025;Pollo entero;Bachoco;Guanajuato;3.5;2.65;$64.00;;;;;;
8/10/2025;Pollo entero;Otros;Veracruz;3.5;2.65;$63.40;;;;;;
8/10/2025;Pollo entero;Pilgrim's;Quer?taro;3.5;2.65;$63.60;;;;;;
8/10/2025;Pollo entero;Tyson;Coahuila;3.5;2.65;$63.80;;;;;;
8/10/2025;Pollo tipo rosticero;Bachoco;Guanajuato;2.7;1.8;$65.00;;;;;;
9/10/2025;Gallina;Sin marca;Tabasco;3.6;3.3;$51.00;;;;;;
9/10/2025;Pollo entero;Bachoco;Guanajuato;3.5;2.65;$64.00;;;;;;
9/10/2025;Pollo entero;Otros;Veracruz;3.5;2.65;$63.40;;;;;;
9/10/2025;Pollo entero;Pilgrim's;Quer?taro;3.5;2.65;$63.60;;;;;;
9/10/2025;Pollo entero;Tyson;Coahuila;3.5;2.65;$63.80;;;;;;
9/10/2025;Pollo tipo rosticero;Bachoco;Guanajuato;2.7;1.8;$65.00;;;;;;
10/10/2025;Gallina;Sin marca;Sinaloa;3.6;3.3;$51.00;;;;;;
10/10/2025;Pollo entero;Bachoco;Guanajuato;3.5;2.65;$64.00;;;;;;
10/10/2025;Pollo entero;Otros;Sinaloa;3.5;2.65;$63.40;;;;;;
10/10/2025;Pollo entero;Otros;Veracruz;3.5;2.65;$63.40;;;;;;
10/10/2025;Pollo entero;Pilgrim's;Quer?taro;3.5;2.65;$63.60;;;;;;
10/10/2025;Pollo entero;Tyson;Coahuila;3.5;2.65;$63.80;;;;;;
10/10/2025;Pollo tipo rosticero;Bachoco;Guanajuato;2.7;1.8;$65.00;;;;;;
13/10/2025;Gallina;Sin marca;Coahuila;3.5;2.65;$50.00;;;;;;
13/10/2025;Pollo entero;Bachoco;Guanajuato;3.5;2.65;$66.00;;;;;;
13/10/2025;Pollo entero;Otros;Veracruz;3.5;2.65;$65.40;;;;;;
13/10/2025;Pollo entero;Pilgrim's;Quer?taro;3.5;2.65;$65.60;;;;;;
13/10/2025;Pollo entero;Tyson;Coahuila;3.5;2.65;$65.80;;;;;;
13/10/2025;Pollo tipo rosticero;Bachoco;Guanajuato;2.7;1.8;$67.00;;;;;;
14/10/2025;Gallina;Sin marca;Tamaulipas;3.6;3.3;$50.00;;;;;;
14/10/2025;Pollo entero;Bachoco;Guanajuato;3.5;2.65;$66.00;;;;;;
14/10/2025;Pollo entero;Otros;Veracruz;3.5;2.65;$65.40;;;;;;
14/10/2025;Pollo entero;Pilgrim's;Quer?taro;3.5;2.65;$65.60;;;;;;
14/10/2025;Pollo entero;Tyson;Coahuila;3.5;2.65;$65.80;;;;;;
14/10/2025;Pollo tipo rosticero;Bachoco;Guanajuato;2.7;1.8;$67.00;;;;;;
15/10/2025;Gallina;Sin marca;Jalisco;3.6;3.3;$50.00;;;;;;
15/10/2025;Pollo entero;Bachoco;Guanajuato;3.5;2.65;$66.00;;;;;;
15/10/2025;Pollo entero;Otros;Veracruz;3.5;2.65;$65.40;;;;;;
15/10/2025;Pollo entero;Pilgrim's;Quer?taro;3.5;2.65;$65.60;;;;;;
15/10/2025;Pollo entero;Tyson;Coahuila;3.5;2.65;$65.80;;;;;;
15/10/2025;Pollo tipo rosticero;Bachoco;Guanajuato;2.7;1.8;$67.00;;;;;;
16/10/2025;Gallina;Sin marca;Sinaloa;3.6;3.3;$50.00;;;;;;
16/10/2025;Pollo entero;Bachoco;Guanajuato;3.5;2.65;$66.00;;;;;;
16/10/2025;Pollo entero;Otros;Veracruz;3.5;2.65;$65.40;;;;;;
16/10/2025;Pollo entero;Pilgrim's;Quer?taro;3.5;2.65;$65.60;;;;;;
16/10/2025;Pollo entero;Tyson;Coahuila;3.5;2.65;$65.80;;;;;;
16/10/2025;Pollo tipo rosticero;Bachoco;Guanajuato;2.7;1.8;$67.00;;;;;;
17/10/2025;Gallina;Sin marca;Tabasco;3.6;3.3;$50.00;;;;;;
17/10/2025;Gallina;Sin marca;Tamaulipas;3.6;3.3;$50.00;;;;;;
17/10/2025;Pollo entero;Bachoco;Guanajuato;3.5;2.65;$65.00;;;;;;
17/10/2025;Pollo entero;Otros;Veracruz;3.5;2.65;$64.50;;;;;;
17/10/2025;Pollo entero;Pilgrim's;Quer?taro;3.5;2.65;$64.70;;;;;;
17/10/2025;Pollo entero;Tyson;Coahuila;3.5;2.65;$64.90;;;;;;
17/10/2025;Pollo tipo rosticero;Bachoco;Guanajuato;2.7;1.8;$66.00;;;;;;
20/10/2025;Gallina;Sin marca;Coahuila;3.6;3.3;$50.00;;;;;;
20/10/2025;Pollo entero;Bachoco;Guanajuato;3.5;2.65;$65.00;;;;;;
20/10/2025;Pollo entero;Otros;Veracruz;3.5;2.65;$64.50;;;;;;
20/10/2025;Pollo entero;Pilgrim's;Quer?taro;3.5;2.65;$64.70;;;;;;
20/10/2025;Pollo entero;Tyson;Coahuila;3.5;2.65;$64.90;;;;;;
20/10/2025;Pollo tipo rosticero;Bachoco;Guanajuato;2.7;1.8;$66.00;;;;;;
21/10/2025;Gallina;Sin marca;Veracruz;3.6;3.3;$50.00;;;;;;
21/10/2025;Pollo entero;Bachoco;Guanajuato;3.5;2.65;$65.00;;;;;;
21/10/2025;Pollo entero;Otros;Veracruz;3.5;2.65;$64.50;;;;;;
21/10/2025;Pollo entero;Pilgrim's;Quer?taro;3.5;2.65;$64.70;;;;;;
21/10/2025;Pollo entero;Tyson;Coahuila;3.5;2.65;$64.90;;;;;;
21/10/2025;Pollo tipo rosticero;Bachoco;Guanajuato;2.7;1.8;$66.00;;;;;;
22/10/2025;Gallina;Sin marca;Jalisco;3.6;3.3;$50.00;;;;;;
22/10/2025;Pollo entero;Bachoco;Guanajuato;3.5;2.65;$65.00;;;;;;
22/10/2025;Pollo entero;Otros;Veracruz;3.5;2.65;$64.50;;;;;;
22/10/2025;Pollo entero;Pilgrim's;Quer?taro;3.5;2.65;$64.70;;;;;;
22/10/2025;Pollo entero;Tyson;Coahuila;3.5;2.65;$64.90;;;;;;
22/10/2025;Pollo tipo rosticero;Bachoco;Guanajuato;2.7;1.8;$66.00;;;;;;
23/10/2025;Gallina;Sin marca;Tamaulipas;3.6;3.3;$50.00;;;;;;
23/10/2025;Pollo entero;Bachoco;Guanajuato;3.5;2.65;$65.00;;;;;;
23/10/2025;Pollo entero;Otros;Veracruz;3.5;2.65;$64.50;;;;;;
23/10/2025;Pollo entero;Pilgrim's;Quer?taro;3.5;2.65;$64.70;;;;;;
23/10/2025;Pollo entero;Tyson;Coahuila;3.5;2.65;$64.90;;;;;;
23/10/2025;Pollo tipo rosticero;Bachoco;Guanajuato;2.7;1.8;$66.00;;;;;;
24/10/2025;Gallina;Sin marca;Tabasco;3.6;3.3;$50.00;;;;;;
24/10/2025;Pollo entero;Bachoco;Guanajuato;3.5;2.65;$65.00;;;;;;
24/10/2025;Pollo entero;Otros;Veracruz;3.5;2.65;$64.50;;;;;;
24/10/2025;Pollo entero;Pilgrim's;Quer?taro;3.5;2.65;$64.70;;;;;;
24/10/2025;Pollo entero;Tyson;Coahuila;3.5;2.65;$64.90;;;;;;
24/10/2025;Pollo tipo rosticero;Bachoco;Guanajuato;2.7;1.8;$66.00;;;;;;
27/10/2025;Gallina;Sin marca;Jalisco;3.6;3.3;$51.00;;;;;;
27/10/2025;Pollo entero;Bachoco;Guanajuato;3.5;2.65;$67.00;;;;;;
27/10/2025;Pollo entero;Otros;Veracruz;3.5;2.65;$66.50;;;;;;
27/10/2025;Pollo entero;Pilgrim's;Quer?taro;3.5;2.65;$66.70;;;;;;
27/10/2025;Pollo entero;Tyson;Coahuila;3.5;2.65;$66.90;;;;;;
27/10/2025;Pollo tipo rosticero;Bachoco;Guanajuato;2.7;1.8;$68.00;;;;;;
28/10/2025;Gallina;Sin marca;Jalisco;3.6;3.3;$51.00;;;;;;
28/10/2025;Pollo entero;Bachoco;Guanajuato;3.5;2.65;$67.00;;;;;;
28/10/2025;Pollo entero;Otros;Veracruz;3.5;2.65;$66.50;;;;;;
28/10/2025;Pollo entero;Pilgrim's;Quer?taro;3.5;2.65;$66.70;;;;;;
28/10/2025;Pollo entero;Tyson;Coahuila;3.5;2.65;$66.90;;;;;;
28/10/2025;Pollo tipo rosticero;Bachoco;Guanajuato;2.7;1.8;$68.00;;;;;;
29/10/2025;Gallina;Sin marca;Jalisco;3.6;3.3;$51.00;;;;;;
29/10/2025;Pollo entero;Bachoco;Guanajuato;3.5;2.65;$67.00;;;;;;
29/10/2025;Pollo entero;Otros;Veracruz;3.5;2.65;$66.50;;;;;;
29/10/2025;Pollo entero;Pilgrim's;Quer?taro;3.5;2.65;$66.70;;;;;;
29/10/2025;Pollo entero;Tyson;Coahuila;3.5;2.65;$66.90;;;;;;
29/10/2025;Pollo tipo rosticero;Bachoco;Guanajuato;2.7;1.8;$68.00;;;;;;
30/10/2025;Gallina;Sin marca;Jalisco;3.6;3.3;$51.00;;;;;;
30/10/2025;Pollo entero;Bachoco;Guanajuato;3.5;2.65;$67.00;;;;;;
30/10/2025;Pollo entero;Otros;Veracruz;3.5;2.65;$66.50;;;;;;
30/10/2025;Pollo entero;Pilgrim's;Quer?taro;3.5;2.65;$66.70;;;;;;
30/10/2025;Pollo entero;Tyson;Coahuila;3.5;2.65;$66.90;;;;;;
30/10/2025;Pollo tipo rosticero;Bachoco;Guanajuato;2.7;1.8;$68.00;;;;;;
31/10/2025;Gallina;Sin marca;Jalisco;3.6;3.3;$51.00;;;;;;
31/10/2025;Pollo entero;Bachoco;Guanajuato;3.5;2.65;$67.00;;;;;;
31/10/2025;Pollo entero;Otros;Veracruz;3.5;2.65;$66.50;;;;;;
31/10/2025;Pollo entero;Pilgrim's;Quer?taro;3.5;2.65;$66.70;;;;;;
31/10/2025;Pollo entero;Tyson;Coahuila;3.5;2.65;$66.90;;;;;;
31/10/2025;Pollo tipo rosticero;Bachoco;Guanajuato;2.7;1.8;$68.00;;;;;;
D.F. : Centro de distribuci?n Nuevo San Juan;;;;;;;;;;;;
1/10/2025;Gallina;Sin marca;Quer?taro;3.6;3.3;$53.00;;;;;;
1/10/2025;Pollo entero;Bachoco;Guanajuato;3.5;2.65;$66.90;;;;;;
1/10/2025;Pollo entero;Otros;Veracruz;3.5;2.65;$64.30;;;;;;
1/10/2025;Pollo entero;Pilgrim's;Quer?taro;3.5;2.65;$64.50;;;;;;
1/10/2025;Pollo entero;Tyson;Coahuila;3.5;2.65;$64.70;;;;;;
1/10/2025;Pollo tipo rosticero;Bachoco;Guanajuato;2.7;1.8;$66.00;;;;;;
2/10/2025;Gallina;Sin marca;Morelos;3.6;3.3;$53.00;;;;;;
2/10/2025;Pollo entero;Bachoco;Guanajuato;3.5;2.65;$64.90;;;;;;
2/10/2025;Pollo entero;Otros;Veracruz;3.5;2.65;$64.30;;;;;;
2/10/2025;Pollo entero;Pilgrim's;Quer?taro;3.5;2.65;$64.50;;;;;;
2/10/2025;Pollo entero;Tyson;Coahuila;3.5;2.65;$64.70;;;;;;
2/10/2025;Pollo tipo rosticero;Bachoco;Guanajuato;2.7;1.8;$66.00;;;;;;
3/10/2025;Gallina;Sin marca;Oaxaca;3.6;3.3;$53.00;;;;;;
3/10/2025;Pollo entero;Bachoco;Guanajuato;3.5;2.65;$64.90;;;;;;
3/10/2025;Pollo entero;Otros;Veracruz;3.5;2.65;$64.30;;;;;;
3/10/2025;Pollo entero;Pilgrim's;Quer?taro;3.5;2.65;$64.50;;;;;;
3/10/2025;Pollo entero;Tyson;Coahuila;3.5;2.65;$64.70;;;;;;
3/10/2025;Pollo tipo rosticero;Bachoco;Guanajuato;2.7;1.8;$66.00;;;;;;
6/10/2025;Gallina;Sin marca;Veracruz;3.6;3.3;$52.00;;;;;;
6/10/2025;Pollo entero;Bachoco;Guanajuato;3.5;2.65;$63.90;;;;;;
6/10/2025;Pollo entero;Otros;Veracruz;3.5;2.65;$63.30;;;;;;
6/10/2025;Pollo entero;Pilgrim's;Quer?taro;3.5;2.65;$63.50;;;;;;
6/10/2025;Pollo entero;Tyson;Coahuila;3.5;2.65;$63.70;;;;;;
6/10/2025;Pollo tipo rosticero;Bachoco;Guanajuato;2.7;1.8;$65.00;;;;;;
7/10/2025;Gallina;Sin marca;Oaxaca;3.6;3.3;$51.00;;;;;;
7/10/2025;Pollo entero;Bachoco;Guanajuato;3.5;2.65;$63.90;;;;;;
7/10/2025;Pollo entero;Otros;Veracruz;3.5;2.65;$63.30;;;;;;
7/10/2025;Pollo entero;Pilgrim's;Quer?taro;3.5;2.65;$63.50;;;;;;
7/10/2025;Pollo entero;Tyson;Coahuila;3.5;2.65;$63.70;;;;;;
7/10/2025;Pollo tipo rosticero;Bachoco;Guanajuato;2.7;1.8;$65.00;;;;;;
8/10/2025;Gallina;Sin marca;Chiapas;3.6;3.3;$51.00;;;;;;
8/10/2025;Pollo entero;Bachoco;Guanajuato;3.5;2.65;$63.90;;;;;;
8/10/2025;Pollo entero;Otros;Veracruz;3.5;2.65;$63.40;;;;;;
8/10/2025;Pollo entero;Pilgrim's;Quer?taro;3.5;2.65;$63.60;;;;;;
8/10/2025;Pollo entero;Tyson;Coahuila;3.5;2.65;$63.80;;;;;;
8/10/2025;Pollo tipo rosticero;Bachoco;Guanajuato;2.7;1.8;$65.00;;;;;;
9/10/2025;Gallina;Sin marca;Durango;3.6;3.3;$51.00;;;;;;
9/10/2025;Pollo entero;Bachoco;Guanajuato;3.5;2.65;$63.90;;;;;;
9/10/2025;Pollo entero;Otros;Veracruz;3.5;2.65;$63.40;;;;;;
9/10/2025;Pollo entero;Pilgrim's;Quer?taro;3.5;2.65;$63.60;;;;;;
9/10/2025;Pollo entero;Tyson;Coahuila;3.5;2.65;$63.80;;;;;;
9/10/2025;Pollo tipo rosticero;Bachoco;Guanajuato;2.7;1.8;$65.00;;;;;;
10/10/2025;Gallina;Sin marca;Jalisco;3.6;3.3;$51.00;;;;;;
10/10/2025;Pollo entero;Bachoco;Guanajuato;3.5;2.65;$63.90;;;;;;
10/10/2025;Pollo entero;Otros;Veracruz;3.5;2.65;$63.40;;;;;;
10/10/2025;Pollo entero;Pilgrim's;Quer?taro;3.5;2.65;$63.60;;;;;;
10/10/2025;Pollo entero;Tyson;Coahuila;3.5;2.65;$63.80;;;;;;
10/10/2025;Pollo tipo rosticero;Bachoco;Guanajuato;2.7;1.8;$65.00;;;;;;
13/10/2025;Gallina;Sin marca;Tamaulipas;3.6;3.3;$50.00;;;;;;
13/10/2025;Pollo entero;Bachoco;Guanajuato;3.5;2.65;$65.90;;;;;;
13/10/2025;Pollo entero;Otros;Veracruz;3.5;2.65;$65.40;;;;;;
13/10/2025;Pollo entero;Pilgrim's;Quer?taro;3.5;2.65;$65.60;;;;;;
13/10/2025;Pollo entero;Tyson;Coahuila;3.5;2.65;$65.80;;;;;;
13/10/2025;Pollo tipo rosticero;Bachoco;Guanajuato;2.7;1.8;$67.00;;;;;;
14/10/2025;Gallina;Sin marca;Oaxaca;3.6;3.3;$50.00;;;;;;
14/10/2025;Pollo entero;Bachoco;Guanajuato;3.5;2.65;$65.90;;;;;;
14/10/2025;Pollo entero;Otros;Veracruz;3.5;2.65;$65.40;;;;;;
14/10/2025;Pollo entero;Pilgrim's;Quer?taro;3.5;2.65;$65.60;;;;;;
14/10/2025;Pollo entero;Tyson;Coahuila;3.5;2.65;$65.80;;;;;;
14/10/2025;Pollo tipo rosticero;Bachoco;Guanajuato;2.7;1.8;$67.00;;;;;;
15/10/2025;Gallina;Sin marca;Chiapas;3.6;3.3;$50.00;;;;;;
15/10/2025;Pollo entero;Bachoco;Guanajuato;3.5;2.65;$65.90;;;;;;
15/10/2025;Pollo entero;Otros;Veracruz;3.5;2.65;$65.40;;;;;;
15/10/2025;Pollo entero;Pilgrim's;Quer?taro;3.5;2.65;$65.60;;;;;;
15/10/2025;Pollo entero;Tyson;Coahuila;3.5;2.65;$65.80;;;;;;
15/10/2025;Pollo tipo rosticero;Bachoco;Guanajuato;2.7;1.8;$67.00;;;;;;
16/10/2025;Gallina;Sin marca;Oaxaca;3.6;3.3;$50.00;;;;;;
16/10/2025;Pollo entero;Bachoco;Guanajuato;3.5;2.65;$65.90;;;;;;
16/10/2025;Pollo entero;Otros;Veracruz;3.5;2.65;$65.40;;;;;;
16/10/2025;Pollo entero;Pilgrim's;Quer?taro;3.5;2.65;$65.60;;;;;;
16/10/2025;Pollo entero;Tyson;Coahuila;3.5;2.65;$65.80;;;;;;
16/10/2025;Pollo tipo rosticero;Bachoco;Guanajuato;2.7;1.8;$67.00;;;;;;
17/10/2025;Gallina;Sin marca;Sinaloa;3.6;3.3;$50.00;;;;;;
17/10/2025;Pollo entero;Bachoco;Guanajuato;3.5;2.65;$64.90;;;;;;
17/10/2025;Pollo entero;Otros;Veracruz;3.5;2.65;$64.30;;;;;;
17/10/2025;Pollo entero;Pilgrim's;Quer?taro;3.5;2.65;$64.50;;;;;;
17/10/2025;Pollo entero;Tyson;Coahuila;3.5;2.65;$64.70;;;;;;
17/10/2025;Pollo tipo rosticero;Bachoco;Guanajuato;2.7;1.8;$66.00;;;;;;
20/10/2025;Gallina;Sin marca;Chiapas;3.6;3.3;$50.00;;;;;;
20/10/2025;Pollo entero;Bachoco;Guanajuato;3.5;2.65;$64.90;;;;;;
20/10/2025;Pollo entero;Otros;Veracruz;3.5;2.65;$64.30;;;;;;
20/10/2025;Pollo entero;Pilgrim's;Quer?taro;3.5;2.65;$64.50;;;;;;
20/10/2025;Pollo entero;Tyson;Coahuila;3.5;2.65;$64.70;;;;;;
20/10/2025;Pollo tipo rosticero;Bachoco;Guanajuato;2.7;1.8;$66.00;;;;;;
21/10/2025;Gallina;Sin marca;Oaxaca;3.6;3.3;$50.00;;;;;;
21/10/2025;Pollo entero;Bachoco;Guanajuato;3.5;2.65;$64.90;;;;;;
21/10/2025;Pollo entero;Otros;Veracruz;3.5;2.65;$64.30;;;;;;
21/10/2025;Pollo entero;Pilgrim's;Quer?taro;3.5;2.65;$64.50;;;;;;
21/10/2025;Pollo entero;Tyson;Coahuila;3.5;2.65;$64.70;;;;;;
21/10/2025;Pollo tipo rosticero;Bachoco;Guanajuato;2.7;1.8;$66.00;;;;;;
22/10/2025;Gallina;Sin marca;Chiapas;3.6;3.3;$50.00;;;;;;
22/10/2025;Pollo entero;Bachoco;Guanajuato;3.5;2.65;$64.90;;;;;;
22/10/2025;Pollo entero;Otros;Veracruz;3.5;2.65;$64.30;;;;;;
22/10/2025;Pollo entero;Pilgrim's;Quer?taro;3.5;2.65;$64.50;;;;;;
22/10/2025;Pollo entero;Tyson;Coahuila;3.5;2.65;$64.70;;;;;;
22/10/2025;Pollo tipo rosticero;Bachoco;Guanajuato;2.7;1.8;$66.00;;;;;;
23/10/2025;Gallina;Sin marca;San Luis Potos?;3.6;3.3;$50.00;;;;;;
23/10/2025;Pollo entero;Bachoco;Guanajuato;3.5;2.65;$64.90;;;;;;
23/10/2025;Pollo entero;Otros;Veracruz;3.5;2.65;$64.30;;;;;;
23/10/2025;Pollo entero;Pilgrim's;Quer?taro;3.5;2.65;$64.50;;;;;;
23/10/2025;Pollo entero;Tyson;Coahuila;3.5;2.65;$64.70;;;;;;
23/10/2025;Pollo tipo rosticero;Bachoco;Guanajuato;2.7;1.8;$66.00;;;;;;
24/10/2025;Gallina;Sin marca;Sinaloa;3.6;3.3;$50.00;;;;;;
24/10/2025;Pollo entero;Bachoco;Guanajuato;3.5;2.65;$64.90;;;;;;
24/10/2025;Pollo entero;Otros;Veracruz;3.5;2.65;$64.30;;;;;;
24/10/2025;Pollo entero;Pilgrim's;Quer?taro;3.5;2.65;$64.50;;;;;;
24/10/2025;Pollo entero;Tyson;Coahuila;3.5;2.65;$64.70;;;;;;
24/10/2025;Pollo tipo rosticero;Bachoco;Guanajuato;2.7;1.8;$66.00;;;;;;
27/10/2025;Gallina;Sin marca;Oaxaca;3.6;3.3;$51.00;;;;;;
27/10/2025;Pollo entero;Bachoco;Guanajuato;3.5;2.65;$66.90;;;;;;
27/10/2025;Pollo entero;Otros;Veracruz;3.5;2.65;$66.30;;;;;;
27/10/2025;Pollo entero;Pilgrim's;Quer?taro;3.5;2.65;$66.50;;;;;;
27/10/2025;Pollo entero;Tyson;Coahuila;3.5;2.65;$66.70;;;;;;
27/10/2025;Pollo tipo rosticero;Bachoco;Guanajuato;2.7;1.8;$68.00;;;;;;
28/10/2025;Gallina;Sin marca;Oaxaca;3.6;3.3;$51.00;;;;;;
28/10/2025;Pollo entero;Bachoco;Guanajuato;3.5;2.65;$66.90;;;;;;
28/10/2025;Pollo entero;Otros;Veracruz;3.5;2.65;$66.30;;;;;;
28/10/2025;Pollo entero;Pilgrim's;Quer?taro;3.5;2.65;$66.50;;;;;;
28/10/2025;Pollo entero;Tyson;Coahuila;3.5;2.65;$66.70;;;;;;
28/10/2025;Pollo tipo rosticero;Bachoco;Guanajuato;2.7;1.8;$68.00;;;;;;
29/10/2025;Gallina;Sin marca;Oaxaca;3.6;3.3;$51.00;;;;;;
29/10/2025;Pollo entero;Bachoco;Guanajuato;3.5;2.65;$66.90;;;;;;
29/10/2025;Pollo entero;Otros;Veracruz;3.5;2.65;$66.30;;;;;;
29/10/2025;Pollo entero;Pilgrim's;Quer?taro;3.5;2.65;$66.50;;;;;;
29/10/2025;Pollo entero;Tyson;Coahuila;3.5;2.65;$66.70;;;;;;
29/10/2025;Pollo tipo rosticero;Bachoco;Guanajuato;2.7;1.8;$68.00;;;;;;
30/10/2025;Gallina;Sin marca;Oaxaca;3.6;3.3;$51.00;;;;;;
30/10/2025;Pollo entero;Bachoco;Guanajuato;3.5;2.65;$66.90;;;;;;
30/10/2025;Pollo entero;Otros;Veracruz;3.5;2.65;$66.30;;;;;;
30/10/2025;Pollo entero;Pilgrim's;Quer?taro;3.5;2.65;$66.50;;;;;;
30/10/2025;Pollo entero;Tyson;Coahuila;3.5;2.65;$66.70;;;;;;
30/10/2025;Pollo tipo rosticero;Bachoco;Guanajuato;2.7;1.8;$68.00;;;;;;
31/10/2025;Gallina;Sin marca;Oaxaca;3.6;3.3;$51.00;;;;;;
31/10/2025;Pollo entero;Bachoco;Guanajuato;3.5;2.65;$66.90;;;;;;
31/10/2025;Pollo entero;Otros;Veracruz;3.5;2.65;$66.30;;;;;;
31/10/2025;Pollo entero;Pilgrim's;Quer?taro;3.5;2.65;$66.50;;;;;;
31/10/2025;Pollo entero;Tyson;Coahuila;3.5;2.65;$66.70;;;;;;
31/10/2025;Pollo tipo rosticero;Bachoco;Guanajuato;2.7;1.8;$68.00;;;;;;
D.F. : Centro de distribuci?n Ray?n;;;;;;;;;;;;
1/10/2025;Gallina;Sin marca;Edo. de M?xico;3.6;3.3;$53.00;;;;;;
1/10/2025;Pollo entero;Bachoco;Guanajuato;3.5;2.65;$64.70;;;;;;
1/10/2025;Pollo entero;Otros;Veracruz;3.5;2.65;$64.30;;;;;;
1/10/2025;Pollo entero;Pilgrim's;Quer?taro;3.5;2.65;$64.50;;;;;;
1/10/2025;Pollo tipo rosticero;Bachoco;Guanajuato;2.7;1.8;$66.00;;;;;;
2/10/2025;Gallina;Sin marca;Guanajuato;3.6;3.3;$53.00;;;;;;
2/10/2025;Pollo entero;Bachoco;Guanajuato;3.5;2.65;$64.90;;;;;;
2/10/2025;Pollo entero;Otros;Coahuila;3.5;2.65;$64.50;;;;;;
2/10/2025;Pollo entero;Pilgrim's;Quer?taro;3.5;2.65;$64.70;;;;;;
2/10/2025;Pollo tipo rosticero;Bachoco;Guanajuato;2.7;1.8;$66.00;;;;;;
3/10/2025;Gallina;Sin marca;Tlaxcala;3.6;3.3;$53.00;;;;;;
3/10/2025;Pollo entero;Bachoco;Guanajuato;3.5;2.65;$64.90;;;;;;
3/10/2025;Pollo entero;Otros;Veracruz;3.5;2.65;$64.50;;;;;;
3/10/2025;Pollo entero;Pilgrim's;Quer?taro;3.5;2.65;$64.70;;;;;;
3/10/2025;Pollo tipo rosticero;Bachoco;Guanajuato;2.7;1.8;$66.00;;;;;;
6/10/2025;Gallina;Sin marca;Guanajuato;3.6;3.3;$52.00;;;;;;
6/10/2025;Pollo entero;Bachoco;Guanajuato;3.5;2.65;$63.70;;;;;;
6/10/2025;Pollo entero;Otros;Veracruz;3.5;2.65;$63.30;;;;;;
6/10/2025;Pollo entero;Pilgrim's;Quer?taro;3.5;2.65;$63.50;;;;;;
6/10/2025;Pollo tipo rosticero;Bachoco;Guanajuato;2.7;1.8;$65.00;;;;;;
7/10/2025;Gallina;Sin marca;Puebla;3.6;3.3;$51.00;;;;;;
7/10/2025;Pollo entero;Bachoco;Guanajuato;3.5;2.65;$63.70;;;;;;
7/10/2025;Pollo entero;Otros;Veracruz;3.5;2.65;$63.30;;;;;;
7/10/2025;Pollo entero;Pilgrim's;Quer?taro;3.5;2.65;$63.50;;;;;;
7/10/2025;Pollo tipo rosticero;Bachoco;Guanajuato;2.7;1.8;$65.00;;;;;;
8/10/2025;Gallina;Sin marca;Tlaxcala;3.6;3.3;$51.00;;;;;;
8/10/2025;Pollo entero;Bachoco;Guanajuato;3.5;2.65;$63.70;;;;;;
8/10/2025;Pollo entero;Otros;Veracruz;3.5;2.65;$63.30;;;;;;
8/10/2025;Pollo entero;Pilgrim's;Quer?taro;3.5;2.65;$63.50;;;;;;
8/10/2025;Pollo tipo rosticero;Bachoco;Guanajuato;2.7;1.8;$65.00;;;;;;
9/10/2025;Gallina;Sin marca;Zacatecas;3.6;3.3;$51.00;;;;;;
9/10/2025;Pollo entero;Bachoco;Guanajuato;3.5;2.65;$63.70;;;;;;
9/10/2025;Pollo entero;Otros;Veracruz;3.5;2.65;$63.30;;;;;;
9/10/2025;Pollo entero;Pilgrim's;Quer?taro;3.5;2.65;$63.50;;;;;;
9/10/2025;Pollo tipo rosticero;Bachoco;Guanajuato;2.7;1.8;$65.00;;;;;;
10/10/2025;Gallina;Sin marca;Guerrero;3.6;3.3;$51.00;;;;;;
10/10/2025;Pollo entero;Bachoco;Guanajuato;3.5;2.65;$63.70;;;;;;
10/10/2025;Pollo entero;Otros;Veracruz;3.5;2.65;$63.30;;;;;;
10/10/2025;Pollo entero;Pilgrim's;Quer?taro;3.5;2.65;$63.50;;;;;;
10/10/2025;Pollo tipo rosticero;Bachoco;Guanajuato;2.7;1.8;$65.00;;;;;;
13/10/2025;Gallina;Sin marca;Guanajuato;3.6;3.3;$50.00;;;;;;
13/10/2025;Pollo entero;Bachoco;Guanajuato;3.5;2.65;$65.70;;;;;;
13/10/2025;Pollo entero;Otros;Veracruz;3.5;2.65;$65.30;;;;;;
13/10/2025;Pollo entero;Pilgrim's;Quer?taro;3.5;2.65;$65.50;;;;;;
13/10/2025;Pollo tipo rosticero;Bachoco;Guanajuato;2.7;1.8;$67.00;;;;;;
14/10/2025;Gallina;Sin marca;Guerrero;3.6;3.3;$50.00;;;;;;
14/10/2025;Pollo entero;Bachoco;Guanajuato;3.5;2.65;$65.70;;;;;;
14/10/2025;Pollo entero;Otros;Veracruz;3.5;2.65;$65.30;;;;;;
14/10/2025;Pollo entero;Pilgrim's;Quer?taro;3.5;2.65;$65.50;;;;;;
14/10/2025;Pollo tipo rosticero;Bachoco;Guanajuato;2.7;1.8;$67.00;;;;;;
15/10/2025;Gallina;Sin marca;Puebla;3.6;3.3;$50.00;;;;;;
15/10/2025;Pollo entero;Bachoco;Guanajuato;3.5;2.65;$65.70;;;;;;
15/10/2025;Pollo entero;Otros;Veracruz;3.5;2.65;$65.30;;;;;;
15/10/2025;Pollo entero;Pilgrim's;Quer?taro;3.5;2.65;$65.50;;;;;;
15/10/2025;Pollo tipo rosticero;Bachoco;Guanajuato;2.7;1.8;$67.00;;;;;;
16/10/2025;Gallina;Sin marca;Michoac?n;3.6;3.3;$50.00;;;;;;
16/10/2025;Pollo entero;Bachoco;Guanajuato;3.5;2.65;$65.70;;;;;;
16/10/2025;Pollo entero;Otros;Veracruz;3.5;2.65;$65.30;;;;;;
16/10/2025;Pollo entero;Pilgrim's;Quer?taro;3.5;2.65;$65.50;;;;;;
16/10/2025;Pollo tipo rosticero;Bachoco;Guanajuato;2.7;1.8;$67.00;;;;;;
17/10/2025;Gallina;Sin marca;Morelos;3.6;3.3;$50.00;;;;;;
17/10/2025;Pollo entero;Bachoco;Guanajuato;3.5;2.65;$64.70;;;;;;
17/10/2025;Pollo entero;Otros;Veracruz;3.5;2.65;$64.30;;;;;;
17/10/2025;Pollo entero;Pilgrim's;Quer?taro;3.5;2.65;$64.50;;;;;;
17/10/2025;Pollo tipo rosticero;Bachoco;Guanajuato;2.7;1.8;$66.00;;;;;;
20/10/2025;Gallina;Sin marca;Hidalgo;3.6;3.3;$50.00;;;;;;
20/10/2025;Pollo entero;Bachoco;Guanajuato;3.5;2.65;$64.70;;;;;;
20/10/2025;Pollo entero;Otros;Veracruz;3.5;2.65;$64.30;;;;;;
20/10/2025;Pollo entero;Pilgrim's;Quer?taro;3.5;2.65;$64.50;;;;;;
20/10/2025;Pollo tipo rosticero;Bachoco;Guanajuato;2.7;1.8;$66.00;;;;;;
21/10/2025;Gallina;Sin marca;Guanajuato;3.6;3.3;$50.00;;;;;;
21/10/2025;Pollo entero;Bachoco;Guanajuato;3.5;2.65;$64.70;;;;;;
21/10/2025;Pollo entero;Otros;Veracruz;3.5;2.65;$64.30;;;;;;
21/10/2025;Pollo entero;Pilgrim's;Quer?taro;3.5;2.65;$64.50;;;;;;
21/10/2025;Pollo tipo rosticero;Bachoco;Guanajuato;2.7;1.8;$66.00;;;;;;
22/10/2025;Gallina;Sin marca;Michoac?n;3.6;3.3;$50.00;;;;;;
22/10/2025;Pollo entero;Bachoco;Guanajuato;3.5;2.65;$64.70;;;;;;
22/10/2025;Pollo entero;Otros;Veracruz;3.5;2.65;$64.30;;;;;;
22/10/2025;Pollo entero;Pilgrim's;Quer?taro;3.5;2.65;$64.50;;;;;;
22/10/2025;Pollo tipo rosticero;Bachoco;Guanajuato;2.7;1.8;$66.00;;;;;;
23/10/2025;Gallina;Sin marca;Edo. de M?xico;3.6;3.3;$50.00;;;;;;
23/10/2025;Pollo entero;Bachoco;Guanajuato;3.5;2.65;$64.70;;;;;;
23/10/2025;Pollo entero;Otros;Veracruz;3.5;2.65;$64.30;;;;;;
23/10/2025;Pollo entero;Pilgrim's;Quer?taro;3.5;2.65;$64.50;;;;;;
23/10/2025;Pollo tipo rosticero;Bachoco;Guanajuato;2.7;1.8;$66.00;;;;;;
24/10/2025;Gallina;Sin marca;Durango;3.6;3.3;$51.00;;;;;;
24/10/2025;Pollo entero;Bachoco;Guanajuato;3.5;2.65;$66.70;;;;;;
24/10/2025;Pollo entero;Otros;Veracruz;3.5;2.65;$66.30;;;;;;
24/10/2025;Pollo entero;Pilgrim's;Quer?taro;3.5;2.65;$66.50;;;;;;
24/10/2025;Pollo tipo rosticero;Bachoco;Guanajuato;2.7;1.8;$68.00;;;;;;
27/10/2025;Gallina;Sin marca;Durango;3.6;3.3;$51.00;;;;;;
27/10/2025;Gallina;Sin marca;Quer?taro;3.6;3.3;$51.00;;;;;;
27/10/2025;Pollo entero;Bachoco;Guanajuato;3.5;2.65;$65.70;;;;;;
27/10/2025;Pollo entero;Otros;Veracruz;3.5;2.65;$65.30;;;;;;
27/10/2025;Pollo entero;Pilgrim's;Quer?taro;3.5;2.65;$65.50;;;;;;
27/10/2025;Pollo tipo rosticero;Bachoco;Guanajuato;2.7;1.8;$67.00;;;;;;
28/10/2025;Gallina;Sin marca;Durango;3.6;3.3;$51.00;;;;;;
28/10/2025;Gallina;Sin marca;Hidalgo;3.6;3.3;$51.00;;;;;;
28/10/2025;Pollo entero;Bachoco;Guanajuato;3.5;2.65;$65.70;;;;;;
28/10/2025;Pollo entero;Otros;Veracruz;3.5;2.65;$65.30;;;;;;
28/10/2025;Pollo entero;Pilgrim's;Quer?taro;3.5;2.65;$65.50;;;;;;
28/10/2025;Pollo tipo rosticero;Bachoco;Guanajuato;2.7;1.8;$67.00;;;;;;
29/10/2025;Gallina;Sin marca;Durango;3.6;3.3;$51.00;;;;;;
29/10/2025;Pollo entero;Bachoco;Guanajuato;3.5;2.65;$66.70;;;;;;
29/10/2025;Pollo entero;Otros;Veracruz;3.5;2.65;$66.30;;;;;;
29/10/2025;Pollo entero;Pilgrim's;Quer?taro;3.5;2.65;$66.50;;;;;;
29/10/2025;Pollo tipo rosticero;Bachoco;Guanajuato;2.7;1.8;$68.00;;;;;;
30/10/2025;Gallina;Sin marca;Durango;3.6;3.3;$51.00;;;;;;
30/10/2025;Pollo entero;Bachoco;Guanajuato;3.5;2.65;$66.70;;;;;;
30/10/2025;Pollo entero;Otros;Veracruz;3.5;2.65;$66.30;;;;;;
30/10/2025;Pollo entero;Pilgrim's;Quer?taro;3.5;2.65;$66.50;;;;;;
30/10/2025;Pollo tipo rosticero;Bachoco;Guanajuato;2.7;1.8;$68.00;;;;;;
31/10/2025;Gallina;Sin marca;Durango;3.6;3.3;$51.00;;;;;;
31/10/2025;Pollo entero;Bachoco;Guanajuato;3.5;2.65;$66.70;;;;;;
31/10/2025;Pollo entero;Otros;Veracruz;3.5;2.65;$66.30;;;;;;
31/10/2025;Pollo entero;Pilgrim's;Quer?taro;3.5;2.65;$66.50;;;;;;
31/10/2025;Pollo tipo rosticero;Bachoco;Guanajuato;2.7;1.8;$68.00;;;;;;
D.F. : Centro de distribuci?n San Juan;;;;;;;;;;;;
1/10/2025;Gallina;Sin marca;Hidalgo;3.6;3.3;$53.00;;;;;;
1/10/2025;Pollo entero;Bachoco;Guanajuato;3.5;2.65;$64.50;;;;;;
1/10/2025;Pollo entero;Otros;Veracruz;3.5;2.65;$64.00;;;;;;
1/10/2025;Pollo entero;Pilgrim's;Quer?taro;3.5;2.65;$64.30;;;;;;
1/10/2025;Pollo tipo rosticero;Bachoco;Guanajuato;2.7;1.8;$66.00;;;;;;
2/10/2025;Gallina;Sin marca;Quer?taro;3.6;3.3;$53.00;;;;;;
2/10/2025;Pollo entero;Bachoco;Guanajuato;3.5;2.65;$64.50;;;;;;
2/10/2025;Pollo entero;Otros;Coahuila;3.5;2.65;$64.00;;;;;;
2/10/2025;Pollo entero;Pilgrim's;Quer?taro;3.5;2.65;$64.50;;;;;;
2/10/2025;Pollo tipo rosticero;Bachoco;Guanajuato;2.7;1.8;$66.00;;;;;;
3/10/2025;Gallina;Sin marca;Hidalgo;3.6;3.3;$53.00;;;;;;
3/10/2025;Pollo entero;Bachoco;Guanajuato;3.5;2.65;$64.50;;;;;;
3/10/2025;Pollo entero;Otros;Veracruz;3.5;2.65;$64.00;;;;;;
3/10/2025;Pollo entero;Pilgrim's;Quer?taro;3.5;2.65;$64.30;;;;;;
3/10/2025;Pollo tipo rosticero;Bachoco;Guanajuato;2.7;1.8;$66.00;;;;;;
6/10/2025;Gallina;Sin marca;Quer?taro;3.6;3.3;$52.00;;;;;;
6/10/2025;Pollo entero;Bachoco;Guanajuato;3.5;2.65;$63.50;;;;;;
6/10/2025;Pollo entero;Otros;Veracruz;3.5;2.65;$63.00;;;;;;
6/10/2025;Pollo entero;Pilgrim's;Quer?taro;3.5;2.65;$63.30;;;;;;
6/10/2025;Pollo tipo rosticero;Bachoco;Guanajuato;2.7;1.8;$65.00;;;;;;
7/10/2025;Gallina;Sin marca;Hidalgo;3.6;3.3;$51.00;;;;;;
7/10/2025;Pollo entero;Bachoco;Guanajuato;3.5;2.65;$63.50;;;;;;
7/10/2025;Pollo entero;Otros;Veracruz;3.5;2.65;$63.00;;;;;;
7/10/2025;Pollo entero;Pilgrim's;Quer?taro;3.5;2.65;$63.30;;;;;;
7/10/2025;Pollo tipo rosticero;Bachoco;Guanajuato;2.7;1.8;$65.00;;;;;;
8/10/2025;Gallina;Sin marca;Michoac?n;3.6;3.3;$51.00;;;;;;
8/10/2025;Pollo entero;Bachoco;Guanajuato;3.5;2.65;$63.50;;;;;;
8/10/2025;Pollo entero;Otros;Veracruz;3.5;2.65;$63.00;;;;;;
8/10/2025;Pollo entero;Pilgrim's;Quer?taro;3.5;2.65;$63.30;;;;;;
8/10/2025;Pollo tipo rosticero;Bachoco;Guanajuato;2.7;1.8;$65.00;;;;;;
9/10/2025;Gallina;Sin marca;Edo. de M?xico;3.6;3.3;$51.00;;;;;;
9/10/2025;Pollo entero;Bachoco;Guanajuato;3.5;2.65;$63.50;;;;;;
9/10/2025;Pollo entero;Otros;Veracruz;3.5;2.65;$63.00;;;;;;
9/10/2025;Pollo entero;Pilgrim's;Quer?taro;3.5;2.65;$63.30;;;;;;
9/10/2025;Pollo tipo rosticero;Bachoco;Guanajuato;2.7;1.8;$65.00;;;;;;
10/10/2025;Gallina;Sin marca;Morelos;3.6;3.3;$51.00;;;;;;
10/10/2025;Pollo entero;Bachoco;Guanajuato;3.5;2.65;$63.50;;;;;;
10/10/2025;Pollo entero;Otros;Veracruz;3.5;2.65;$63.00;;;;;;
10/10/2025;Pollo entero;Pilgrim's;Quer?taro;3.5;2.65;$63.30;;;;;;
10/10/2025;Pollo tipo rosticero;Bachoco;Guanajuato;2.7;1.8;$65.00;;;;;;
13/10/2025;Gallina;Sin marca;Quer?taro;3.6;3.3;$50.00;;;;;;
13/10/2025;Pollo entero;Bachoco;Guanajuato;3.5;2.65;$65.50;;;;;;
13/10/2025;Pollo entero;Otros;Veracruz;3.5;2.65;$65.00;;;;;;
13/10/2025;Pollo entero;Pilgrim's;Quer?taro;3.5;2.65;$65.30;;;;;;
13/10/2025;Pollo tipo rosticero;Bachoco;Guanajuato;2.7;1.8;$67.00;;;;;;
14/10/2025;Gallina;Sin marca;Guanajuato;3.6;3.3;$50.00;;;;;;
14/10/2025;Pollo entero;Bachoco;Guanajuato;3.5;2.65;$65.50;;;;;;
14/10/2025;Pollo entero;Otros;Veracruz;3.5;2.65;$65.00;;;;;;
14/10/2025;Pollo entero;Pilgrim's;Quer?taro;3.5;2.65;$65.30;;;;;;
14/10/2025;Pollo tipo rosticero;Bachoco;Guanajuato;2.7;1.8;$67.00;;;;;;
15/10/2025;Gallina;Sin marca;Hidalgo;3.5;2.65;$50.00;;;;;;
15/10/2025;Pollo entero;Bachoco;Guanajuato;3.5;2.65;$65.50;;;;;;
15/10/2025;Pollo entero;Otros;Veracruz;3.5;2.65;$65.00;;;;;;
15/10/2025;Pollo entero;Pilgrim's;Quer?taro;3.5;2.65;$65.30;;;;;;
15/10/2025;Pollo tipo rosticero;Bachoco;Guanajuato;2.7;1.8;$67.00;;;;;;
16/10/2025;Gallina;Sin marca;Edo. de M?xico;3.6;3.3;$50.00;;;;;;
16/10/2025;Pollo entero;Bachoco;Guanajuato;3.5;2.65;$65.50;;;;;;
16/10/2025;Pollo entero;Otros;Veracruz;3.5;2.65;$65.00;;;;;;
16/10/2025;Pollo entero;Pilgrim's;Quer?taro;3.5;2.65;$65.30;;;;;;
16/10/2025;Pollo tipo rosticero;Bachoco;Guanajuato;2.7;1.8;$67.00;;;;;;
17/10/2025;Gallina;Sin marca;Guerrero;3.6;3.3;$50.00;;;;;;
17/10/2025;Pollo entero;Bachoco;Guanajuato;3.5;2.65;$64.50;;;;;;
17/10/2025;Pollo entero;Otros;Veracruz;3.5;2.65;$64.00;;;;;;
17/10/2025;Pollo entero;Pilgrim's;Quer?taro;3.5;2.65;$64.30;;;;;;
17/10/2025;Pollo tipo rosticero;Bachoco;Guanajuato;2.7;1.8;$66.00;;;;;;
20/10/2025;Gallina;Sin marca;Tlaxcala;3.6;3.3;$50.00;;;;;;
20/10/2025;Pollo entero;Bachoco;Guanajuato;3.5;2.65;$64.50;;;;;;
20/10/2025;Pollo entero;Otros;Veracruz;3.5;2.65;$64.00;;;;;;
20/10/2025;Pollo entero;Pilgrim's;Quer?taro;3.5;2.65;$64.30;;;;;;
20/10/2025;Pollo tipo rosticero;Bachoco;Guanajuato;2.7;1.8;$66.00;;;;;;
21/10/2025;Gallina;Sin marca;Guerrero;3.6;3.3;$50.00;;;;;;
21/10/2025;Pollo entero;Bachoco;Guanajuato;3.5;2.65;$64.50;;;;;;
21/10/2025;Pollo entero;Otros;Veracruz;3.5;2.65;$64.00;;;;;;
21/10/2025;Pollo entero;Pilgrim's;Quer?taro;3.5;2.65;$64.30;;;;;;
21/10/2025;Pollo tipo rosticero;Bachoco;Guanajuato;2.7;1.8;$66.00;;;;;;
22/10/2025;Gallina;Sin marca;Puebla;3.6;3.3;$50.00;;;;;;
22/10/2025;Pollo entero;Bachoco;Guanajuato;3.5;2.65;$64.50;;;;;;
22/10/2025;Pollo entero;Otros;Veracruz;3.5;2.65;$64.00;;;;;;
22/10/2025;Pollo entero;Pilgrim's;Quer?taro;3.5;2.65;$64.30;;;;;;
22/10/2025;Pollo tipo rosticero;Bachoco;Guanajuato;2.7;1.8;$66.00;;;;;;
23/10/2025;Gallina;Sin marca;Quer?taro;3.6;3.3;$50.00;;;;;;
23/10/2025;Pollo entero;Bachoco;Guanajuato;3.5;2.65;$64.50;;;;;;
23/10/2025;Pollo entero;Otros;Veracruz;3.5;2.65;$64.00;;;;;;
23/10/2025;Pollo entero;Pilgrim's;Quer?taro;3.5;2.65;$64.30;;;;;;
23/10/2025;Pollo tipo rosticero;Bachoco;Guanajuato;2.7;1.8;$66.00;;;;;;
24/10/2025;Gallina;Sin marca;Puebla;3.6;3.3;$51.00;;;;;;
24/10/2025;Pollo entero;Bachoco;Guanajuato;3.5;2.65;$66.50;;;;;;
24/10/2025;Pollo entero;Otros;Veracruz;3.5;2.65;$66.00;;;;;;
24/10/2025;Pollo entero;Pilgrim's;Quer?taro;3.5;2.65;$66.30;;;;;;
24/10/2025;Pollo tipo rosticero;Bachoco;Guanajuato;2.7;1.8;$51.00;;;;;;
27/10/2025;Gallina;Sin marca;Guanajuato;3.6;3.3;$51.00;;;;;;
27/10/2025;Gallina;Sin marca;Puebla;3.6;3.3;$51.00;;;;;;
27/10/2025;Pollo entero;Bachoco;Guanajuato;3.5;2.65;$65.50;;;;;;
27/10/2025;Pollo entero;Otros;Veracruz;3.5;2.65;$65.00;;;;;;
27/10/2025;Pollo entero;Pilgrim's;Quer?taro;3.5;2.65;$65.30;;;;;;
27/10/2025;Pollo tipo rosticero;Bachoco;Guanajuato;2.7;1.8;$67.00;;;;;;
28/10/2025;Gallina;Sin marca;Puebla;3.6;3.3;$51.00;;;;;;
28/10/2025;Gallina;Sin marca;Tlaxcala;3.6;3.3;$51.00;;;;;;
28/10/2025;Pollo entero;Bachoco;Guanajuato;3.5;2.65;$65.50;;;;;;
28/10/2025;Pollo entero;Otros;Veracruz;3.5;2.65;$65.00;;;;;;
28/10/2025;Pollo entero;Pilgrim's;Guanajuato;3.5;2.65;$65.30;;;;;;
28/10/2025;Pollo entero;Pilgrim's;Quer?taro;3.5;2.65;$66.30;;;;;;
28/10/2025;Pollo tipo rosticero;Bachoco;Guanajuato;2.7;1.8;$67.00;;;;;;
29/10/2025;Gallina;Sin marca;Puebla;3.6;3.3;$51.00;;;;;;
29/10/2025;Pollo entero;Bachoco;Guanajuato;3.5;2.65;$66.50;;;;;;
29/10/2025;Pollo entero;Otros;Veracruz;3.5;2.65;$66.00;;;;;;
29/10/2025;Pollo entero;Pilgrim's;Quer?taro;3.5;2.65;$66.30;;;;;;
29/10/2025;Pollo tipo rosticero;Bachoco;Guanajuato;2.7;1.8;$51.00;;;;;;
30/10/2025;Gallina;Sin marca;Puebla;3.6;3.3;$51.00;;;;;;
30/10/2025;Pollo entero;Bachoco;Guanajuato;3.5;2.65;$66.50;;;;;;
30/10/2025;Pollo entero;Otros;Veracruz;3.5;2.65;$66.00;;;;;;
30/10/2025;Pollo entero;Pilgrim's;Quer?taro;3.5;2.65;$66.30;;;;;;
30/10/2025;Pollo tipo rosticero;Bachoco;Guanajuato;2.7;1.8;$51.00;;;;;;
31/10/2025;Gallina;Sin marca;Puebla;3.6;3.3;$51.00;;;;;;
31/10/2025;Pollo entero;Bachoco;Guanajuato;3.5;2.65;$66.50;;;;;;
31/10/2025;Pollo entero;Otros;Veracruz;3.5;2.65;$66.00;;;;;;
31/10/2025;Pollo entero;Pilgrim's;Quer?taro;3.5;2.65;$66.30;;;;;;
31/10/2025;Pollo tipo rosticero;Bachoco;Guanajuato;2.7;1.8;$51.00;;;;;;
Nay: Centros de Distribuci?n de Nayarit;;;;;;;;;;;;
1/10/2025;Pollo entero;Bachoco;Nayarit;2.7;2.5;$58.90;;;;;;
2/10/2025;Pollo entero;Bachoco;Nayarit;2.7;2.5;$59.00;;;;;;
3/10/2025;Pollo entero;Bachoco;Nayarit;2.7;2.5;$59.00;;;;;;
6/10/2025;Pollo entero;Bachoco;Nayarit;2.7;2.5;$58.70;;;;;;
7/10/2025;Pollo entero;Bachoco;Nayarit;2.7;2.5;$59.00;;;;;;
8/10/2025;Pollo entero;Bachoco;Nayarit;2.7;2.5;$59.00;;;;;;
9/10/2025;Pollo entero;Bachoco;Nayarit;2.7;2.5;$59.00;;;;;;
10/10/2025;Pollo entero;Bachoco;Nayarit;2.7;2.5;$58.90;;;;;;
13/10/2025;Pollo entero;Bachoco;Nayarit;2.7;2.5;$59.00;;;;;;
14/10/2025;Pollo entero;Bachoco;Nayarit;2.7;2.5;$58.60;;;;;;
15/10/2025;Pollo entero;Bachoco;Nayarit;2.7;2.5;$59.00;;;;;;
16/10/2025;Pollo entero;Bachoco;Nayarit;2.7;2.5;$58.00;;;;;;
17/10/2025;Pollo entero;Bachoco;Nayarit;2.7;2.5;$58.00;;;;;;
20/10/2025;Pollo entero;Bachoco;Nayarit;2.7;2.5;$59.00;;;;;;
21/10/2025;Pollo entero;Bachoco;Nayarit;2.7;2.5;$58.00;;;;;;
22/10/2025;Pollo entero;Bachoco;Nayarit;2.7;2.5;$59.00;;;;;;
23/10/2025;Pollo entero;Bachoco;Nayarit;2.7;2.5;$59.00;;;;;;
24/10/2025;Pollo entero;Bachoco;Nayarit;2.7;2.5;$59.00;;;;;;
27/10/2025;Pollo entero;Bachoco;Nayarit;2.7;2.5;$58.70;;;;;;
28/10/2025;Pollo entero;Bachoco;Nayarit;2.7;2.5;$58.90;;;;;;
29/10/2025;Pollo entero;Bachoco;Nayarit;2.7;2.5;$59.00;;;;;;
30/10/2025;Pollo entero;Bachoco;Nayarit;2.7;2.5;$59.00;;;;;;
31/10/2025;Pollo entero;Bachoco;Nayarit;2.7;2.5;$59.00;;;;;;
Qro. : Centros de distribuci?n de Quer?taro;;;;;;;;;;;;
1/10/2025;Pollo entero;Pilgrim's;Quer?taro;2.7;2.5;$44.00;;;;;;
2/10/2025;Pollo entero;Pilgrim's;Quer?taro;2.7;2.5;$44.00;;;;;;
3/10/2025;Pollo entero;Pilgrim's;Quer?taro;2.7;2.5;$44.00;;;;;;
6/10/2025;Pollo entero;Pilgrim's;Quer?taro;2.7;2.5;$44.00;;;;;;
7/10/2025;Pollo entero;Pilgrim's;Quer?taro;2.7;2.5;$42.00;;;;;;
8/10/2025;Pollo entero;Pilgrim's;Quer?taro;2.7;2.5;$42.00;;;;;;
9/10/2025;Pollo entero;Pilgrim's;Quer?taro;2.7;2.5;$42.00;;;;;;
10/10/2025;Pollo entero;Pilgrim's;Quer?taro;2.7;2.5;$42.00;;;;;;
13/10/2025;Pollo entero;Pilgrim's;Quer?taro;2.7;2.5;$40.00;;;;;;
14/10/2025;Pollo entero;Pilgrim's;Quer?taro;2.7;2.5;$40.00;;;;;;
15/10/2025;Pollo entero;Pilgrim's;Quer?taro;2.7;2.5;$40.00;;;;;;
16/10/2025;Pollo entero;Pilgrim's;Quer?taro;2.7;2.5;$40.00;;;;;;
17/10/2025;Pollo entero;Pilgrim's;Quer?taro;2.7;2.5;$42.00;;;;;;
20/10/2025;Pollo entero;Pilgrim's;Quer?taro;2.7;2.5;$42.00;;;;;;
21/10/2025;Pollo entero;Pilgrim's;Quer?taro;2.7;2.5;$42.00;;;;;;
22/10/2025;Pollo entero;Pilgrim's;Quer?taro;2.7;2.5;$41.00;;;;;;
23/10/2025;Pollo entero;Pilgrim's;Quer?taro;2.7;2.5;$41.00;;;;;;
24/10/2025;Pollo entero;Pilgrim's;Quer?taro;2.7;2.5;$41.00;;;;;;
27/10/2025;Pollo entero;Pilgrim's;Quer?taro;2.7;2.5;$41.00;;;;;;
28/10/2025;Pollo entero;Pilgrim's;Quer?taro;2.7;2.5;$43.00;;;;;;
29/10/2025;Pollo entero;Pilgrim's;Quer?taro;2.7;2.5;$43.00;;;;;;
30/10/2025;Pollo entero;Pilgrim's;Quer?taro;2.7;2.5;$43.00;;;;;;
31/10/2025;Pollo entero;Pilgrim's;Quer?taro;2.7;2.5;$43.00;;;;;;
Zac: Mercado de Abasto de Zacatecas;;;;;;;;;;;;
1/10/2025;Pollo entero;Nutri Pollo;San Luis Potos?;2.1;1.9;$70.00;;;;;;
1/10/2025;Pollo entero;Pilgrim's;San Luis Potos?;2.1;1.9;$70.00;;;;;;
1/10/2025;Pollo tipo rosticero;Nutri Pollo;San Luis Potos?;1.4;1.2;$60.00;;;;;;
1/10/2025;Pollo tipo rosticero;Pilgrim's;San Luis Potos?;1.4;1.2;$60.00;;;;;;
2/10/2025;Pollo entero;Nutri Pollo;San Luis Potos?;2.1;1.9;$70.00;;;;;;
2/10/2025;Pollo entero;Pilgrim's;San Luis Potos?;2.1;1.9;$70.00;;;;;;
2/10/2025;Pollo tipo rosticero;Nutri Pollo;San Luis Potos?;1.4;1.2;$60.00;;;;;;
2/10/2025;Pollo tipo rosticero;Pilgrim's;San Luis Potos?;1.4;1.2;$60.00;;;;;;
3/10/2025;Pollo entero;Nutri Pollo;San Luis Potos?;2.1;1.9;$70.00;;;;;;
3/10/2025;Pollo entero;Pilgrim's;San Luis Potos?;2.1;1.9;$70.00;;;;;;
3/10/2025;Pollo tipo rosticero;Nutri Pollo;San Luis Potos?;1.4;1.2;$60.00;;;;;;
3/10/2025;Pollo tipo rosticero;Pilgrim's;San Luis Potos?;1.4;1.2;$60.00;;;;;;
6/10/2025;Pollo entero;Nutri Pollo;San Luis Potos?;2.1;1.9;$70.00;;;;;;
6/10/2025;Pollo entero;Pilgrim's;San Luis Potos?;2.1;1.9;$70.00;;;;;;
6/10/2025;Pollo tipo rosticero;Nutri Pollo;San Luis Potos?;1.4;1.2;$60.00;;;;;;
6/10/2025;Pollo tipo rosticero;Pilgrim's;San Luis Potos?;1.4;1.2;$60.00;;;;;;
7/10/2025;Pollo entero;Nutri Pollo;San Luis Potos?;2.1;1.9;$70.00;;;;;;
7/10/2025;Pollo entero;Pilgrim's;San Luis Potos?;2.1;1.9;$70.00;;;;;;
7/10/2025;Pollo tipo rosticero;Nutri Pollo;San Luis Potos?;1.4;1.2;$60.00;;;;;;
7/10/2025;Pollo tipo rosticero;Pilgrim's;San Luis Potos?;1.4;1.2;$60.00;;;;;;
8/10/2025;Pollo entero;Nutri Pollo;San Luis Potos?;2.1;1.9;$70.00;;;;;;
8/10/2025;Pollo entero;Pilgrim's;San Luis Potos?;2.1;1.9;$70.00;;;;;;
8/10/2025;Pollo tipo rosticero;Nutri Pollo;San Luis Potos?;1.4;1.2;$60.00;;;;;;
8/10/2025;Pollo tipo rosticero;Pilgrim's;San Luis Potos?;1.4;1.2;$60.00;;;;;;
9/10/2025;Pollo entero;Nutri Pollo;San Luis Potos?;2.1;1.9;$70.00;;;;;;
9/10/2025;Pollo entero;Pilgrim's;San Luis Potos?;2.1;1.9;$70.00;;;;;;
9/10/2025;Pollo tipo rosticero;Nutri Pollo;San Luis Potos?;1.4;1.2;$60.00;;;;;;
9/10/2025;Pollo tipo rosticero;Pilgrim's;San Luis Potos?;1.4;1.2;$60.00;;;;;;
10/10/2025;Pollo entero;Nutri Pollo;San Luis Potos?;2.1;1.9;$70.00;;;;;;
10/10/2025;Pollo entero;Pilgrim's;San Luis Potos?;2.1;1.9;$70.00;;;;;;
10/10/2025;Pollo tipo rosticero;Nutri Pollo;San Luis Potos?;1.4;1.2;$60.00;;;;;;
10/10/2025;Pollo tipo rosticero;Pilgrim's;San Luis Potos?;1.4;1.2;$60.00;;;;;;
13/10/2025;Pollo entero;Nutri Pollo;San Luis Potos?;2.1;1.9;$70.00;;;;;;
13/10/2025;Pollo entero;Pilgrim's;San Luis Potos?;2.1;1.9;$70.00;;;;;;
13/10/2025;Pollo tipo rosticero;Nutri Pollo;San Luis Potos?;1.4;1.2;$60.00;;;;;;
13/10/2025;Pollo tipo rosticero;Pilgrim's;San Luis Potos?;1.4;1.2;$60.00;;;;;;
14/10/2025;Pollo entero;Nutri Pollo;San Luis Potos?;2.1;1.9;$70.00;;;;;;
14/10/2025;Pollo entero;Pilgrim's;San Luis Potos?;2.1;1.9;$70.00;;;;;;
14/10/2025;Pollo tipo rosticero;Nutri Pollo;San Luis Potos?;1.4;1.2;$60.00;;;;;;
14/10/2025;Pollo tipo rosticero;Pilgrim's;San Luis Potos?;1.4;1.2;$60.00;;;;;;
15/10/2025;Pollo entero;Nutri Pollo;San Luis Potos?;2.1;1.9;$70.00;;;;;;
15/10/2025;Pollo entero;Pilgrim's;San Luis Potos?;2.1;1.9;$70.00;;;;;;
15/10/2025;Pollo tipo rosticero;Nutri Pollo;San Luis Potos?;1.4;1.2;$60.00;;;;;;
15/10/2025;Pollo tipo rosticero;Pilgrim's;San Luis Potos?;1.4;1.2;$60.00;;;;;;
16/10/2025;Pollo entero;Nutri Pollo;San Luis Potos?;2.1;1.9;$70.00;;;;;;
16/10/2025;Pollo entero;Pilgrim's;San Luis Potos?;2.1;1.9;$70.00;;;;;;
16/10/2025;Pollo tipo rosticero;Nutri Pollo;San Luis Potos?;1.4;1.2;$58.00;;;;;;
16/10/2025;Pollo tipo rosticero;Pilgrim's;San Luis Potos?;1.4;1.2;$58.00;;;;;;
17/10/2025;Pollo entero;Nutri Pollo;San Luis Potos?;2.1;1.9;$70.00;;;;;;
17/10/2025;Pollo entero;Pilgrim's;San Luis Potos?;2.1;1.9;$70.00;;;;;;
17/10/2025;Pollo tipo rosticero;Nutri Pollo;San Luis Potos?;1.4;1.2;$58.00;;;;;;
17/10/2025;Pollo tipo rosticero;Pilgrim's;San Luis Potos?;1.4;1.2;$58.00;;;;;;
20/10/2025;Pollo entero;Nutri Pollo;San Luis Potos?;2.1;1.9;$70.00;;;;;;
20/10/2025;Pollo entero;Pilgrim's;San Luis Potos?;2.1;1.9;$70.00;;;;;;
20/10/2025;Pollo tipo rosticero;Nutri Pollo;San Luis Potos?;1.4;1.2;$58.00;;;;;;
20/10/2025;Pollo tipo rosticero;Pilgrim's;San Luis Potos?;1.4;1.2;$58.00;;;;;;
21/10/2025;Pollo entero;Nutri Pollo;San Luis Potos?;2.1;1.9;$70.00;;;;;;
21/10/2025;Pollo entero;Pilgrim's;San Luis Potos?;2.1;1.9;$70.00;;;;;;
21/10/2025;Pollo tipo rosticero;Nutri Pollo;San Luis Potos?;1.4;1.2;$58.00;;;;;;
21/10/2025;Pollo tipo rosticero;Pilgrim's;San Luis Potos?;1.4;1.2;$58.00;;;;;;
22/10/2025;Pollo entero;Nutri Pollo;San Luis Potos?;2.1;1.9;$70.00;;;;;;
22/10/2025;Pollo entero;Pilgrim's;San Luis Potos?;2.1;1.9;$70.00;;;;;;
22/10/2025;Pollo tipo rosticero;Nutri Pollo;San Luis Potos?;1.4;1.2;$58.00;;;;;;
22/10/2025;Pollo tipo rosticero;Pilgrim's;San Luis Potos?;1.4;1.2;$58.00;;;;;;
23/10/2025;Pollo entero;Nutri Pollo;San Luis Potos?;2.1;1.9;$70.00;;;;;;
23/10/2025;Pollo entero;Pilgrim's;San Luis Potos?;2.1;1.9;$70.00;;;;;;
23/10/2025;Pollo tipo rosticero;Nutri Pollo;San Luis Potos?;1.4;1.2;$58.00;;;;;;
23/10/2025;Pollo tipo rosticero;Pilgrim's;San Luis Potos?;1.4;1.2;$58.00;;;;;;
24/10/2025;Pollo entero;Nutri Pollo;San Luis Potos?;2.1;1.9;$70.00;;;;;;
24/10/2025;Pollo entero;Pilgrim's;San Luis Potos?;2.1;1.9;$70.00;;;;;;
24/10/2025;Pollo tipo rosticero;Nutri Pollo;San Luis Potos?;1.4;1.2;$58.00;;;;;;
24/10/2025;Pollo tipo rosticero;Pilgrim's;San Luis Potos?;1.4;1.2;$58.00;;;;;;
27/10/2025;Pollo entero;Nutri Pollo;San Luis Potos?;2.1;1.9;$70.00;;;;;;
27/10/2025;Pollo entero;Pilgrim's;San Luis Potos?;2.1;1.9;$70.00;;;;;;
27/10/2025;Pollo tipo rosticero;Nutri Pollo;San Luis Potos?;1.4;1.2;$58.00;;;;;;
27/10/2025;Pollo tipo rosticero;Pilgrim's;San Luis Potos?;1.4;1.2;$58.00;;;;;;
28/10/2025;Pollo entero;Nutri Pollo;San Luis Potos?;2.1;1.9;$70.00;;;;;;
28/10/2025;Pollo entero;Pilgrim's;San Luis Potos?;2.1;1.9;$70.00;;;;;;
28/10/2025;Pollo tipo rosticero;Nutri Pollo;San Luis Potos?;1.4;1.2;$58.00;;;;;;
28/10/2025;Pollo tipo rosticero;Pilgrim's;San Luis Potos?;1.4;1.2;$58.00;;;;;;
29/10/2025;Pollo entero;Nutri Pollo;San Luis Potos?;2.1;1.9;$70.00;;;;;;
29/10/2025;Pollo entero;Pilgrim's;San Luis Potos?;2.1;1.9;$70.00;;;;;;
29/10/2025;Pollo tipo rosticero;Nutri Pollo;San Luis Potos?;1.4;1.2;$58.00;;;;;;
29/10/2025;Pollo tipo rosticero;Pilgrim's;San Luis Potos?;1.4;1.2;$58.00;;;;;;
30/10/2025;Pollo entero;Nutri Pollo;San Luis Potos?;2.1;1.9;$70.00;;;;;;
30/10/2025;Pollo entero;Pilgrim's;San Luis Potos?;2.1;1.9;$70.00;;;;;;
30/10/2025;Pollo tipo rosticero;Nutri Pollo;San Luis Potos?;1.4;1.2;$58.00;;;;;;
30/10/2025;Pollo tipo rosticero;Pilgrim's;San Luis Potos?;1.4;1.2;$58.00;;;;;;
31/10/2025;Pollo entero;Nutri Pollo;San Luis Potos?;2.1;1.9;$70.00;;;;;;
31/10/2025;Pollo entero;Pilgrim's;San Luis Potos?;2.1;1.9;$70.00;;;;;;
31/10/2025;Pollo tipo rosticero;Nutri Pollo;San Luis Potos?;1.4;1.2;$58.00;;;;;;
31/10/2025;Pollo tipo rosticero;Pilgrim's;San Luis Potos?;1.4;1.2;$58.00;;;;;;
;;;;;;;;;;;;
D.F. : Centro de distribuci?n Becerra;;;;;;;;;;;;
3/11/2025;Gallina;Sin marca;Coahuila;3.6;3.3;$53.00;;;;;;
3/11/2025;Pollo entero;Bachoco;Guanajuato;3.5;2.65;$67.00;;;;;;
3/11/2025;Pollo entero;Otros;Veracruz;3.5;2.65;$66.50;;;;;;
3/11/2025;Pollo entero;Pilgrim's;Quer?taro;3.5;2.65;$66.70;;;;;;
3/11/2025;Pollo entero;Tyson;Coahuila;3.5;2.65;$66.90;;;;;;
3/11/2025;Pollo tipo rosticero;Bachoco;Guanajuato;2.7;1.8;$68.00;;;;;;
4/11/2025;Gallina;Sin marca;Veracruz;3.6;3.3;$53.00;;;;;;
4/11/2025;Pollo entero;Bachoco;Guanajuato;3.5;2.65;$67.00;;;;;;
4/11/2025;Pollo entero;Otros;Veracruz;3.5;2.65;$66.50;;;;;;
4/11/2025;Pollo entero;Pilgrim's;Quer?taro;3.5;2.65;$66.70;;;;;;
4/11/2025;Pollo entero;Tyson;Coahuila;3.5;2.65;$66.90;;;;;;
4/11/2025;Pollo tipo rosticero;Bachoco;Guanajuato;2.7;1.8;$68.00;;;;;;
5/11/2025;Gallina;Sin marca;Sinaloa;3.6;3.3;$53.00;;;;;;
5/11/2025;Pollo entero;Bachoco;Guanajuato;3.5;2.65;$67.00;;;;;;
5/11/2025;Pollo entero;Otros;Veracruz;3.5;2.65;$66.50;;;;;;
5/11/2025;Pollo entero;Pilgrim's;Quer?taro;3.5;2.65;$66.70;;;;;;
5/11/2025;Pollo entero;Tyson;Coahuila;3.5;2.65;$66.90;;;;;;
5/11/2025;Pollo tipo rosticero;Bachoco;Guanajuato;2.7;1.8;$68.00;;;;;;
6/11/2025;Gallina;Sin marca;Jalisco;3.6;3.3;$54.00;;;;;;
6/11/2025;Pollo entero;Bachoco;Guanajuato;3.5;2.65;$67.00;;;;;;
6/11/2025;Pollo entero;Otros;Veracruz;3.5;2.65;$66.50;;;;;;
6/11/2025;Pollo entero;Pilgrim's;Quer?taro;3.5;2.65;$66.70;;;;;;
6/11/2025;Pollo entero;Tyson;Coahuila;3.5;2.65;$66.90;;;;;;
6/11/2025;Pollo tipo rosticero;Bachoco;Guanajuato;2.7;1.8;$68.00;;;;;;
7/11/2025;Gallina;Sin marca;Tabasco;3.6;3.3;$54.00;;;;;;
7/11/2025;Pollo entero;Bachoco;Guanajuato;3.5;2.65;$67.00;;;;;;
7/11/2025;Pollo entero;Otros;Veracruz;3.5;2.65;$66.50;;;;;;
7/11/2025;Pollo entero;Pilgrim's;Quer?taro;3.5;2.65;$66.70;;;;;;
7/11/2025;Pollo entero;Tyson;Coahuila;3.5;2.65;$66.90;;;;;;
7/11/2025;Pollo tipo rosticero;Bachoco;Guanajuato;2.7;1.8;$68.00;;;;;;
10/11/2025;Gallina;Sin marca;Veracruz;3.6;3.3;$55.00;;;;;;
10/11/2025;Pollo entero;Bachoco;Guanajuato;3.5;2.65;$68.00;;;;;;
10/11/2025;Pollo entero;Otros;Veracruz;2.7;1.8;$69.00;;;;;;
10/11/2025;Pollo entero;Pilgrim's;Quer?taro;3.5;2.65;$67.70;;;;;;
10/11/2025;Pollo entero;Tyson;Coahuila;3.5;2.65;$67.50;;;;;;
10/11/2025;Pollo tipo rosticero;Bachoco;Guanajuato;2.7;1.8;$69.00;;;;;;
11/11/2025;Gallina;Sin marca;Jalisco;3.6;3.3;$55.00;;;;;;
11/11/2025;Pollo entero;Bachoco;Guanajuato;3.5;2.65;$68.00;;;;;;
11/11/2025;Pollo entero;Otros;Veracruz;3.5;2.65;$67.50;;;;;;
11/11/2025;Pollo entero;Pilgrim's;Quer?taro;3.5;2.65;$67.70;;;;;;
11/11/2025;Pollo entero;Tyson;Coahuila;3.5;2.65;$67.90;;;;;;
11/11/2025;Pollo tipo rosticero;Bachoco;Guanajuato;2.7;1.8;$69.00;;;;;;
12/11/2025;Gallina;Sin marca;Tamaulipas;3.5;3.33;$55.00;;;;;;
12/11/2025;Pollo entero;Bachoco;Guanajuato;3.5;2.65;$68.00;;;;;;
12/11/2025;Pollo entero;Otros;Veracruz;3.5;2.65;$67.50;;;;;;
12/11/2025;Pollo entero;Pilgrim's;Quer?taro;3.5;2.65;$67.70;;;;;;
12/11/2025;Pollo entero;Tyson;Coahuila;3.5;2.65;$67.90;;;;;;
12/11/2025;Pollo tipo rosticero;Bachoco;Guanajuato;2.7;1.8;$69.00;;;;;;
13/11/2025;Gallina;Sin marca;Tabasco;3.6;3.3;$55.00;;;;;;
13/11/2025;Pollo entero;Bachoco;Guanajuato;3.5;2.65;$68.00;;;;;;
13/11/2025;Pollo entero;Otros;Veracruz;3.5;2.65;$67.50;;;;;;
13/11/2025;Pollo entero;Pilgrim's;Quer?taro;3.5;2.65;$67.70;;;;;;
13/11/2025;Pollo entero;Tyson;Coahuila;3.5;2.65;$67.90;;;;;;
13/11/2025;Pollo tipo rosticero;Bachoco;Guanajuato;2.7;1.8;$69.00;;;;;;
14/11/2025;Gallina;Sin marca;Jalisco;3.6;3.3;$55.00;;;;;;
14/11/2025;Pollo entero;Bachoco;Guanajuato;3.5;2.65;$68.00;;;;;;
14/11/2025;Pollo entero;Otros;Veracruz;3.5;2.65;$67.50;;;;;;
14/11/2025;Pollo entero;Pilgrim's;Quer?taro;3.5;2.65;$67.70;;;;;;
14/11/2025;Pollo entero;Tyson;Coahuila;3.5;2.65;$67.90;;;;;;
14/11/2025;Pollo tipo rosticero;Bachoco;Guanajuato;2.7;1.8;$69.00;;;;;;
18/11/2025;Gallina;Sin marca;Coahuila;3.6;3.3;$55.00;;;;;;
18/11/2025;Pollo entero;Bachoco;Guanajuato;3.5;2.65;$69.00;;;;;;
18/11/2025;Pollo entero;Otros;Veracruz;3.5;2.65;$68.50;;;;;;
18/11/2025;Pollo entero;Pilgrim's;Quer?taro;3.5;2.65;$68.70;;;;;;
18/11/2025;Pollo entero;Tyson;Coahuila;3.5;2.65;$68.90;;;;;;
18/11/2025;Pollo tipo rosticero;Bachoco;Guanajuato;2.7;1.8;$70.00;;;;;;
19/11/2025;Gallina;Sin marca;Tamaulipas;3.6;3.3;$55.00;;;;;;
19/11/2025;Pollo entero;Bachoco;Guanajuato;3.5;2.65;$69.00;;;;;;
19/11/2025;Pollo entero;Otros;Veracruz;3.5;2.65;$68.50;;;;;;
19/11/2025;Pollo entero;Pilgrim's;Quer?taro;3.5;2.65;$68.70;;;;;;
19/11/2025;Pollo entero;Tyson;Coahuila;3.5;2.65;$68.90;;;;;;
19/11/2025;Pollo tipo rosticero;Bachoco;Guanajuato;2.7;1.8;$70.00;;;;;;
20/11/2025;Gallina;Sin marca;Sinaloa;3.6;3.3;$55.00;;;;;;
20/11/2025;Pollo entero;Bachoco;Guanajuato;3.5;2.65;$69.00;;;;;;
20/11/2025;Pollo entero;Otros;Veracruz;3.5;2.65;$68.50;;;;;;
20/11/2025;Pollo entero;Pilgrim's;Quer?taro;3.5;2.65;$68.70;;;;;;
20/11/2025;Pollo entero;Tyson;Coahuila;3.5;2.65;$68.90;;;;;;
20/11/2025;Pollo tipo rosticero;Bachoco;Guanajuato;2.7;1.8;$70.00;;;;;;
21/11/2025;Gallina;Sin marca;Tabasco;3.6;3.3;$55.00;;;;;;
21/11/2025;Pollo entero;Bachoco;Guanajuato;3.5;2.65;$69.00;;;;;;
21/11/2025;Pollo entero;Otros;Veracruz;3.5;2.65;$68.50;;;;;;
21/11/2025;Pollo entero;Pilgrim's;Quer?taro;3.5;2.65;$68.70;;;;;;
21/11/2025;Pollo entero;Tyson;Coahuila;3.5;2.65;$68.90;;;;;;
21/11/2025;Pollo tipo rosticero;Bachoco;Guanajuato;2.7;1.8;$70.00;;;;;;
24/11/2025;Gallina;Sin marca;Coahuila;3.36;3.3;$55.00;;;;;;
24/11/2025;Pollo entero;Bachoco;Guanajuato;3.5;2.65;$69.00;;;;;;
24/11/2025;Pollo entero;Otros;Veracruz;3.5;2.65;$68.50;;;;;;
24/11/2025;Pollo entero;Pilgrim's;Quer?taro;3.5;2.65;$68.70;;;;;;
24/11/2025;Pollo entero;Tyson;Coahuila;3.5;2.65;$68.90;;;;;;
24/11/2025;Pollo tipo rosticero;Bachoco;Guanajuato;2.7;1.8;$70.00;;;;;;
25/11/2025;Gallina;Sin marca;Tamaulipas;3.6;3.3;$55.00;;;;;;
25/11/2025;Pollo entero;Bachoco;Guanajuato;3.5;2.65;$69.00;;;;;;
25/11/2025;Pollo entero;Otros;Veracruz;3.5;2.65;$68.50;;;;;;
25/11/2025;Pollo entero;Pilgrim's;Quer?taro;3.5;2.65;$68.70;;;;;;
25/11/2025;Pollo entero;Tyson;Coahuila;3.5;2.65;$68.90;;;;;;
25/11/2025;Pollo tipo rosticero;Bachoco;Guanajuato;2.7;1.8;$70.00;;;;;;
26/11/2025;Gallina;Sin marca;Jalisco;3.6;3.3;$55.00;;;;;;
26/11/2025;Pollo entero;Bachoco;Guanajuato;3.5;2.65;$69.00;;;;;;
26/11/2025;Pollo entero;Otros;Veracruz;3.5;2.65;$68.50;;;;;;
26/11/2025;Pollo entero;Pilgrim's;Quer?taro;3.5;2.65;$68.70;;;;;;
26/11/2025;Pollo entero;Tyson;Coahuila;3.5;2.65;$68.90;;;;;;
26/11/2025;Pollo tipo rosticero;Bachoco;Guanajuato;2.27;1.8;$70.00;;;;;;
27/11/2025;Gallina;Sin marca;Tabasco;3.6;3.3;$55.00;;;;;;
27/11/2025;Pollo entero;Bachoco;Guanajuato;3.5;2.65;$69.00;;;;;;
27/11/2025;Pollo entero;Otros;Veracruz;3.5;2.65;$68.50;;;;;;
27/11/2025;Pollo entero;Pilgrim's;Quer?taro;3.5;2.65;$68.70;;;;;;
27/11/2025;Pollo entero;Tyson;Coahuila;3.5;2.65;$68.90;;;;;;
27/11/2025;Pollo tipo rosticero;Bachoco;Guanajuato;2.7;1.8;$70.00;;;;;;
28/11/2025;Gallina;Sin marca;Sinaloa;3.6;3.3;$55.00;;;;;;
28/11/2025;Pollo entero;Bachoco;Guanajuato;3.5;2.65;$69.00;;;;;;
28/11/2025;Pollo entero;Otros;Veracruz;3.5;2.65;$68.50;;;;;;
28/11/2025;Pollo entero;Pilgrim's;Quer?taro;3.5;2.65;$68.70;;;;;;
28/11/2025;Pollo entero;Tyson;Coahuila;3.5;2.65;$68.90;;;;;;
28/11/2025;Pollo tipo rosticero;Bachoco;Guanajuato;2.7;1.8;$70.00;;;;;;
D.F. : Centro de distribuci?n Nuevo San Juan;;;;;;;;;;;;
3/11/2025;Gallina;Sin marca;Veracruz;3.6;3.3;$53.00;;;;;;
3/11/2025;Pollo entero;Bachoco;Guanajuato;3.5;2.65;$66.90;;;;;;
3/11/2025;Pollo entero;Otros;Veracruz;3.5;2.65;$66.30;;;;;;
3/11/2025;Pollo entero;Pilgrim's;Quer?taro;3.5;2.65;$66.50;;;;;;
3/11/2025;Pollo entero;Tyson;Coahuila;3.5;2.65;$66.70;;;;;;
3/11/2025;Pollo tipo rosticero;Bachoco;Guanajuato;2.7;1.8;$68.00;;;;;;
4/11/2025;Gallina;Sin marca;Oaxaca;3.6;3.3;$53.00;;;;;;
4/11/2025;Pollo entero;Bachoco;Guanajuato;3.5;2.65;$66.40;;;;;;
4/11/2025;Pollo entero;Otros;Veracruz;3.5;2.65;$66.50;;;;;;
4/11/2025;Pollo entero;Pilgrim's;Quer?taro;3.5;2.65;$66.50;;;;;;
4/11/2025;Pollo entero;Tyson;Coahuila;3.5;2.65;$66.70;;;;;;
4/11/2025;Pollo tipo rosticero;Bachoco;Guanajuato;2.7;1.8;$68.00;;;;;;
5/11/2025;Gallina;Sin marca;Chiapas;3.6;3.3;$53.00;;;;;;
5/11/2025;Pollo entero;Bachoco;Guanajuato;3.5;2.65;$66.90;;;;;;
5/11/2025;Pollo entero;Otros;Veracruz;3.5;2.65;$66.30;;;;;;
5/11/2025;Pollo entero;Pilgrim's;Quer?taro;3.5;2.65;$66.50;;;;;;
5/11/2025;Pollo entero;Tyson;Coahuila;3.5;2.65;$66.70;;;;;;
5/11/2025;Pollo tipo rosticero;Bachoco;Guanajuato;2.7;1.8;$68.00;;;;;;
6/11/2025;Gallina;Sin marca;Oaxaca;3.6;3.3;$54.00;;;;;;
6/11/2025;Pollo entero;Bachoco;Guanajuato;3.5;2.65;$66.90;;;;;;
6/11/2025;Pollo entero;Otros;Veracruz;3.5;2.65;$66.30;;;;;;
6/11/2025;Pollo entero;Pilgrim's;Quer?taro;3.5;2.65;$66.50;;;;;;
6/11/2025;Pollo entero;Tyson;Coahuila;3.5;2.65;$66.70;;;;;;
6/11/2025;Pollo tipo rosticero;Bachoco;Guanajuato;2.7;1.8;$68.00;;;;;;
7/11/2025;Gallina;Sin marca;Jalisco;3.6;3.3;$54.00;;;;;;
7/11/2025;Pollo entero;Bachoco;Guanajuato;3.5;2.65;$66.90;;;;;;
7/11/2025;Pollo entero;Otros;Veracruz;3.5;2.65;$66.30;;;;;;
7/11/2025;Pollo entero;Pilgrim's;Quer?taro;3.5;2.65;$66.50;;;;;;
7/11/2025;Pollo entero;Tyson;Coahuila;3.5;2.65;$66.70;;;;;;
7/11/2025;Pollo tipo rosticero;Bachoco;Guanajuato;2.7;1.8;$68.00;;;;;;
10/11/2025;Gallina;Sin marca;Chiapas;3.6;3.3;$55.00;;;;;;
10/11/2025;Pollo entero;Bachoco;Guanajuato;3.5;2.65;$67.90;;;;;;
10/11/2025;Pollo entero;Otros;Veracruz;3.5;2.65;$67.30;;;;;;
10/11/2025;Pollo entero;Pilgrim's;Quer?taro;3.5;2.65;$67.50;;;;;;
10/11/2025;Pollo entero;Tyson;Coahuila;3.5;2.65;$67.70;;;;;;
10/11/2025;Pollo tipo rosticero;Bachoco;Guanajuato;2.7;1.8;$69.00;;;;;;
11/11/2025;Gallina;Sin marca;Oaxaca;3.6;3.3;$55.00;;;;;;
11/11/2025;Pollo entero;Bachoco;Guanajuato;3.5;2.65;$67.90;;;;;;
11/11/2025;Pollo entero;Otros;Veracruz;3.5;2.65;$67.30;;;;;;
11/11/2025;Pollo entero;Pilgrim's;Quer?taro;3.5;2.65;$67.50;;;;;;
11/11/2025;Pollo entero;Tyson;Coahuila;3.5;2.65;$67.70;;;;;;
11/11/2025;Pollo tipo rosticero;Bachoco;Guanajuato;2.7;1.8;$69.00;;;;;;
12/11/2025;Gallina;Sin marca;Durango;3.6;3.3;$55.00;;;;;;
12/11/2025;Pollo entero;Bachoco;Guanajuato;3.5;2.65;$67.90;;;;;;
12/11/2025;Pollo entero;Otros;Veracruz;3.5;2.65;$67.30;;;;;;
12/11/2025;Pollo entero;Pilgrim's;Quer?taro;3.5;2.65;$67.50;;;;;;
12/11/2025;Pollo entero;Tyson;Coahuila;3.5;2.65;$67.70;;;;;;
12/11/2025;Pollo tipo rosticero;Bachoco;Guanajuato;2.7;1.8;$69.00;;;;;;
13/11/2025;Gallina;Sin marca;Tamaulipas;3.6;3.3;$55.00;;;;;;
13/11/2025;Pollo entero;Bachoco;Guanajuato;3.5;2.65;$67.90;;;;;;
13/11/2025;Pollo entero;Otros;Veracruz;3.5;2.65;$67.30;;;;;;
13/11/2025;Pollo entero;Pilgrim's;Quer?taro;3.5;2.65;$67.50;;;;;;
13/11/2025;Pollo entero;Tyson;Coahuila;3.5;2.65;$67.70;;;;;;
13/11/2025;Pollo tipo rosticero;Bachoco;Guanajuato;2.7;1.8;$69.00;;;;;;
14/11/2025;Gallina;Sin marca;Sinaloa;3.6;3.3;$55.00;;;;;;
14/11/2025;Pollo entero;Bachoco;Guanajuato;3.5;2.65;$67.90;;;;;;
14/11/2025;Pollo entero;Otros;Veracruz;3.5;2.65;$67.30;;;;;;
14/11/2025;Pollo entero;Pilgrim's;Quer?taro;3.5;2.65;$67.50;;;;;;
14/11/2025;Pollo entero;Tyson;Coahuila;3.5;2.65;$67.70;;;;;;
14/11/2025;Pollo tipo rosticero;Bachoco;Guanajuato;2.7;1.8;$69.00;;;;;;
18/11/2025;Gallina;Sin marca;Veracruz;3.6;3.3;$55.00;;;;;;
18/11/2025;Pollo entero;Bachoco;Guanajuato;3.5;2.65;$68.90;;;;;;
18/11/2025;Pollo entero;Otros;Veracruz;3.5;2.65;$68.30;;;;;;
18/11/2025;Pollo entero;Pilgrim's;Quer?taro;3.5;2.65;$68.50;;;;;;
18/11/2025;Pollo entero;Tyson;Coahuila;3.5;2.65;$68.70;;;;;;
18/11/2025;Pollo tipo rosticero;Bachoco;Guanajuato;2.7;1.8;$70.00;;;;;;
19/11/2025;Gallina;Sin marca;Chiapas;3.6;3.3;$55.00;;;;;;
19/11/2025;Pollo entero;Bachoco;Guanajuato;3.5;2.65;$68.90;;;;;;
19/11/2025;Pollo entero;Otros;Veracruz;3.5;2.65;$68.30;;;;;;
19/11/2025;Pollo entero;Pilgrim's;Quer?taro;3.5;2.65;$68.50;;;;;;
19/11/2025;Pollo entero;Tyson;Coahuila;3.5;2.65;$68.70;;;;;;
19/11/2025;Pollo tipo rosticero;Bachoco;Guanajuato;2.7;1.8;$70.00;;;;;;
20/11/2025;Gallina;Sin marca;Durango;3.6;3.3;$55.00;;;;;;
20/11/2025;Pollo entero;Bachoco;Guanajuato;3.5;2.65;$68.90;;;;;;
20/11/2025;Pollo entero;Otros;Veracruz;3.5;2.65;$68.30;;;;;;
20/11/2025;Pollo entero;Pilgrim's;Quer?taro;3.5;2.65;$68.50;;;;;;
20/11/2025;Pollo entero;Tyson;Coahuila;3.5;2.65;$68.70;;;;;;
20/11/2025;Pollo tipo rosticero;Bachoco;Guanajuato;2.7;1.8;$70.00;;;;;;
21/11/2025;Gallina;Sin marca;Michoac?n;3.6;3.3;$55.00;;;;;;
21/11/2025;Pollo entero;Bachoco;Guanajuato;3.5;2.65;$68.90;;;;;;
21/11/2025;Pollo entero;Otros;Veracruz;3.5;2.65;$68.30;;;;;;
21/11/2025;Pollo entero;Pilgrim's;Quer?taro;3.5;2.65;$68.50;;;;;;
21/11/2025;Pollo entero;Tyson;Coahuila;3.5;2.65;$68.70;;;;;;
21/11/2025;Pollo tipo rosticero;Bachoco;Guanajuato;2.7;1.8;$70.00;;;;;;
24/11/2025;Gallina;Sin marca;Veracruz;3.6;3.3;$55.00;;;;;;
24/11/2025;Pollo entero;Bachoco;Guanajuato;3.5;2.65;$68.90;;;;;;
24/11/2025;Pollo entero;Otros;Veracruz;3.5;2.65;$68.30;;;;;;
24/11/2025;Pollo entero;Pilgrim's;Quer?taro;3.5;2.65;$68.50;;;;;;
24/11/2025;Pollo entero;Tyson;Coahuila;3.5;2.65;$68.70;;;;;;
24/11/2025;Pollo tipo rosticero;Bachoco;Guanajuato;2.7;1.8;$70.00;;;;;;
25/11/2025;Gallina;Sin marca;Chiapas;3.6;3.3;$55.00;;;;;;
25/11/2025;Pollo entero;Bachoco;Guanajuato;3.5;2.65;$68.90;;;;;;
25/11/2025;Pollo entero;Otros;Veracruz;3.5;2.65;$68.30;;;;;;
25/11/2025;Pollo entero;Pilgrim's;Quer?taro;3.5;2.65;$68.50;;;;;;
25/11/2025;Pollo entero;Tyson;Coahuila;3.5;2.65;$68.70;;;;;;
25/11/2025;Pollo tipo rosticero;Bachoco;Guanajuato;2.7;1.8;$70.00;;;;;;
26/11/2025;Gallina;Sin marca;Michoac?n;3.6;3.3;$55.00;;;;;;
26/11/2025;Pollo entero;Bachoco;Guanajuato;3.5;2.65;$68.90;;;;;;
26/11/2025;Pollo entero;Otros;Veracruz;3.5;2.65;$68.30;;;;;;
26/11/2025;Pollo entero;Pilgrim's;Quer?taro;3.5;2.65;$68.50;;;;;;
26/11/2025;Pollo entero;Tyson;Coahuila;3.5;2.65;$68.70;;;;;;
26/11/2025;Pollo tipo rosticero;Bachoco;Guanajuato;2.7;1.8;$70.00;;;;;;
27/11/2025;Gallina;Sin marca;Jalisco;3.6;3.3;$55.00;;;;;;
27/11/2025;Pollo entero;Bachoco;Guanajuato;3.5;2.65;$68.90;;;;;;
27/11/2025;Pollo entero;Otros;Veracruz;3.5;2.65;$68.30;;;;;;
27/11/2025;Pollo entero;Pilgrim's;Quer?taro;3.5;2.65;$68.50;;;;;;
27/11/2025;Pollo entero;Tyson;Coahuila;3.5;2.65;$68.70;;;;;;
27/11/2025;Pollo tipo rosticero;Bachoco;Guanajuato;2.7;1.8;$70.00;;;;;;
28/11/2025;Gallina;Sin marca;Michoac?n;3.6;3.3;$55.00;;;;;;
28/11/2025;Pollo entero;Bachoco;Guanajuato;3.5;2.65;$68.90;;;;;;
28/11/2025;Pollo entero;Otros;Veracruz;3.5;2.65;$68.30;;;;;;
28/11/2025;Pollo entero;Pilgrim's;Quer?taro;3.5;2.65;$68.50;;;;;;
28/11/2025;Pollo entero;Tyson;Coahuila;3.5;2.65;$68.70;;;;;;
28/11/2025;Pollo tipo rosticero;Bachoco;Guanajuato;2.7;1.8;$70.00;;;;;;
D.F. : Centro de distribuci?n Ray?n;;;;;;;;;;;;
3/11/2025;Gallina;Sin marca;Guanajuato;3.6;3.3;$53.00;;;;;;
3/11/2025;Pollo entero;Bachoco;Guanajuato;3.5;2.65;$66.70;;;;;;
3/11/2025;Pollo entero;Otros;Veracruz;3.5;2.65;$66.30;;;;;;
3/11/2025;Pollo entero;Pilgrim's;Quer?taro;3.5;2.65;$66.50;;;;;;
3/11/2025;Pollo tipo rosticero;Bachoco;Guanajuato;2.7;1.8;$68.00;;;;;;
4/11/2025;Gallina;Sin marca;Tlaxcala;3.6;3.3;$53.00;;;;;;
4/11/2025;Pollo entero;Bachoco;Quer?taro;3.5;2.65;$66.70;;;;;;
4/11/2025;Pollo entero;Otros;Veracruz;3.5;2.65;$66.30;;;;;;
4/11/2025;Pollo entero;Pilgrim's;Quer?taro;3.5;2.65;$66.50;;;;;;
4/11/2025;Pollo tipo rosticero;Bachoco;Guanajuato;2.7;1.8;$68.00;;;;;;
5/11/2025;Gallina;Sin marca;Hidalgo;3.6;3.3;$53.00;;;;;;
5/11/2025;Pollo entero;Bachoco;Guanajuato;3.5;2.65;$66.70;;;;;;
5/11/2025;Pollo entero;Otros;Veracruz;3.5;2.65;$66.30;;;;;;
5/11/2025;Pollo entero;Pilgrim's;Quer?taro;3.5;2.65;$66.50;;;;;;
5/11/2025;Pollo tipo rosticero;Bachoco;Guanajuato;2.7;1.8;$68.00;;;;;;
6/11/2025;Gallina;Sin marca;Edo. de M?xico;3.6;3.3;$53.00;;;;;;
6/11/2025;Pollo entero;Bachoco;Guanajuato;3.5;2.65;$66.70;;;;;;
6/11/2025;Pollo entero;Otros;Veracruz;3.5;2.65;$66.30;;;;;;
6/11/2025;Pollo entero;Pilgrim's;Quer?taro;3.5;2.65;$66.50;;;;;;
6/11/2025;Pollo tipo rosticero;Bachoco;Guanajuato;2.7;1.8;$68.00;;;;;;
7/11/2025;Gallina;Sin marca;Morelos;3.6;3.3;$53.00;;;;;;
7/11/2025;Pollo entero;Bachoco;Guanajuato;3.5;2.65;$66.70;;;;;;
7/11/2025;Pollo entero;Otros;Veracruz;3.5;2.65;$66.30;;;;;;
7/11/2025;Pollo entero;Pilgrim's;Quer?taro;3.5;2.65;$66.50;;;;;;
7/11/2025;Pollo tipo rosticero;Bachoco;Guanajuato;2.7;1.8;$68.00;;;;;;
10/11/2025;Gallina;Sin marca;Tlaxcala;3.6;3.3;$54.00;;;;;;
10/11/2025;Pollo entero;Bachoco;Guanajuato;3.5;2.65;$67.70;;;;;;
10/11/2025;Pollo entero;Otros;Veracruz;3.5;2.65;$67.30;;;;;;
10/11/2025;Pollo entero;Pilgrim's;Quer?taro;3.5;2.65;$67.50;;;;;;
10/11/2025;Pollo tipo rosticero;Bachoco;Guanajuato;2.7;1.8;$69.00;;;;;;
11/11/2025;Gallina;Sin marca;Puebla;3.6;3.3;$54.00;;;;;;
11/11/2025;Pollo entero;Bachoco;Guanajuato;3.5;2.65;$67.70;;;;;;
11/11/2025;Pollo entero;Otros;Veracruz;3.5;2.65;$67.30;;;;;;
11/11/2025;Pollo entero;Pilgrim's;Quer?taro;3.5;2.65;$67.50;;;;;;
11/11/2025;Pollo tipo rosticero;Bachoco;Guanajuato;2.7;1.8;$69.00;;;;;;
12/11/2025;Gallina;Sin marca;Michoac?n;3.6;3.3;$55.00;;;;;;
12/11/2025;Pollo entero;Bachoco;Guanajuato;3.5;2.65;$67.70;;;;;;
12/11/2025;Pollo entero;Otros;Veracruz;3.5;2.65;$67.30;;;;;;
12/11/2025;Pollo entero;Pilgrim's;Quer?taro;3.5;2.65;$67.50;;;;;;
12/11/2025;Pollo tipo rosticero;Bachoco;Guanajuato;2.7;1.8;$69.00;;;;;;
13/11/2025;Gallina;Sin marca;Zacatecas;3.6;3.3;$55.00;;;;;;
13/11/2025;Pollo entero;Bachoco;Guanajuato;3.5;2.65;$67.70;;;;;;
13/11/2025;Pollo entero;Otros;Veracruz;3.5;2.65;$67.30;;;;;;
13/11/2025;Pollo entero;Pilgrim's;Quer?taro;3.5;2.65;$67.50;;;;;;
13/11/2025;Pollo tipo rosticero;Bachoco;Guanajuato;2.7;1.8;$69.00;;;;;;
14/11/2025;Gallina;Sin marca;Morelos;3.6;3.3;$55.00;;;;;;
14/11/2025;Pollo entero;Bachoco;Guanajuato;3.5;2.65;$67.70;;;;;;
14/11/2025;Pollo entero;Otros;Veracruz;3.5;2.65;$67.30;;;;;;
14/11/2025;Pollo entero;Pilgrim's;Quer?taro;3.5;2.65;$67.50;;;;;;
14/11/2025;Pollo tipo rosticero;Bachoco;Guanajuato;2.7;1.8;$69.00;;;;;;
18/11/2025;Gallina;Sin marca;Guanajuato;3.6;3.3;$55.00;;;;;;
18/11/2025;Pollo entero;Bachoco;Guanajuato;3.5;2.65;$68.70;;;;;;
18/11/2025;Pollo entero;Otros;Veracruz;3.5;2.65;$68.30;;;;;;
18/11/2025;Pollo entero;Pilgrim's;Quer?taro;3.5;2.65;$68.50;;;;;;
18/11/2025;Pollo tipo rosticero;Bachoco;Guanajuato;2.7;1.8;$70.00;;;;;;
19/11/2025;Gallina;Sin marca;Puebla;3.6;3.3;$55.00;;;;;;
19/11/2025;Gallina;Sin marca;Veracruz;3.6;3.3;$55.00;;;;;;
19/11/2025;Pollo entero;Bachoco;Guanajuato;3.5;2.65;$68.70;;;;;;
19/11/2025;Pollo entero;Otros;Veracruz;3.5;2.65;$68.30;;;;;;
19/11/2025;Pollo entero;Pilgrim's;Quer?taro;3.5;2.65;$68.50;;;;;;
19/11/2025;Pollo tipo rosticero;Bachoco;Guanajuato;2.7;1.8;$70.00;;;;;;
20/11/2025;Gallina;Sin marca;Zacatecas;3.6;3.3;$55.00;;;;;;
20/11/2025;Pollo entero;Bachoco;Quer?taro;3.5;2.65;$68.70;;;;;;
20/11/2025;Pollo entero;Otros;Veracruz;3.5;2.65;$68.30;;;;;;
20/11/2025;Pollo entero;Pilgrim's;Quer?taro;3.5;2.65;$68.50;;;;;;
20/11/2025;Pollo tipo rosticero;Bachoco;Quer?taro;2.7;1.8;$70.00;;;;;;
21/11/2025;Gallina;Sin marca;Guerrero;3.6;3.3;$55.00;;;;;;
21/11/2025;Pollo entero;Bachoco;Guanajuato;3.5;2.65;$68.70;;;;;;
21/11/2025;Pollo entero;Otros;Veracruz;3.5;2.65;$68.30;;;;;;
21/11/2025;Pollo entero;Pilgrim's;Quer?taro;3.5;2.65;$68.50;;;;;;
21/11/2025;Pollo tipo rosticero;Bachoco;Guanajuato;2.7;1.8;$70.00;;;;;;
24/11/2025;Gallina;Sin marca;Guanajuato;3.6;3.3;$55.00;;;;;;
24/11/2025;Pollo entero;Bachoco;Guanajuato;3.5;2.65;$68.70;;;;;;
24/11/2025;Pollo entero;Otros;Veracruz;3.5;2.65;$68.30;;;;;;
24/11/2025;Pollo entero;Pilgrim's;Quer?taro;3.5;2.65;$68.50;;;;;;
24/11/2025;Pollo tipo rosticero;Bachoco;Guanajuato;2.7;1.8;$70.00;;;;;;
25/11/2025;Gallina;Sin marca;Tlaxcala;3.6;3.3;$55.00;;;;;;
25/11/2025;Pollo entero;Bachoco;Guanajuato;3.5;2.65;$68.70;;;;;;
25/11/2025;Pollo entero;Otros;Veracruz;3.5;2.65;$68.30;;;;;;
25/11/2025;Pollo entero;Pilgrim's;Quer?taro;3.5;2.65;$68.50;;;;;;
25/11/2025;Pollo tipo rosticero;Bachoco;Guanajuato;2.7;1.8;$70.00;;;;;;
26/11/2025;Gallina;Sin marca;Zacatecas;3.6;3.3;$55.00;;;;;;
26/11/2025;Pollo entero;Bachoco;Guanajuato;3.5;2.65;$68.70;;;;;;
26/11/2025;Pollo entero;Otros;Veracruz;3.5;2.65;$68.30;;;;;;
26/11/2025;Pollo entero;Pilgrim's;Quer?taro;3.5;2.65;$68.50;;;;;;
26/11/2025;Pollo tipo rosticero;Bachoco;Guanajuato;2.7;1.8;$70.00;;;;;;
27/11/2025;Gallina;Sin marca;Edo. de M?xico;3.6;3.3;$55.00;;;;;;
27/11/2025;Pollo entero;Bachoco;Guanajuato;3.5;2.65;$68.70;;;;;;
27/11/2025;Pollo entero;Otros;Veracruz;3.5;2.65;$68.30;;;;;;
27/11/2025;Pollo entero;Pilgrim's;Quer?taro;3.5;2.65;$68.50;;;;;;
27/11/2025;Pollo tipo rosticero;Bachoco;Guanajuato;2.7;1.8;$70.00;;;;;;
28/11/2025;Gallina;Sin marca;Morelos;3.6;3.3;$55.00;;;;;;
28/11/2025;Pollo entero;Bachoco;Guanajuato;3.5;2.65;$68.70;;;;;;
28/11/2025;Pollo entero;Otros;Veracruz;3.5;2.65;$68.30;;;;;;
28/11/2025;Pollo entero;Pilgrim's;Quer?taro;3.5;2.65;$68.50;;;;;;
28/11/2025;Pollo tipo rosticero;Bachoco;Guanajuato;2.7;1.8;$70.00;;;;;;
D.F. : Centro de distribuci?n San Juan;;;;;;;;;;;;
3/11/2025;Gallina;Sin marca;Quer?taro;3.6;3.3;$53.00;;;;;;
3/11/2025;Pollo entero;Bachoco;Guanajuato;3.5;2.65;$66.50;;;;;;
3/11/2025;Pollo entero;Otros;Veracruz;3.5;2.65;$66.00;;;;;;
3/11/2025;Pollo entero;Pilgrim's;Quer?taro;3.5;2.65;$66.30;;;;;;
3/11/2025;Pollo tipo rosticero;Bachoco;Guanajuato;2.7;1.8;$68.00;;;;;;
4/11/2025;Gallina;Sin marca;Edo. de M?xico;3.6;3.3;$53.00;;;;;;
4/11/2025;Pollo entero;Bachoco;Guanajuato;3.5;2.65;$66.50;;;;;;
4/11/2025;Pollo entero;Otros;Veracruz;3.5;2.65;$66.00;;;;;;
4/11/2025;Pollo entero;Pilgrim's;Quer?taro;3.5;2.65;$66.30;;;;;;
4/11/2025;Pollo tipo rosticero;Bachoco;Guanajuato;2.7;1.8;$68.00;;;;;;
5/11/2025;Gallina;Sin marca;Puebla;3.6;3.3;$53.00;;;;;;
5/11/2025;Pollo entero;Bachoco;Guanajuato;3.5;2.65;$66.50;;;;;;
5/11/2025;Pollo entero;Otros;Veracruz;3.5;2.65;$66.00;;;;;;
5/11/2025;Pollo entero;Pilgrim's;Quer?taro;3.5;2.65;$66.30;;;;;;
5/11/2025;Pollo tipo rosticero;Bachoco;Guanajuato;2.7;1.8;$68.00;;;;;;
6/11/2025;Gallina;Sin marca;Tlaxcala;3.6;3.3;$53.00;;;;;;
6/11/2025;Pollo entero;Bachoco;Guanajuato;3.5;2.65;$66.50;;;;;;
6/11/2025;Pollo entero;Otros;Veracruz;3.5;2.65;$66.00;;;;;;
6/11/2025;Pollo entero;Pilgrim's;Quer?taro;3.5;2.65;$66.30;;;;;;
6/11/2025;Pollo tipo rosticero;Bachoco;Guanajuato;2.7;1.8;$68.00;;;;;;
7/11/2025;Gallina;Sin marca;Guerrero;3.6;3.3;$53.00;;;;;;
7/11/2025;Pollo entero;Bachoco;Guanajuato;3.5;2.65;$66.50;;;;;;
7/11/2025;Pollo entero;Otros;Veracruz;3.5;2.65;$66.00;;;;;;
7/11/2025;Pollo entero;Pilgrim's;Quer?taro;3.5;2.65;$66.30;;;;;;
7/11/2025;Pollo tipo rosticero;Bachoco;Guanajuato;2.7;1.8;$68.00;;;;;;
10/11/2025;Gallina;Sin marca;Hidalgo;3.6;3.3;$54.00;;;;;;
10/11/2025;Pollo entero;Bachoco;Guanajuato;3.5;2.65;$67.50;;;;;;
10/11/2025;Pollo entero;Otros;Veracruz;3.5;2.65;$67.00;;;;;;
10/11/2025;Pollo entero;Pilgrim's;Quer?taro;3.5;2.65;$67.30;;;;;;
10/11/2025;Pollo tipo rosticero;Bachoco;Guanajuato;2.7;1.8;$69.00;;;;;;
11/11/2025;Gallina;Sin marca;Edo. de M?xico;3.6;3.3;$54.00;;;;;;
11/11/2025;Pollo entero;Bachoco;Guanajuato;3.5;2.65;$67.50;;;;;;
11/11/2025;Pollo entero;Otros;Veracruz;3.5;2.65;$67.00;;;;;;
11/11/2025;Pollo entero;Pilgrim's;Quer?taro;3.5;2.65;$67.30;;;;;;
11/11/2025;Pollo tipo rosticero;Bachoco;Guanajuato;2.7;1.8;$67.00;;;;;;
12/11/2025;Gallina;Sin marca;Puebla;3.6;3.3;$55.00;;;;;;
12/11/2025;Pollo entero;Bachoco;Guanajuato;3.5;2.65;$67.50;;;;;;
12/11/2025;Pollo entero;Otros;Veracruz;3.5;2.65;$67.00;;;;;;
12/11/2025;Pollo entero;Pilgrim's;Quer?taro;3.5;2.65;$67.30;;;;;;
12/11/2025;Pollo tipo rosticero;Bachoco;Guanajuato;2.7;1.8;$69.00;;;;;;
13/11/2025;Gallina;Sin marca;Edo. de M?xico;3.6;3.3;$55.00;;;;;;
13/11/2025;Pollo entero;Bachoco;Guanajuato;3.5;2.65;$67.50;;;;;;
13/11/2025;Pollo entero;Otros;Veracruz;3.5;2.65;$67.00;;;;;;
13/11/2025;Pollo entero;Pilgrim's;Quer?taro;3.5;2.65;$67.30;;;;;;
13/11/2025;Pollo tipo rosticero;Bachoco;Guanajuato;2.7;1.8;$69.00;;;;;;
14/11/2025;Gallina;Sin marca;Guerrero;3.6;3.3;$55.00;;;;;;
14/11/2025;Pollo entero;Bachoco;Guanajuato;3.5;2.65;$67.50;;;;;;
14/11/2025;Pollo entero;Otros;Veracruz;3.5;2.65;$67.00;;;;;;
14/11/2025;Pollo entero;Pilgrim's;Quer?taro;3.5;2.65;$67.30;;;;;;
14/11/2025;Pollo tipo rosticero;Bachoco;Guanajuato;2.7;1.8;$69.00;;;;;;
18/11/2025;Gallina;Sin marca;Quer?taro;3.6;3.3;$55.00;;;;;;
18/11/2025;Pollo entero;Bachoco;Guanajuato;3.5;2.65;$68.50;;;;;;
18/11/2025;Pollo entero;Otros;Veracruz;3.5;2.65;$68.00;;;;;;
18/11/2025;Pollo entero;Pilgrim's;Quer?taro;3.5;2.65;$68.30;;;;;;
18/11/2025;Pollo tipo rosticero;Bachoco;Guanajuato;2.7;1.8;$70.00;;;;;;
19/11/2025;Gallina;Sin marca;Tlaxcala;3.6;3.3;$55.00;;;;;;
19/11/2025;Pollo entero;Bachoco;Guanajuato;3.5;2.65;$68.50;;;;;;
19/11/2025;Pollo entero;Otros;Veracruz;3.5;2.65;$68.00;;;;;;
19/11/2025;Pollo entero;Pilgrim's;Quer?taro;3.5;2.65;$68.30;;;;;;
19/11/2025;Pollo tipo rosticero;Bachoco;Guanajuato;2.7;1.8;$70.00;;;;;;
20/11/2025;Gallina;Sin marca;Puebla;3.6;3.3;$55.00;;;;;;
20/11/2025;Pollo entero;Bachoco;Guanajuato;3.5;2.65;$68.50;;;;;;
20/11/2025;Pollo entero;Otros;Veracruz;3.5;2.65;$68.00;;;;;;
20/11/2025;Pollo entero;Pilgrim's;Quer?taro;3.5;2.65;$68.30;;;;;;
20/11/2025;Pollo tipo rosticero;Bachoco;Guanajuato;2.7;1.8;$70.00;;;;;;
21/11/2025;Gallina;Sin marca;Morelos;3.6;3.3;$55.00;;;;;;
21/11/2025;Pollo entero;Bachoco;Guanajuato;3.5;2.65;$68.50;;;;;;
21/11/2025;Pollo entero;Otros;Veracruz;3.5;2.65;$68.00;;;;;;
21/11/2025;Pollo entero;Pilgrim's;Quer?taro;3.5;2.65;$68.30;;;;;;
21/11/2025;Pollo tipo rosticero;Bachoco;Guanajuato;2.7;1.8;$70.00;;;;;;
24/11/2025;Gallina;Sin marca;Quer?taro;3.6;3.3;$55.00;;;;;;
24/11/2025;Pollo entero;Bachoco;Guanajuato;3.5;2.65;$68.50;;;;;;
24/11/2025;Pollo entero;Otros;Veracruz;3.5;2.65;$68.00;;;;;;
24/11/2025;Pollo entero;Pilgrim's;Quer?taro;3.5;2.65;$68.30;;;;;;
24/11/2025;Pollo tipo rosticero;Bachoco;Guanajuato;2.7;1.8;$70.00;;;;;;
25/11/2025;Gallina;Sin marca;Hidalgo;3.6;3.3;$55.00;;;;;;
25/11/2025;Pollo entero;Bachoco;Guanajuato;3.5;2.65;$68.50;;;;;;
25/11/2025;Pollo entero;Otros;Veracruz;3.5;2.65;$68.00;;;;;;
25/11/2025;Pollo entero;Pilgrim's;Quer?taro;3.5;2.65;$68.30;;;;;;
25/11/2025;Pollo tipo rosticero;Bachoco;Guanajuato;2.7;1.8;$70.00;;;;;;
26/11/2025;Gallina;Sin marca;Puebla;3.6;3.3;$55.00;;;;;;
26/11/2025;Pollo entero;Bachoco;Guanajuato;3.5;2.65;$68.50;;;;;;
26/11/2025;Pollo entero;Otros;Veracruz;3.5;2.65;$68.00;;;;;;
26/11/2025;Pollo entero;Pilgrim's;Quer?taro;3.5;2.65;$68.30;;;;;;
26/11/2025;Pollo tipo rosticero;Bachoco;Guanajuato;2.7;1.8;$70.00;;;;;;
27/11/2025;Gallina;Sin marca;Tlaxcala;3.6;3.3;$55.00;;;;;;
27/11/2025;Pollo entero;Bachoco;Guanajuato;3.5;2.65;$68.50;;;;;;
27/11/2025;Pollo entero;Otros;Veracruz;3.5;2.65;$68.00;;;;;;
27/11/2025;Pollo entero;Pilgrim's;Quer?taro;3.5;2.65;$68.30;;;;;;
27/11/2025;Pollo tipo rosticero;Bachoco;Guanajuato;2.7;1.8;$70.00;;;;;;
28/11/2025;Gallina;Sin marca;Guerrero;3.6;3.3;$55.00;;;;;;
28/11/2025;Pollo entero;Bachoco;Guanajuato;3.5;2.65;$68.50;;;;;;
28/11/2025;Pollo entero;Otros;Veracruz;3.5;2.65;$68.00;;;;;;
28/11/2025;Pollo entero;Pilgrim's;Quer?taro;3.5;2.65;$68.30;;;;;;
28/11/2025;Pollo tipo rosticero;Bachoco;Guanajuato;2.7;1.8;$70.00;;;;;;
Nay: Centros de Distribuci?n de Nayarit;;;;;;;;;;;;
3/11/2025;Pollo entero;Bachoco;Nayarit;2.7;2.5;$59.00;;;;;;
4/11/2025;Pollo entero;Bachoco;Nayarit;2.7;2.5;$59.00;;;;;;
5/11/2025;Pollo entero;Bachoco;Nayarit;2.7;2.5;$58.60;;;;;;
6/11/2025;Pollo entero;Bachoco;Nayarit;2.7;2.5;$58.90;;;;;;
7/11/2025;Pollo entero;Bachoco;Nayarit;2.7;2.5;$59.00;;;;;;
10/11/2025;Pollo entero;Bachoco;Nayarit;2.7;2.5;$58.00;;;;;;
11/11/2025;Pollo entero;Bachoco;Nayarit;2.7;2.5;$58.00;;;;;;
12/11/2025;Pollo entero;Bachoco;Nayarit;2.7;2.8;$58.60;;;;;;
13/11/2025;Pollo entero;Bachoco;Nayarit;2.7;2.5;$59.00;;;;;;
14/11/2025;Pollo entero;Bachoco;Nayarit;2.7;2.5;$59.00;;;;;;
18/11/2025;Pollo entero;Bachoco;Nayarit;2.7;2.5;$58.90;;;;;;
19/11/2025;Pollo entero;Bachoco;Nayarit;2.7;2.5;$59.00;;;;;;
20/11/2025;Pollo entero;Bachoco;Nayarit;2.7;2.5;$59.00;;;;;;
21/11/2025;Pollo entero;Bachoco;Nayarit;2.7;2.5;$58.50;;;;;;
24/11/2025;Pollo entero;Bachoco;Nayarit;2.7;2.5;$58.00;;;;;;
25/11/2025;Pollo entero;Bachoco;Nayarit;2.7;2.5;$59.60;;;;;;
26/11/2025;Pollo entero;Bachoco;Nayarit;2.7;2.5;$59.00;;;;;;
27/11/2025;Pollo entero;Bachoco;Nayarit;2.7;2.5;$59.00;;;;;;
28/11/2025;Pollo entero;Bachoco;Nayarit;2.7;2.5;$58.70;;;;;;
Qro. : Centros de distribuci?n de Quer?taro;;;;;;;;;;;;
3/11/2025;Pollo entero;Pilgrim's;Quer?taro;2.7;2.5;$43.00;;;;;;
4/11/2025;Pollo entero;Pilgrim's;Quer?taro;2.7;2.5;$48.00;;;;;;
5/11/2025;Pollo entero;Pilgrim's;Quer?taro;2.7;2.5;$43.00;;;;;;
6/11/2025;Pollo entero;Pilgrim's;Quer?taro;2.7;2.5;$43.00;;;;;;
7/11/2025;Pollo entero;Pilgrim's;Quer?taro;2.7;2.5;$43.00;;;;;;
10/11/2025;Pollo entero;Pilgrim's;Quer?taro;2.7;2.5;$43.00;;;;;;
11/11/2025;Pollo entero;Pilgrim's;Quer?taro;2.7;2.5;$43.00;;;;;;
12/11/2025;Pollo entero;Pilgrim's;Quer?taro;2.7;2.5;$44.00;;;;;;
13/11/2025;Pollo entero;Pilgrim's;Quer?taro;2.7;2.5;$44.00;;;;;;
14/11/2025;Pollo entero;Pilgrim's;Quer?taro;2.7;2.5;$44.00;;;;;;
18/11/2025;Pollo entero;Pilgrim's;Quer?taro;2.7;2.5;$44.00;;;;;;
19/11/2025;Pollo entero;Pilgrim's;Quer?taro;2.7;2.5;$44.00;;;;;;
20/11/2025;Pollo entero;Pilgrim's;Quer?taro;2.7;2.5;$44.00;;;;;;
21/11/2025;Pollo entero;Pilgrim's;Quer?taro;2.7;2.5;$44.00;;;;;;
24/11/2025;Pollo entero;Pilgrim's;Quer?taro;2.7;2.5;$44.00;;;;;;
25/11/2025;Pollo entero;Pilgrim's;Quer?taro;2.7;2.5;$44.00;;;;;;
26/11/2025;Pollo entero;Pilgrim's;Quer?taro;2.7;2.5;$40.00;;;;;;
27/11/2025;Pollo entero;Pilgrim's;Quer?taro;2.7;2.5;$40.00;;;;;;
28/11/2025;Pollo entero;Pilgrim's;Quer?taro;2.7;2.5;$40.00;;;;;;
Zac: Mercado de Abasto de Zacatecas;;;;;;;;;;;;
3/11/2025;Pollo entero;Nutri Pollo;San Luis Potos?;2.1;1.9;$70.00;;;;;;
3/11/2025;Pollo entero;Pilgrim's;San Luis Potos?;2.1;1.9;$70.00;;;;;;
3/11/2025;Pollo tipo rosticero;Nutri Pollo;San Luis Potos?;1.4;1.2;$58.00;;;;;;
3/11/2025;Pollo tipo rosticero;Pilgrim's;San Luis Potos?;1.4;1.2;$58.00;;;;;;
4/11/2025;Pollo entero;Nutri Pollo;San Luis Potos?;2.1;1.9;$70.00;;;;;;
4/11/2025;Pollo entero;Pilgrim's;San Luis Potos?;2.1;1.9;$70.00;;;;;;
4/11/2025;Pollo tipo rosticero;Nutri Pollo;San Luis Potos?;1.4;1.2;$58.00;;;;;;
4/11/2025;Pollo tipo rosticero;Pilgrim's;San Luis Potos?;1.4;1.2;$58.00;;;;;;
5/11/2025;Pollo entero;Nutri Pollo;San Luis Potos?;2.1;1.9;$70.00;;;;;;
5/11/2025;Pollo entero;Pilgrim's;San Luis Potos?;2.1;1.9;$70.00;;;;;;
5/11/2025;Pollo tipo rosticero;Nutri Pollo;San Luis Potos?;1.4;1.2;$58.00;;;;;;
5/11/2025;Pollo tipo rosticero;Pilgrim's;San Luis Potos?;1.4;1.2;$58.00;;;;;;
6/11/2025;Pollo entero;Nutri Pollo;San Luis Potos?;2.1;1.9;$70.00;;;;;;
6/11/2025;Pollo entero;Pilgrim's;San Luis Potos?;2.1;1.9;$70.00;;;;;;
6/11/2025;Pollo tipo rosticero;Nutri Pollo;San Luis Potos?;1.4;1.2;$58.00;;;;;;
6/11/2025;Pollo tipo rosticero;Pilgrim's;San Luis Potos?;1.4;1.2;$58.00;;;;;;
7/11/2025;Pollo entero;Nutri Pollo;San Luis Potos?;2.1;1.9;$70.00;;;;;;
7/11/2025;Pollo entero;Pilgrim's;San Luis Potos?;2.1;1.9;$70.00;;;;;;
7/11/2025;Pollo tipo rosticero;Nutri Pollo;San Luis Potos?;1.4;1.2;$58.00;;;;;;
7/11/2025;Pollo tipo rosticero;Pilgrim's;San Luis Potos?;1.4;1.2;$58.00;;;;;;
10/11/2025;Pollo entero;Nutri Pollo;San Luis Potos?;2.1;1.9;$70.00;;;;;;
10/11/2025;Pollo entero;Pilgrim's;San Luis Potos?;2.1;1.9;$70.00;;;;;;
10/11/2025;Pollo tipo rosticero;Nutri Pollo;San Luis Potos?;1.4;1.2;$58.00;;;;;;
10/11/2025;Pollo tipo rosticero;Pilgrim's;San Luis Potos?;1.4;1.2;$58.00;;;;;;
11/11/2025;Pollo entero;Nutri Pollo;San Luis Potos?;2.1;1.9;$70.00;;;;;;
11/11/2025;Pollo entero;Pilgrim's;San Luis Potos?;2.1;1.9;$70.00;;;;;;
11/11/2025;Pollo tipo rosticero;Nutri Pollo;San Luis Potos?;1.4;1.2;$58.00;;;;;;
11/11/2025;Pollo tipo rosticero;Pilgrim's;San Luis Potos?;1.4;1.2;$58.00;;;;;;
12/11/2025;Pollo entero;Nutri Pollo;San Luis Potos?;2.1;1.9;$70.00;;;;;;
12/11/2025;Pollo entero;Pilgrim's;San Luis Potos?;2.1;1.9;$70.00;;;;;;
12/11/2025;Pollo tipo rosticero;Nutri Pollo;San Luis Potos?;1.4;1.2;$58.00;;;;;;
12/11/2025;Pollo tipo rosticero;Pilgrim's;San Luis Potos?;1.4;1.2;$58.00;;;;;;
13/11/2025;Pollo entero;Nutri Pollo;San Luis Potos?;2.1;1.9;$70.00;;;;;;
13/11/2025;Pollo entero;Pilgrim's;San Luis Potos?;2.1;1.9;$70.00;;;;;;
13/11/2025;Pollo tipo rosticero;Nutri Pollo;San Luis Potos?;1.4;1.2;$58.00;;;;;;
13/11/2025;Pollo tipo rosticero;Pilgrim's;San Luis Potos?;1.4;1.2;$58.00;;;;;;
14/11/2025;Pollo entero;Nutri Pollo;San Luis Potos?;2.1;1.9;$70.00;;;;;;
14/11/2025;Pollo entero;Pilgrim's;San Luis Potos?;2.1;1.9;$70.00;;;;;;
14/11/2025;Pollo tipo rosticero;Nutri Pollo;San Luis Potos?;1.4;1.2;$46.00;;;;;;
14/11/2025;Pollo tipo rosticero;Pilgrim's;San Luis Potos?;1.4;1.2;$58.00;;;;;;
18/11/2025;Pollo entero;Nutri Pollo;San Luis Potos?;2.1;1.9;$70.00;;;;;;
18/11/2025;Pollo entero;Pilgrim's;San Luis Potos?;2.1;1.9;$70.00;;;;;;
18/11/2025;Pollo tipo rosticero;Nutri Pollo;San Luis Potos?;1.4;1.2;$58.00;;;;;;
18/11/2025;Pollo tipo rosticero;Pilgrim's;San Luis Potos?;1.4;1.2;$58.00;;;;;;
19/11/2025;Pollo entero;Nutri Pollo;San Luis Potos?;2.1;1.9;$70.00;;;;;;
19/11/2025;Pollo entero;Pilgrim's;San Luis Potos?;2.1;1.9;$70.00;;;;;;
19/11/2025;Pollo tipo rosticero;Nutri Pollo;San Luis Potos?;1.4;1.2;$58.00;;;;;;
19/11/2025;Pollo tipo rosticero;Pilgrim's;San Luis Potos?;1.4;1.2;$58.00;;;;;;
20/11/2025;Pollo entero;Nutri Pollo;San Luis Potos?;2.1;1.9;$70.00;;;;;;
20/11/2025;Pollo entero;Pilgrim's;San Luis Potos?;2.1;1.9;$70.00;;;;;;
20/11/2025;Pollo tipo rosticero;Nutri Pollo;San Luis Potos?;1.4;1.2;$58.00;;;;;;
20/11/2025;Pollo tipo rosticero;Pilgrim's;San Luis Potos?;1.4;1.2;$58.00;;;;;;
21/11/2025;Pollo entero;Nutri Pollo;San Luis Potos?;2.1;1.9;$70.00;;;;;;
21/11/2025;Pollo entero;Pilgrim's;San Luis Potos?;2.1;1.9;$70.00;;;;;;
21/11/2025;Pollo tipo rosticero;Nutri Pollo;San Luis Potos?;1.4;1.2;$58.00;;;;;;
21/11/2025;Pollo tipo rosticero;Pilgrim's;San Luis Potos?;1.4;1.2;$58.00;;;;;;
24/11/2025;Pollo entero;Nutri Pollo;San Luis Potos?;2.1;1.9;$70.00;;;;;;
24/11/2025;Pollo entero;Pilgrim's;San Luis Potos?;2.1;1.9;$70.00;;;;;;
24/11/2025;Pollo tipo rosticero;Nutri Pollo;San Luis Potos?;1.4;1.2;$58.00;;;;;;
24/11/2025;Pollo tipo rosticero;Pilgrim's;San Luis Potos?;1.4;1.2;$58.00;;;;;;
25/11/2025;Pollo entero;Nutri Pollo;San Luis Potos?;2.1;1.9;$70.00;;;;;;
25/11/2025;Pollo entero;Pilgrim's;San Luis Potos?;2.1;1.9;$70.00;;;;;;
25/11/2025;Pollo tipo rosticero;Nutri Pollo;San Luis Potos?;1.4;1.2;$58.00;;;;;;
25/11/2025;Pollo tipo rosticero;Pilgrim's;San Luis Potos?;1.4;1.2;$58.00;;;;;;
26/11/2025;Pollo entero;Nutri Pollo;San Luis Potos?;2.1;1.9;$70.00;;;;;;
26/11/2025;Pollo entero;Pilgrim's;San Luis Potos?;2.1;1.9;$70.00;;;;;;
26/11/2025;Pollo tipo rosticero;Nutri Pollo;San Luis Potos?;1.4;1.2;$58.00;;;;;;
26/11/2025;Pollo tipo rosticero;Pilgrim's;San Luis Potos?;1.4;1.2;$58.00;;;;;;
27/11/2025;Pollo entero;Nutri Pollo;San Luis Potos?;2.1;1.9;$70.00;;;;;;
27/11/2025;Pollo entero;Pilgrim's;San Luis Potos?;2.1;1.9;$70.00;;;;;;
27/11/2025;Pollo tipo rosticero;Nutri Pollo;San Luis Potos?;1.4;1.2;$58.00;;;;;;
27/11/2025;Pollo tipo rosticero;Pilgrim's;San Luis Potos?;1.4;1.2;$58.00;;;;;;
28/11/2025;Pollo entero;Nutri Pollo;San Luis Potos?;2.1;1.9;$70.00;;;;;;
28/11/2025;Pollo entero;Pilgrim's;San Luis Potos?;2.1;1.9;$70.00;;;;;;
28/11/2025;Pollo tipo rosticero;Nutri Pollo;San Luis Potos?;1.4;1.2;$58.00;;;;;;
28/11/2025;Pollo tipo rosticero;Pilgrim's;San Luis Potos?;1.4;1.2;$58.00;;;;;;
;;;;;;;;;;;;
;;;;;;;;;;;;
D.F. : Centro de distribuci?n Becerra;;;;;;;;;;;;
1/12/2025;Gallina;Sin marca;Coahuila;3.6;3.3;$55.00;;;;;;
1/12/2025;Pollo entero;Bachoco;Guanajuato;3.5;2.65;$69.00;;;;;;
1/12/2025;Pollo entero;Otros;Veracruz;3.5;2.65;$68.50;;;;;;
1/12/2025;Pollo entero;Pilgrim's;Guanajuato;3.5;2.65;$68.70;;;;;;
1/12/2025;Pollo entero;Tyson;Coahuila;3.5;2.65;$68.90;;;;;;
1/12/2025;Pollo tipo rosticero;Bachoco;Guanajuato;2.7;1.8;$70.00;;;;;;
2/12/2025;Gallina;Sin marca;Veracruz;3.6;3.3;$57.00;;;;;;
2/12/2025;Pollo entero;Bachoco;Guanajuato;3.5;2.65;$67.00;;;;;;
2/12/2025;Pollo entero;Otros;Veracruz;3.5;2.65;$66.50;;;;;;
2/12/2025;Pollo entero;Pilgrim's;Quer?taro;3.5;2.65;$66.70;;;;;;
2/12/2025;Pollo entero;Tyson;Coahuila;3.5;2.65;$66.90;;;;;;
2/12/2025;Pollo tipo rosticero;Bachoco;Guanajuato;2.7;1.8;$68.00;;;;;;
3/12/2025;Gallina;Sin marca;Jalisco;3.6;3.3;$58.00;;;;;;
3/12/2025;Pollo entero;Bachoco;Guanajuato;3.5;2.65;$66.00;;;;;;
3/12/2025;Pollo entero;Otros;Veracruz;3.5;2.65;$65.50;;;;;;
3/12/2025;Pollo entero;Pilgrim's;Quer?taro;3.5;2.65;$65.70;;;;;;
3/12/2025;Pollo entero;Tyson;Coahuila;3.5;2.65;$65.90;;;;;;
3/12/2025;Pollo tipo rosticero;Bachoco;Guanajuato;2.7;1.8;$67.00;;;;;;
4/12/2025;Gallina;Sin marca;Sinaloa;3.6;3.3;$59.00;;;;;;
4/12/2025;Pollo entero;Bachoco;Guanajuato;3.5;2.65;$66.00;;;;;;
4/12/2025;Pollo entero;Otros;Veracruz;3.5;2.65;$65.50;;;;;;
4/12/2025;Pollo entero;Pilgrim's;Quer?taro;3.5;2.65;$65.70;;;;;;
4/12/2025;Pollo entero;Tyson;Coahuila;3.5;2.65;$65.90;;;;;;
4/12/2025;Pollo tipo rosticero;Bachoco;Guanajuato;2.7;1.8;$67.00;;;;;;
5/12/2025;Gallina;Sin marca;Tabasco;3.6;3.3;$60.00;;;;;;
5/12/2025;Pollo entero;Bachoco;Guanajuato;3.5;2.65;$66.00;;;;;;
5/12/2025;Pollo entero;Otros;Veracruz;3.5;2.65;$65.50;;;;;;
5/12/2025;Pollo entero;Pilgrim's;Quer?taro;3.5;2.65;$65.70;;;;;;
5/12/2025;Pollo entero;Tyson;Coahuila;3.5;2.65;$65.90;;;;;;
5/12/2025;Pollo tipo rosticero;Bachoco;Guanajuato;2.7;1.8;$67.00;;;;;;
8/12/2025;Gallina;Sin marca;Coahuila;3.6;3.3;$61.00;;;;;;
8/12/2025;Pollo entero;Bachoco;Guanajuato;3.5;2.65;$65.00;;;;;;
8/12/2025;Pollo entero;Otros;Veracruz;3.5;2.65;$64.50;;;;;;
8/12/2025;Pollo entero;Pilgrim's;Quer?taro;3.5;2.65;$64.70;;;;;;
8/12/2025;Pollo entero;Tyson;Coahuila;3.5;2.65;$64.90;;;;;;
8/12/2025;Pollo tipo rosticero;Bachoco;Guanajuato;2.7;1.8;$66.00;;;;;;
9/12/2025;Gallina;Sin marca;Tamaulipas;3.6;3.3;$62.00;;;;;;
9/12/2025;Pollo entero;Bachoco;Guanajuato;3.5;2.65;$65.00;;;;;;
9/12/2025;Pollo entero;Otros;Veracruz;3.5;2.65;$64.50;;;;;;
9/12/2025;Pollo entero;Pilgrim's;Quer?taro;3.5;2.65;$64.70;;;;;;
9/12/2025;Pollo entero;Tyson;Coahuila;3.5;2.65;$64.90;;;;;;
9/12/2025;Pollo tipo rosticero;Bachoco;Guanajuato;2.7;1.8;$66.00;;;;;;
10/12/2025;Gallina;Sin marca;Sinaloa;3.6;3.3;$63.00;;;;;;
10/12/2025;Pollo entero;Bachoco;Guanajuato;3.5;2.65;$65.00;;;;;;
10/12/2025;Pollo entero;Otros;Veracruz;3.5;2.65;$64.50;;;;;;
10/12/2025;Pollo entero;Pilgrim's;Quer?taro;3.5;2.65;$64.70;;;;;;
10/12/2025;Pollo entero;Tyson;Coahuila;3.5;2.65;$64.90;;;;;;
10/12/2025;Pollo tipo rosticero;Bachoco;Guanajuato;2.7;1.8;$66.00;;;;;;
11/12/2025;Gallina;Sin marca;Tabasco;3.6;3.3;$64.00;;;;;;
11/12/2025;Pollo entero;Bachoco;Guanajuato;3.5;2.65;$66.00;;;;;;
11/12/2025;Pollo entero;Otros;Veracruz;3.5;2.65;$65.50;;;;;;
11/12/2025;Pollo entero;Pilgrim's;Quer?taro;3.5;2.65;$65.70;;;;;;
11/12/2025;Pollo entero;Tyson;Coahuila;3.5;2.65;$65.90;;;;;;
11/12/2025;Pollo tipo rosticero;Bachoco;Guanajuato;2.7;1.8;$68.00;;;;;;
12/12/2025;Gallina;Sin marca;Sinaloa;3.6;3.3;$64.00;;;;;;
12/12/2025;Pollo entero;Bachoco;Guanajuato;3.5;2.65;$66.00;;;;;;
12/12/2025;Pollo entero;Otros;Veracruz;3.5;2.65;$65.50;;;;;;
12/12/2025;Pollo entero;Pilgrim's;Quer?taro;3.5;2.65;$65.70;;;;;;
12/12/2025;Pollo entero;Tyson;Coahuila;3.5;2.65;$65.90;;;;;;
12/12/2025;Pollo tipo rosticero;Bachoco;Guanajuato;2.7;1.8;$68.00;;;;;;
15/12/2025;Gallina;Sin marca;Coahuila;3.6;3.3;$64.00;;;;;;
15/12/2025;Pollo entero;Bachoco;Guanajuato;3.5;2.65;$66.00;;;;;;
15/12/2025;Pollo entero;Otros;Veracruz;3.5;2.65;$65.50;;;;;;
15/12/2025;Pollo entero;Pilgrim's;Quer?taro;3.5;2.65;$65.70;;;;;;
15/12/2025;Pollo entero;Tyson;Coahuila;3.5;2.65;$65.90;;;;;;
15/12/2025;Pollo tipo rosticero;Bachoco;Guanajuato;2.7;1.8;$68.00;;;;;;
16/12/2025;Gallina;Sin marca;Veracruz;3.6;3.3;$64.00;;;;;;
16/12/2025;Pollo entero;Bachoco;Guanajuato;3.5;2.65;$66.00;;;;;;
16/12/2025;Pollo entero;Otros;Veracruz;3.5;2.65;$65.50;;;;;;
16/12/2025;Pollo entero;Pilgrim's;Quer?taro;3.5;2.65;$65.70;;;;;;
16/12/2025;Pollo entero;Tyson;Coahuila;3.5;2.65;$65.90;;;;;;
16/12/2025;Pollo tipo rosticero;Bachoco;Guanajuato;2.7;1.8;$68.00;;;;;;
17/12/2025;Gallina;Sin marca;Jalisco;3.6;3.3;$64.00;;;;;;
17/12/2025;Pollo entero;Bachoco;Guanajuato;3.5;2.65;$65.00;;;;;;
17/12/2025;Pollo entero;Otros;Veracruz;3.5;2.65;$66.00;;;;;;
17/12/2025;Pollo entero;Pilgrim's;Quer?taro;3.5;2.65;$64.70;;;;;;
17/12/2025;Pollo entero;Tyson;Coahuila;3.5;2.65;$64.90;;;;;;
17/12/2025;Pollo tipo rosticero;Bachoco;Guanajuato;2.7;1.8;$66.00;;;;;;
18/12/2025;Gallina;Sin marca;Tabasco;3.6;3.3;$64.00;;;;;;
18/12/2025;Pollo entero;Bachoco;Guanajuato;3.5;2.65;$65.00;;;;;;
18/12/2025;Pollo entero;Otros;Veracruz;3.5;2.65;$64.50;;;;;;
18/12/2025;Pollo entero;Pilgrim's;Quer?taro;3.5;2.65;$64.70;;;;;;
18/12/2025;Pollo entero;Tyson;Coahuila;3.5;2.65;$64.90;;;;;;
18/12/2025;Pollo tipo rosticero;Bachoco;Guanajuato;2.7;1.8;$66.00;;;;;;
22/12/2025;Gallina;Otros;Coahuila;3.6;3.6;$65.00;;;;;;
22/12/2025;Pollo entero;Bachoco;Guanajuato;3.5;2.65;$67.00;;;;;;
22/12/2025;Pollo entero;Otros;Veracruz;3.5;2.65;$66.50;;;;;;
22/12/2025;Pollo entero;Pilgrim's;Quer?taro;3.5;2.65;$66.70;;;;;;
22/12/2025;Pollo entero;Tyson;Coahuila;3.5;2.65;$66.90;;;;;;
22/12/2025;Pollo tipo rosticero;Bachoco;Guanajuato;2.7;1.8;$68.00;;;;;;
23/12/2025;Gallina;Sin marca;Tamaulipas;3.6;3.3;$65.00;;;;;;
23/12/2025;Pollo entero;Bachoco;Guanajuato;3.5;2.65;$68.00;;;;;;
23/12/2025;Pollo entero;Otros;Veracruz;3.5;2.65;$67.50;;;;;;
23/12/2025;Pollo entero;Pilgrim's;Quer?taro;3.5;2.65;$67.70;;;;;;
23/12/2025;Pollo entero;Tyson;Coahuila;3.5;2.65;$67.90;;;;;;
23/12/2025;Pollo tipo rosticero;Bachoco;Guanajuato;2.7;1.8;$69.00;;;;;;
24/12/2025;Gallina;Sin marca;Tabasco;3.6;3.3;$65.00;;;;;;
24/12/2025;Pollo entero;Bachoco;Guanajuato;3.5;2.65;$68.00;;;;;;
24/12/2025;Pollo entero;Otros;Veracruz;3.5;2.65;$67.50;;;;;;
24/12/2025;Pollo entero;Pilgrim's;Quer?taro;3.5;2.65;$67.70;;;;;;
24/12/2025;Pollo entero;Tyson;Coahuila;3.5;2.65;$67.90;;;;;;
24/12/2025;Pollo tipo rosticero;Bachoco;Guanajuato;2.7;1.8;$69.00;;;;;;
26/12/2025;Gallina;Sin marca;Sinaloa;3.6;3.3;$65.00;;;;;;
26/12/2025;Pollo entero;Bachoco;Guanajuato;3.5;2.65;$68.00;;;;;;
26/12/2025;Pollo entero;Otros;Veracruz;3.5;2.65;$67.50;;;;;;
26/12/2025;Pollo entero;Pilgrim's;Quer?taro;3.5;2.65;$67.70;;;;;;
26/12/2025;Pollo entero;Tyson;Coahuila;3.5;2.65;$67.90;;;;;;
26/12/2025;Pollo tipo rosticero;Bachoco;Guanajuato;2.7;1.8;$69.00;;;;;;
29/12/2025;Gallina;Sin marca;Coahuila;3.6;3.3;$65.00;;;;;;
29/12/2025;Pollo entero;Bachoco;Guanajuato;3.5;2.65;$69.00;;;;;;
29/12/2025;Pollo entero;Otros;Veracruz;3.5;2.65;$68.50;;;;;;
29/12/2025;Pollo entero;Pilgrim's;Quer?taro;3.5;2.65;$68.70;;;;;;
29/12/2025;Pollo entero;Tyson;Coahuila;3.5;2.65;$68.90;;;;;;
29/12/2025;Pollo tipo rosticero;Bachoco;Guanajuato;2.7;1.8;$70.00;;;;;;
30/12/2025;Gallina;Sin marca;Tabasco;3.6;3.3;$65.00;;;;;;
30/12/2025;Pollo entero;Bachoco;Guanajuato;3.5;2.65;$69.00;;;;;;
30/12/2025;Pollo entero;Otros;Veracruz;3.5;2.65;$68.50;;;;;;
30/12/2025;Pollo entero;Pilgrim's;Quer?taro;3.5;2.65;$68.70;;;;;;
30/12/2025;Pollo entero;Tyson;Coahuila;3.5;2.65;$68.90;;;;;;
30/12/2025;Pollo tipo rosticero;Bachoco;Guanajuato;2.7;1.8;$70.00;;;;;;
31/12/2025;Gallina;Sin marca;Tabasco;3.6;3.3;$65.00;;;;;;
31/12/2025;Pollo entero;Bachoco;Guanajuato;3.5;2.65;$69.00;;;;;;
31/12/2025;Pollo entero;Otros;Veracruz;3.5;2.65;$68.50;;;;;;
31/12/2025;Pollo entero;Pilgrim's;Quer?taro;3.5;2.65;$68.70;;;;;;
31/12/2025;Pollo entero;Tyson;Coahuila;3.5;2.65;$68.90;;;;;;
31/12/2025;Pollo tipo rosticero;Bachoco;Guanajuato;2.7;1.8;$70.00;;;;;;
D.F. : Centro de distribuci?n Nuevo San Juan;;;;;;;;;;;;
1/12/2025;Gallina;Sin marca;Tamaulipas;3.6;3.3;$55.00;;;;;;
1/12/2025;Pollo entero;Bachoco;Guanajuato;3.5;2.65;$68.90;;;;;;
1/12/2025;Pollo entero;Otros;Veracruz;3.5;2.65;$68.30;;;;;;
1/12/2025;Pollo entero;Pilgrim's;Quer?taro;3.5;2.65;$68.50;;;;;;
1/12/2025;Pollo entero;Tyson;Coahuila;3.5;2.65;$68.70;;;;;;
1/12/2025;Pollo tipo rosticero;Bachoco;Guanajuato;2.7;1.8;$70.00;;;;;;
2/12/2025;Gallina;Sin marca;Oaxaca;3.6;3.3;$57.00;;;;;;
2/12/2025;Pollo entero;Bachoco;Guanajuato;3.5;2.65;$66.90;;;;;;
2/12/2025;Pollo entero;Otros;Veracruz;3.5;2.65;$66.30;;;;;;
2/12/2025;Pollo entero;Pilgrim's;Quer?taro;3.5;2.65;$66.50;;;;;;
2/12/2025;Pollo entero;Tyson;Coahuila;3.5;2.65;$66.70;;;;;;
2/12/2025;Pollo tipo rosticero;Bachoco;Guanajuato;2.7;1.8;$68.00;;;;;;
3/12/2025;Gallina;Sin marca;Chiapas;3.6;3.3;$58.00;;;;;;
3/12/2025;Pollo entero;Bachoco;Guanajuato;3.5;2.65;$65.90;;;;;;
3/12/2025;Pollo entero;Otros;Veracruz;3.5;2.65;$65.30;;;;;;
3/12/2025;Pollo entero;Pilgrim's;Quer?taro;3.5;2.65;$65.50;;;;;;
3/12/2025;Pollo entero;Tyson;Coahuila;3.5;2.65;$65.70;;;;;;
3/12/2025;Pollo tipo rosticero;Bachoco;Guanajuato;2.7;1.8;$67.00;;;;;;
4/12/2025;Gallina;Sin marca;Michoac?n;3.6;3.3;$59.00;;;;;;
4/12/2025;Pollo entero;Bachoco;Guanajuato;3.5;2.65;$65.90;;;;;;
4/12/2025;Pollo entero;Otros;Veracruz;3.5;2.65;$65.30;;;;;;
4/12/2025;Pollo entero;Pilgrim's;Quer?taro;3.5;2.65;$65.50;;;;;;
4/12/2025;Pollo entero;Tyson;Coahuila;3.5;2.65;$65.70;;;;;;
4/12/2025;Pollo tipo rosticero;Bachoco;Guanajuato;2.7;1.8;$67.00;;;;;;
5/12/2025;Gallina;Sin marca;Jalisco;3.6;3.3;$60.00;;;;;;
5/12/2025;Pollo entero;Bachoco;Guanajuato;3.5;2.65;$65.90;;;;;;
5/12/2025;Pollo entero;Otros;Veracruz;3.5;2.65;$65.30;;;;;;
5/12/2025;Pollo entero;Pilgrim's;Quer?taro;3.5;2.65;$65.50;;;;;;
5/12/2025;Pollo entero;Tyson;Coahuila;3.5;2.65;$65.70;;;;;;
5/12/2025;Pollo tipo rosticero;Bachoco;Guanajuato;2.7;1.8;$67.00;;;;;;
8/12/2025;Gallina;Sin marca;Veracruz;3.6;3.3;$61.00;;;;;;
8/12/2025;Pollo entero;Bachoco;Guanajuato;3.5;2.65;$64.90;;;;;;
8/12/2025;Pollo entero;Otros;Veracruz;3.5;2.65;$64.30;;;;;;
8/12/2025;Pollo entero;Pilgrim's;Quer?taro;3.5;2.65;$64.50;;;;;;
8/12/2025;Pollo entero;Tyson;Coahuila;3.5;2.65;$64.70;;;;;;
8/12/2025;Pollo tipo rosticero;Bachoco;Guanajuato;2.7;1.8;$66.00;;;;;;
9/12/2025;Gallina;Sin marca;Oaxaca;3.6;3.3;$62.00;;;;;;
9/12/2025;Pollo entero;Bachoco;Guanajuato;3.5;2.65;$64.90;;;;;;
9/12/2025;Pollo entero;Otros;Veracruz;3.5;2.65;$64.30;;;;;;
9/12/2025;Pollo entero;Pilgrim's;Quer?taro;3.5;2.65;$64.50;;;;;;
9/12/2025;Pollo entero;Tyson;Coahuila;3.5;2.65;$64.70;;;;;;
9/12/2025;Pollo tipo rosticero;Bachoco;Guanajuato;2.7;1.8;$66.00;;;;;;
10/12/2025;Gallina;Sin marca;Michoac?n;3.6;3.3;$63.00;;;;;;
10/12/2025;Pollo entero;Bachoco;Guanajuato;3.5;2.65;$64.40;;;;;;
10/12/2025;Pollo entero;Otros;Veracruz;3.5;2.65;$64.30;;;;;;
10/12/2025;Pollo entero;Pilgrim's;Quer?taro;3.5;2.65;$64.50;;;;;;
10/12/2025;Pollo entero;Tyson;Coahuila;3.5;2.65;$64.70;;;;;;
10/12/2025;Pollo tipo rosticero;Bachoco;Guanajuato;2.7;1.8;$66.00;;;;;;
11/12/2025;Gallina;Sin marca;Jalisco;3.6;3.3;$64.00;;;;;;
11/12/2025;Pollo entero;Bachoco;Guanajuato;3.5;2.65;$65.90;;;;;;
11/12/2025;Pollo entero;Otros;Veracruz;3.5;2.65;$65.30;;;;;;
11/12/2025;Pollo entero;Pilgrim's;Quer?taro;3.5;2.65;$65.50;;;;;;
11/12/2025;Pollo entero;Tyson;Coahuila;3.5;2.65;$65.70;;;;;;
11/12/2025;Pollo tipo rosticero;Bachoco;Guanajuato;2.7;1.8;$68.00;;;;;;
12/12/2025;Gallina;Sin marca;Jalisco;3.6;3.3;$64.00;;;;;;
12/12/2025;Pollo entero;Bachoco;Guanajuato;3.5;2.65;$65.90;;;;;;
12/12/2025;Pollo entero;Otros;Veracruz;3.5;2.65;$65.30;;;;;;
12/12/2025;Pollo entero;Pilgrim's;Quer?taro;3.5;2.65;$65.50;;;;;;
12/12/2025;Pollo entero;Tyson;Coahuila;3.5;2.65;$65.70;;;;;;
12/12/2025;Pollo tipo rosticero;Bachoco;Guanajuato;2.7;1.8;$68.00;;;;;;
15/12/2025;Gallina;Sin marca;Tamaulipas;3.6;3.3;$64.00;;;;;;
15/12/2025;Pollo entero;Bachoco;Guanajuato;3.5;2.65;$65.90;;;;;;
15/12/2025;Pollo entero;Otros;Veracruz;3.5;2.65;$65.30;;;;;;
15/12/2025;Pollo entero;Pilgrim's;Quer?taro;3.5;2.65;$65.50;;;;;;
15/12/2025;Pollo entero;Tyson;Coahuila;3.5;2.65;$65.70;;;;;;
15/12/2025;Pollo tipo rosticero;Bachoco;Guanajuato;2.7;1.8;$68.00;;;;;;
16/12/2025;Gallina;Sin marca;Michoac?n;3.6;3.3;$64.00;;;;;;
16/12/2025;Pollo entero;Bachoco;Guanajuato;3.5;2.65;$65.90;;;;;;
16/12/2025;Pollo entero;Otros;Veracruz;3.5;2.65;$65.30;;;;;;
16/12/2025;Pollo entero;Pilgrim's;Quer?taro;3.5;2.65;$65.50;;;;;;
16/12/2025;Pollo entero;Tyson;Coahuila;3.5;2.65;$65.70;;;;;;
16/12/2025;Pollo tipo rosticero;Bachoco;Guanajuato;2.7;1.8;$68.00;;;;;;
17/12/2025;Gallina;Sin marca;Tamaulipas;3.6;3.3;$64.00;;;;;;
17/12/2025;Pollo entero;Bachoco;Guanajuato;3.5;2.65;$64.90;;;;;;
17/12/2025;Pollo entero;Otros;Veracruz;3.5;2.65;$64.30;;;;;;
17/12/2025;Pollo entero;Pilgrim's;Quer?taro;3.5;2.65;$64.50;;;;;;
17/12/2025;Pollo entero;Tyson;Coahuila;3.5;2.65;$64.70;;;;;;
17/12/2025;Pollo tipo rosticero;Bachoco;Guanajuato;2.7;1.8;$66.00;;;;;;
18/12/2025;Gallina;Sin marca;Zacatecas;3.6;3.3;$64.00;;;;;;
18/12/2025;Pollo entero;Bachoco;Guanajuato;3.5;2.65;$64.90;;;;;;
18/12/2025;Pollo entero;Otros;Veracruz;3.5;2.65;$64.30;;;;;;
18/12/2025;Pollo entero;Pilgrim's;Quer?taro;3.5;2.65;$64.50;;;;;;
18/12/2025;Pollo entero;Tyson;Coahuila;3.5;2.65;$64.70;;;;;;
18/12/2025;Pollo tipo rosticero;Bachoco;Guanajuato;2.7;1.8;$66.00;;;;;;
22/12/2025;Gallina;Sin marca;Veracruz;3.6;3.3;$65.00;;;;;;
22/12/2025;Pollo entero;Bachoco;Guanajuato;3.5;2.65;$66.90;;;;;;
22/12/2025;Pollo entero;Otros;Veracruz;3.5;2.65;$66.30;;;;;;
22/12/2025;Pollo entero;Pilgrim's;Quer?taro;3.5;2.65;$66.50;;;;;;
22/12/2025;Pollo entero;Tyson;Coahuila;3.5;2.65;$66.70;;;;;;
22/12/2025;Pollo tipo rosticero;Bachoco;Guanajuato;2.7;1.8;$68.00;;;;;;
23/12/2025;Gallina;Sin marca;Chiapas;3.6;3.3;$65.00;;;;;;
23/12/2025;Pollo entero;Bachoco;Guanajuato;3.5;2.65;$67.90;;;;;;
23/12/2025;Pollo entero;Otros;Veracruz;3.5;2.65;$67.30;;;;;;
23/12/2025;Pollo entero;Pilgrim's;Quer?taro;3.5;2.65;$67.50;;;;;;
23/12/2025;Pollo entero;Tyson;Coahuila;3.5;2.65;$67.70;;;;;;
23/12/2025;Pollo tipo rosticero;Bachoco;Guanajuato;2.7;1.8;$69.00;;;;;;
24/12/2025;Gallina;Sin marca;Durango;3.6;3.3;$65.00;;;;;;
24/12/2025;Pollo entero;Bachoco;Guanajuato;3.5;2.65;$67.90;;;;;;
24/12/2025;Pollo entero;Otros;Veracruz;3.5;2.65;$67.30;;;;;;
24/12/2025;Pollo entero;Pilgrim's;Quer?taro;3.5;2.65;$67.50;;;;;;
24/12/2025;Pollo entero;Tyson;Coahuila;3.5;2.65;$67.70;;;;;;
24/12/2025;Pollo tipo rosticero;Bachoco;Guanajuato;2.27;1.8;$69.00;;;;;;
26/12/2025;Gallina;Sin marca;Jalisco;3.6;3.3;$65.00;;;;;;
26/12/2025;Pollo entero;Bachoco;Guanajuato;3.5;2.65;$67.90;;;;;;
26/12/2025;Pollo entero;Otros;Veracruz;3.5;2.65;$67.30;;;;;;
26/12/2025;Pollo entero;Pilgrim's;Quer?taro;3.5;2.65;$67.50;;;;;;
26/12/2025;Pollo entero;Tyson;Coahuila;3.5;2.65;$67.70;;;;;;
26/12/2025;Pollo tipo rosticero;Bachoco;Guanajuato;2.7;1.8;$69.00;;;;;;
29/12/2025;Gallina;Sin marca;Veracruz;3.6;3.3;$65.00;;;;;;
29/12/2025;Pollo entero;Bachoco;Guanajuato;3.5;2.65;$68.90;;;;;;
29/12/2025;Pollo entero;Otros;Veracruz;3.5;2.65;$68.30;;;;;;
29/12/2025;Pollo entero;Pilgrim's;Quer?taro;3.5;2.65;$68.50;;;;;;
29/12/2025;Pollo entero;Tyson;Coahuila;3.5;2.65;$68.70;;;;;;
29/12/2025;Pollo tipo rosticero;Bachoco;Guanajuato;2.7;1.8;$70.00;;;;;;
30/12/2025;Gallina;Sin marca;Oaxaca;3.6;3.3;$65.00;;;;;;
30/12/2025;Pollo entero;Bachoco;Guanajuato;3.5;2.65;$68.90;;;;;;
30/12/2025;Pollo entero;Otros;Veracruz;3.5;2.65;$68.30;;;;;;
30/12/2025;Pollo entero;Pilgrim's;Quer?taro;3.5;2.65;$68.50;;;;;;
30/12/2025;Pollo entero;Tyson;Coahuila;3.5;2.65;$68.70;;;;;;
30/12/2025;Pollo tipo rosticero;Bachoco;Guanajuato;2.7;1.8;$70.00;;;;;;
31/12/2025;Gallina;Sin marca;Oaxaca;3.6;3.3;$65.00;;;;;;
31/12/2025;Pollo entero;Bachoco;Guanajuato;3.5;2.65;$68.90;;;;;;
31/12/2025;Pollo entero;Otros;Veracruz;3.5;2.65;$68.30;;;;;;
31/12/2025;Pollo entero;Pilgrim's;Quer?taro;3.5;2.65;$68.50;;;;;;
31/12/2025;Pollo entero;Tyson;Coahuila;3.5;2.65;$68.70;;;;;;
31/12/2025;Pollo tipo rosticero;Bachoco;Guanajuato;2.7;1.8;$70.00;;;;;;
D.F. : Centro de distribuci?n Ray?n;;;;;;;;;;;;
1/12/2025;Gallina;Sin marca;Guanajuato;3.6;3.3;$55.00;;;;;;
1/12/2025;Pollo entero;Bachoco;Guanajuato;3.5;2.65;$68.50;;;;;;
1/12/2025;Pollo entero;Otros;Veracruz;3.5;2.65;$68.30;;;;;;
1/12/2025;Pollo entero;Pilgrim's;Quer?taro;3.5;2.65;$68.50;;;;;;
1/12/2025;Pollo tipo rosticero;Bachoco;Guanajuato;2.7;1.8;$70.00;;;;;;
2/12/2025;Gallina;Sin marca;Hidalgo;3.6;3.3;$57.00;;;;;;
2/12/2025;Pollo entero;Bachoco;Guanajuato;3.5;2.65;$66.70;;;;;;
2/12/2025;Pollo entero;Otros;Veracruz;3.5;2.65;$66.30;;;;;;
2/12/2025;Pollo entero;Pilgrim's;Quer?taro;3.5;2.65;$66.50;;;;;;
2/12/2025;Pollo tipo rosticero;Bachoco;Guanajuato;2.7;1.8;$68.00;;;;;;
3/12/2025;Gallina;Sin marca;Puebla;3.6;3.3;$58.00;;;;;;
3/12/2025;Pollo entero;Bachoco;Aguascalientes;3.5;2.65;$65.70;;;;;;
3/12/2025;Pollo entero;Bachoco;Guanajuato;3.5;2.65;$65.70;;;;;;
3/12/2025;Pollo entero;Otros;Veracruz;3.5;2.65;$65.30;;;;;;
3/12/2025;Pollo entero;Pilgrim's;Quer?taro;3.5;2.65;$65.50;;;;;;
3/12/2025;Pollo tipo rosticero;Bachoco;Guanajuato;2.7;1.8;$67.00;;;;;;
4/12/2025;Gallina;Sin marca;Zacatecas;3.6;3.3;$59.00;;;;;;
4/12/2025;Pollo entero;Bachoco;Guanajuato;3.5;2.65;$65.70;;;;;;
4/12/2025;Pollo entero;Otros;Veracruz;3.5;2.65;$65.30;;;;;;
4/12/2025;Pollo entero;Pilgrim's;Quer?taro;3.5;2.65;$65.50;;;;;;
4/12/2025;Pollo tipo rosticero;Bachoco;Guanajuato;2.7;1.8;$67.00;;;;;;
5/12/2025;Gallina;Sin marca;Quer?taro;3.6;3.3;$60.00;;;;;;
5/12/2025;Pollo entero;Bachoco;Guanajuato;3.5;2.65;$65.70;;;;;;
5/12/2025;Pollo entero;Otros;Veracruz;3.5;2.65;$65.30;;;;;;
5/12/2025;Pollo entero;Pilgrim's;Quer?taro;3.5;2.65;$65.50;;;;;;
5/12/2025;Pollo tipo rosticero;Bachoco;Guanajuato;2.7;1.8;$67.00;;;;;;
8/12/2025;Gallina;Sin marca;Guanajuato;3.6;3.3;$61.00;;;;;;
8/12/2025;Pollo entero;Bachoco;Guanajuato;3.5;2.65;$64.70;;;;;;
8/12/2025;Pollo entero;Otros;Veracruz;3.5;2.65;$64.30;;;;;;
8/12/2025;Pollo entero;Pilgrim's;Quer?taro;3.5;2.65;$64.50;;;;;;
8/12/2025;Pollo tipo rosticero;Bachoco;Guanajuato;2.7;1.8;$66.00;;;;;;
9/12/2025;Gallina;Sin marca;Hidalgo;3.6;3.3;$62.00;;;;;;
9/12/2025;Pollo entero;Bachoco;Guanajuato;3.5;2.65;$64.70;;;;;;
9/12/2025;Pollo entero;Otros;Veracruz;3.5;2.65;$64.30;;;;;;
9/12/2025;Pollo entero;Pilgrim's;Quer?taro;3.5;2.65;$64.50;;;;;;
9/12/2025;Pollo tipo rosticero;Bachoco;Guanajuato;2.7;1.8;$66.00;;;;;;
10/12/2025;Gallina;Sin marca;Puebla;3.6;3.3;$63.00;;;;;;
10/12/2025;Pollo entero;Bachoco;Guanajuato;3.5;2.65;$64.70;;;;;;
10/12/2025;Pollo entero;Otros;Veracruz;3.5;2.65;$64.30;;;;;;
10/12/2025;Pollo entero;Pilgrim's;Quer?taro;3.5;2.65;$64.50;;;;;;
10/12/2025;Pollo tipo rosticero;Bachoco;Guanajuato;2.7;1.8;$66.00;;;;;;
11/12/2025;Gallina;Sin marca;Tlaxcala;3.6;3.3;$64.00;;;;;;
11/12/2025;Pollo entero;Bachoco;Guanajuato;3.5;2.65;$65.70;;;;;;
11/12/2025;Pollo entero;Otros;Veracruz;3.5;2.65;$65.30;;;;;;
11/12/2025;Pollo entero;Pilgrim's;Quer?taro;3.5;2.65;$65.50;;;;;;
11/12/2025;Pollo tipo rosticero;Bachoco;Guanajuato;2.7;1.8;$68.00;;;;;;
12/12/2025;Gallina;Sin marca;Morelos;3.6;3.3;$64.00;;;;;;
12/12/2025;Pollo entero;Bachoco;Guanajuato;3.5;2.65;$65.70;;;;;;
12/12/2025;Pollo entero;Otros;Veracruz;3.5;2.65;$65.30;;;;;;
12/12/2025;Pollo entero;Pilgrim's;Quer?taro;3.5;2.65;$65.50;;;;;;
12/12/2025;Pollo tipo rosticero;Bachoco;Guanajuato;2.7;1.8;$68.00;;;;;;
15/12/2025;Gallina;Sin marca;Guanajuato;3.6;3.3;$64.00;;;;;;
15/12/2025;Pollo entero;Bachoco;Guanajuato;3.5;2.65;$65.70;;;;;;
15/12/2025;Pollo entero;Otros;Veracruz;3.5;2.65;$65.30;;;;;;
15/12/2025;Pollo entero;Pilgrim's;Quer?taro;3.5;2.65;$65.50;;;;;;
15/12/2025;Pollo tipo rosticero;Bachoco;Guanajuato;2.7;1.8;$68.00;;;;;;
16/12/2025;Gallina;Sin marca;Hidalgo;3.6;3.3;$64.00;;;;;;
16/12/2025;Pollo entero;Bachoco;Guanajuato;3.5;2.65;$65.70;;;;;;
16/12/2025;Pollo entero;Otros;Veracruz;3.5;2.65;$65.30;;;;;;
16/12/2025;Pollo entero;Pilgrim's;Quer?taro;3.5;2.65;$65.50;;;;;;
16/12/2025;Pollo tipo rosticero;Bachoco;Guanajuato;2.7;1.8;$67.00;;;;;;
17/12/2025;Gallina;Sin marca;Puebla;3.6;3.3;$64.00;;;;;;
17/12/2025;Pollo entero;Bachoco;Guanajuato;3.5;2.65;$64.70;;;;;;
17/12/2025;Pollo entero;Otros;Veracruz;3.5;2.65;$64.30;;;;;;
17/12/2025;Pollo entero;Pilgrim's;Quer?taro;3.5;2.65;$64.50;;;;;;
17/12/2025;Pollo tipo rosticero;Bachoco;Guanajuato;2.7;1.8;$66.00;;;;;;
18/12/2025;Gallina;Sin marca;Michoac?n;3.6;3.3;$64.00;;;;;;
18/12/2025;Pollo entero;Bachoco;Guanajuato;3.5;2.65;$64.70;;;;;;
18/12/2025;Pollo entero;Otros;Veracruz;3.5;2.65;$64.30;;;;;;
18/12/2025;Pollo entero;Pilgrim's;Quer?taro;3.5;2.65;$64.50;;;;;;
18/12/2025;Pollo tipo rosticero;Bachoco;Guanajuato;2.7;1.8;$66.00;;;;;;
22/12/2025;Gallina;Sin marca;Guerrero;3.6;3.3;$65.00;;;;;;
22/12/2025;Gallina;Sin marca;Quer?taro;3.6;3.3;$65.00;;;;;;
22/12/2025;Pollo entero;Bachoco;Guanajuato;3.5;2.65;$66.70;;;;;;
22/12/2025;Pollo entero;Otros;Veracruz;3.5;2.65;$66.30;;;;;;
22/12/2025;Pollo entero;Pilgrim's;Quer?taro;3.5;2.65;$66.50;;;;;;
22/12/2025;Pollo tipo rosticero;Bachoco;Guanajuato;2.7;1.8;$68.00;;;;;;
23/12/2025;Gallina;Sin marca;Hidalgo;3.6;3.3;$65.00;;;;;;
23/12/2025;Pollo entero;Bachoco;Guanajuato;3.5;2.65;$67.70;;;;;;
23/12/2025;Pollo entero;Otros;Veracruz;3.5;2.65;$67.30;;;;;;
23/12/2025;Pollo entero;Pilgrim's;Quer?taro;3.5;2.65;$67.50;;;;;;
23/12/2025;Pollo tipo rosticero;Bachoco;Guanajuato;2.7;1.8;$69.00;;;;;;
24/12/2025;Gallina;Sin marca;Edo. de M?xico;3.6;3.3;$65.00;;;;;;
24/12/2025;Pollo entero;Bachoco;Guanajuato;3.5;2.65;$67.70;;;;;;
24/12/2025;Pollo entero;Otros;Veracruz;3.5;2.65;$67.30;;;;;;
24/12/2025;Pollo entero;Pilgrim's;Quer?taro;3.5;2.65;$67.50;;;;;;
24/12/2025;Pollo tipo rosticero;Bachoco;Guanajuato;2.7;1.8;$69.00;;;;;;
24/12/2025;Pollo tipo rosticero;Sin marca;Edo. de M?xico;3.6;3.3;$65.00;;;;;;
26/12/2025;Gallina;Sin marca;Guerrero;3.6;3.3;$65.00;;;;;;
26/12/2025;Pollo entero;Bachoco;Guanajuato;3.5;2.65;$67.70;;;;;;
26/12/2025;Pollo entero;Otros;Veracruz;3.5;2.65;$67.30;;;;;;
26/12/2025;Pollo entero;Pilgrim's;Quer?taro;3.5;2.65;$67.50;;;;;;
26/12/2025;Pollo tipo rosticero;Bachoco;Guanajuato;2.7;1.8;$69.00;;;;;;
29/12/2025;Gallina;Sin marca;Guanajuato;3.6;3.3;$65.00;;;;;;
29/12/2025;Pollo entero;Bachoco;Guanajuato;3.5;2.65;$68.70;;;;;;
29/12/2025;Pollo entero;Otros;Veracruz;3.5;2.65;$68.50;;;;;;
29/12/2025;Pollo entero;Pilgrim's;Quer?taro;3.5;2.65;$68.50;;;;;;
29/12/2025;Pollo tipo rosticero;Bachoco;Guanajuato;2.7;1.8;$70.00;;;;;;
30/12/2025;Gallina;Sin marca;Edo. de M?xico;3.6;3.3;$65.00;;;;;;
30/12/2025;Pollo entero;Bachoco;Guanajuato;3.5;2.65;$68.70;;;;;;
30/12/2025;Pollo entero;Otros;Veracruz;3.5;2.65;$68.30;;;;;;
30/12/2025;Pollo entero;Pilgrim's;Quer?taro;3.5;2.65;$68.50;;;;;;
30/12/2025;Pollo tipo rosticero;Bachoco;Guanajuato;2.7;1.8;$70.00;;;;;;
31/12/2025;Gallina;Sin marca;Edo. de M?xico;3.6;3.3;$65.00;;;;;;
31/12/2025;Pollo entero;Bachoco;Guanajuato;3.5;2.65;$68.70;;;;;;
31/12/2025;Pollo entero;Otros;Veracruz;3.5;2.65;$68.30;;;;;;
31/12/2025;Pollo entero;Pilgrim's;Quer?taro;3.5;2.65;$68.50;;;;;;
31/12/2025;Pollo tipo rosticero;Bachoco;Guanajuato;2.7;1.8;$70.00;;;;;;
D.F. : Centro de distribuci?n San Juan;;;;;;;;;;;;
1/12/2025;Gallina;Sin marca;Quer?taro;3.6;3.3;$55.00;;;;;;
1/12/2025;Pollo entero;Bachoco;Guanajuato;3.5;2.65;$68.50;;;;;;
1/12/2025;Pollo entero;Otros;Veracruz;3.5;2.65;$68.00;;;;;;
1/12/2025;Pollo entero;Pilgrim's;Quer?taro;3.5;2.65;$68.30;;;;;;
1/12/2025;Pollo tipo rosticero;Bachoco;Guanajuato;2.7;1.8;$70.00;;;;;;
2/12/2025;Gallina;Sin marca;Tlaxcala;3.6;3.3;$57.00;;;;;;
2/12/2025;Pollo entero;Bachoco;Guanajuato;3.5;2.65;$66.50;;;;;;
2/12/2025;Pollo entero;Otros;Veracruz;3.5;2.65;$66.00;;;;;;
2/12/2025;Pollo entero;Pilgrim's;Quer?taro;3.5;2.65;$66.30;;;;;;
2/12/2025;Pollo tipo rosticero;Bachoco;Guanajuato;2.7;1.8;$68.00;;;;;;
3/12/2025;Gallina;Sin marca;Edo. de M?xico;3.6;3.3;$58.00;;;;;;
3/12/2025;Pollo entero;Bachoco;Guanajuato;3.5;2.65;$65.50;;;;;;
3/12/2025;Pollo entero;Otros;Veracruz;3.5;2.65;$65.00;;;;;;
3/12/2025;Pollo entero;Pilgrim's;Quer?taro;3.5;2.65;$65.30;;;;;;
3/12/2025;Pollo tipo rosticero;Bachoco;Guanajuato;2.7;1.8;$67.00;;;;;;
4/12/2025;Gallina;Sin marca;Puebla;3.6;3.3;$59.00;;;;;;
4/12/2025;Pollo entero;Bachoco;Guanajuato;3.5;2.65;$65.50;;;;;;
4/12/2025;Pollo entero;Otros;Veracruz;3.5;2.65;$65.00;;;;;;
4/12/2025;Pollo entero;Pilgrim's;Guanajuato;3.5;2.65;$65.30;;;;;;
4/12/2025;Pollo tipo rosticero;Bachoco;Guanajuato;2.7;1.8;$67.00;;;;;;
5/12/2025;Gallina;Sin marca;Guerrero;3.6;3.3;$60.00;;;;;;
5/12/2025;Pollo entero;Bachoco;Guanajuato;3.5;2.65;$65.50;;;;;;
5/12/2025;Pollo entero;Otros;Veracruz;3.5;2.65;$65.00;;;;;;
5/12/2025;Pollo entero;Pilgrim's;Quer?taro;3.5;2.65;$65.30;;;;;;
5/12/2025;Pollo tipo rosticero;Bachoco;Guanajuato;2.7;1.8;$67.00;;;;;;
8/12/2025;Gallina;Sin marca;Quer?taro;3.6;3.3;$61.00;;;;;;
8/12/2025;Pollo entero;Bachoco;Guanajuato;3.5;2.65;$64.50;;;;;;
8/12/2025;Pollo entero;Bachoco;Quer?taro;3.5;2.65;$64.50;;;;;;
8/12/2025;Pollo entero;Otros;Veracruz;3.5;2.65;$64.00;;;;;;
8/12/2025;Pollo entero;Pilgrim's;Quer?taro;3.5;2.65;$64.30;;;;;;
8/12/2025;Pollo tipo rosticero;Bachoco;Guanajuato;2.7;1.8;$66.00;;;;;;
9/12/2025;Gallina;Sin marca;Tlaxcala;3.6;3.3;$62.00;;;;;;
9/12/2025;Pollo entero;Bachoco;Guanajuato;3.5;2.65;$64.50;;;;;;
9/12/2025;Pollo entero;Otros;Veracruz;3.5;2.65;$64.30;;;;;;
9/12/2025;Pollo entero;Pilgrim's;Quer?taro;3.5;2.65;$64.30;;;;;;
9/12/2025;Pollo tipo rosticero;Bachoco;Guanajuato;2.7;1.8;$66.00;;;;;;
10/12/2025;Gallina;Sin marca;Edo. de M?xico;3.6;3.3;$63.00;;;;;;
10/12/2025;Pollo entero;Bachoco;Guanajuato;3.5;2.65;$64.50;;;;;;
10/12/2025;Pollo entero;Otros;Veracruz;3.5;2.65;$64.00;;;;;;
10/12/2025;Pollo entero;Pilgrim's;Quer?taro;3.5;2.65;$64.30;;;;;;
10/12/2025;Pollo tipo rosticero;Bachoco;Guanajuato;2.7;1.8;$66.00;;;;;;
11/12/2025;Gallina;Sin marca;Puebla;3.6;3.3;$64.00;;;;;;
11/12/2025;Pollo entero;Bachoco;Guanajuato;3.5;2.65;$65.50;;;;;;
11/12/2025;Pollo entero;Otros;Veracruz;3.5;2.65;$65.00;;;;;;
11/12/2025;Pollo entero;Pilgrim's;Quer?taro;3.5;2.65;$65.30;;;;;;
11/12/2025;Pollo tipo rosticero;Bachoco;Guanajuato;2.7;1.8;$68.00;;;;;;
12/12/2025;Gallina;Sin marca;Guerrero;3.6;3.3;$64.00;;;;;;
12/12/2025;Pollo entero;Bachoco;Guanajuato;3.5;2.65;$65.50;;;;;;
12/12/2025;Pollo entero;Otros;Veracruz;3.5;2.65;$65.00;;;;;;
12/12/2025;Pollo entero;Pilgrim's;Quer?taro;3.5;2.65;$65.30;;;;;;
12/12/2025;Pollo tipo rosticero;Bachoco;Guanajuato;2.7;1.8;$68.00;;;;;;
15/12/2025;Gallina;Sin marca;Quer?taro;3.6;3.3;$64.00;;;;;;
15/12/2025;Pollo entero;Bachoco;Guanajuato;3.5;2.65;$65.50;;;;;;
15/12/2025;Pollo entero;Otros;Veracruz;3.5;2.65;$65.00;;;;;;
15/12/2025;Pollo entero;Pilgrim's;Quer?taro;3.5;2.65;$65.30;;;;;;
15/12/2025;Pollo tipo rosticero;Bachoco;Guanajuato;2.7;1.8;$68.00;;;;;;
16/12/2025;Gallina;Sin marca;Tlaxcala;3.6;3.3;$64.00;;;;;;
16/12/2025;Pollo entero;Bachoco;Guanajuato;3.5;2.65;$65.50;;;;;;
16/12/2025;Pollo entero;Otros;Veracruz;3.5;2.65;$65.00;;;;;;
16/12/2025;Pollo entero;Pilgrim's;Quer?taro;3.5;2.65;$65.30;;;;;;
16/12/2025;Pollo tipo rosticero;Bachoco;Guanajuato;2.27;1.8;$67.00;;;;;;
17/12/2025;Gallina;Sin marca;Edo. de M?xico;3.6;3.3;$64.00;;;;;;
17/12/2025;Pollo entero;Bachoco;Guanajuato;3.5;2.65;$64.50;;;;;;
17/12/2025;Pollo entero;Otros;Veracruz;3.5;2.65;$64.00;;;;;;
17/12/2025;Pollo entero;Pilgrim's;Quer?taro;3.5;2.65;$64.30;;;;;;
17/12/2025;Pollo tipo rosticero;Bachoco;Guanajuato;2.7;1.8;$66.00;;;;;;
18/12/2025;Gallina;Sin marca;Puebla;3.6;3.3;$64.00;;;;;;
18/12/2025;Pollo entero;Bachoco;Guanajuato;3.5;2.65;$64.50;;;;;;
18/12/2025;Pollo entero;Otros;Veracruz;3.5;2.65;$64.00;;;;;;
18/12/2025;Pollo entero;Pilgrim's;Quer?taro;3.5;2.65;$64.30;;;;;;
18/12/2025;Pollo tipo rosticero;Bachoco;Guanajuato;2.7;1.8;$66.00;;;;;;
22/12/2025;Gallina;Sin marca;Guanajuato;3.6;3.3;$65.00;;;;;;
22/12/2025;Pollo entero;Bachoco;Guanajuato;3.5;2.65;$66.50;;;;;;
22/12/2025;Pollo entero;Otros;Veracruz;3.5;2.65;$66.00;;;;;;
22/12/2025;Pollo entero;Pilgrim's;Quer?taro;3.5;2.65;$66.30;;;;;;
22/12/2025;Pollo tipo rosticero;Bachoco;Guanajuato;2.7;1.8;$68.00;;;;;;
23/12/2025;Gallina;Sin marca;Tlaxcala;3.6;3.3;$65.00;;;;;;
23/12/2025;Pollo entero;Bachoco;Guanajuato;3.5;2.65;$67.50;;;;;;
23/12/2025;Pollo entero;Otros;Veracruz;3.5;2.65;$67.00;;;;;;
23/12/2025;Pollo entero;Pilgrim's;Quer?taro;3.5;2.65;$67.30;;;;;;
23/12/2025;Pollo tipo rosticero;Bachoco;Guanajuato;2.7;1.8;$69.00;;;;;;
24/12/2025;Gallina;Sin marca;Puebla;3.6;3.3;$65.00;;;;;;
24/12/2025;Pollo entero;Bachoco;Guanajuato;3.5;2.65;$67.50;;;;;;
24/12/2025;Pollo entero;Otros;Veracruz;3.5;2.65;$67.00;;;;;;
24/12/2025;Pollo entero;Pilgrim's;Quer?taro;3.5;2.65;$67.30;;;;;;
24/12/2025;Pollo tipo rosticero;Bachoco;Guanajuato;2.7;1.8;$69.00;;;;;;
26/12/2025;Gallina;Sin marca;Morelos;3.6;3.3;$65.00;;;;;;
26/12/2025;Pollo entero;Bachoco;Guanajuato;3.5;2.65;$67.50;;;;;;
26/12/2025;Pollo entero;Otros;Veracruz;3.5;2.65;$67.00;;;;;;
26/12/2025;Pollo entero;Pilgrim's;Quer?taro;3.5;2.65;$67.30;;;;;;
26/12/2025;Pollo tipo rosticero;Bachoco;Guanajuato;2.7;1.8;$69.00;;;;;;
29/12/2025;Gallina;Sin marca;Quer?taro;3.6;3.3;$65.00;;;;;;
29/12/2025;Pollo entero;Bachoco;Guanajuato;3.5;2.65;$68.50;;;;;;
29/12/2025;Pollo entero;Otros;Veracruz;3.5;2.65;$68.00;;;;;;
29/12/2025;Pollo entero;Pilgrim's;Quer?taro;3.5;2.65;$68.30;;;;;;
29/12/2025;Pollo tipo rosticero;Bachoco;Guanajuato;2.7;1.8;$70.00;;;;;;
30/12/2025;Gallina;Sin marca;Chiapas;3.5;2.65;$65.00;;;;;;
30/12/2025;Pollo entero;Bachoco;Guanajuato;3.5;2.65;$68.50;;;;;;
30/12/2025;Pollo entero;Otros;Veracruz;3.5;2.65;$68.00;;;;;;
30/12/2025;Pollo entero;Pilgrim's;Quer?taro;3.5;2.65;$68.30;;;;;;
30/12/2025;Pollo tipo rosticero;Bachoco;Guanajuato;3.5;2.65;$70.00;;;;;;
31/12/2025;Gallina;Pilgrim's;Chiapas;3.5;2.65;$65.00;;;;;;
31/12/2025;Pollo entero;Bachoco;Guanajuato;3.5;2.65;$68.50;;;;;;
31/12/2025;Pollo entero;Otros;Veracruz;3.5;2.65;$68.00;;;;;;
31/12/2025;Pollo entero;Pilgrim's;Quer?taro;3.5;2.65;$68.30;;;;;;
31/12/2025;Pollo tipo rosticero;Bachoco;Guanajuato;3.5;2.65;$70.00;;;;;;
Nay: Centros de Distribuci?n de Nayarit;;;;;;;;;;;;
1/12/2025;Pollo entero;Bachoco;Nayarit;2.7;2.5;$59.00;;;;;;
2/12/2025;Pollo entero;Bachoco;Nayarit;2.7;2.5;$59.00;;;;;;
3/12/2025;Pollo entero;Bachoco;Nayarit;2.7;2.5;$59.00;;;;;;
4/12/2025;Pollo entero;Bachoco;Nayarit;2.7;2.5;$59.00;;;;;;
5/12/2025;Pollo entero;Bachoco;Nayarit;2.7;2.5;$59.00;;;;;;
8/12/2025;Pollo entero;Bachoco;Nayarit;2.7;2.5;$59.00;;;;;;
9/12/2025;Pollo entero;Bachoco;Nayarit;2.7;2.5;$59.00;;;;;;
10/12/2025;Pollo entero;Bachoco;Nayarit;2.7;2.5;$59.00;;;;;;
11/12/2025;Pollo entero;Bachoco;Nayarit;2.7;2.5;$59.00;;;;;;
12/12/2025;Pollo entero;Bachoco;Nayarit;2.7;2.5;$59.00;;;;;;
15/12/2025;Pollo entero;Bachoco;Nayarit;2.7;2.5;$59.00;;;;;;
16/12/2025;Pollo entero;Bachoco;Nayarit;2.7;2.5;$59.00;;;;;;
17/12/2025;Pollo entero;Bachoco;Nayarit;2.7;2.5;$59.00;;;;;;
18/12/2025;Pollo entero;Bachoco;Nayarit;2.7;2.5;$59.00;;;;;;
19/12/2025;Pollo entero;Bachoco;Nayarit;2.7;2.5;$59.00;;;;;;
Qro. : Centros de distribuci?n de Quer?taro;;;;;;;;;;;;
1/12/2025;Pollo entero;Pilgrim's;Quer?taro;2.7;2.5;$40.00;;;;;;
2/12/2025;Pollo entero;Pilgrim's;Quer?taro;2.7;2.5;$40.00;;;;;;
3/12/2025;Pollo entero;Pilgrim's;Quer?taro;2.7;2.5;$40.00;;;;;;
4/12/2025;Pollo entero;Pilgrim's;Quer?taro;2.7;2.5;$40.00;;;;;;
5/12/2025;Pollo entero;Pilgrim's;Quer?taro;2.7;2.5;$36.00;;;;;;
8/12/2025;Pollo entero;Pilgrim's;Quer?taro;2.7;2.5;$36.00;;;;;;
9/12/2025;Pollo entero;Pilgrim's;Quer?taro;2.7;2.5;$35.00;;;;;;
10/12/2025;Pollo entero;Pilgrim's;Quer?taro;2.7;2.5;$35.00;;;;;;
11/12/2025;Pollo entero;Pilgrim's;Quer?taro;2.7;2.5;$35.00;;;;;;
12/12/2025;Pollo entero;Pilgrim's;Quer?taro;2.7;2.5;$35.00;;;;;;
15/12/2025;Pollo entero;Pilgrim's;Quer?taro;2.7;2.5;$34.00;;;;;;
16/12/2025;Pollo entero;Pilgrim's;Quer?taro;2.7;2.5;$36.00;;;;;;
17/12/2025;Pollo entero;Pilgrim's;Quer?taro;2.7;2.5;$36.00;;;;;;
18/12/2025;Pollo entero;Pilgrim's;Quer?taro;2.7;2.5;$36.00;;;;;;
19/12/2025;Pollo entero;Pilgrim's;Quer?taro;2.7;2.5;$39.00;;;;;;
22/12/2025;Pollo entero;Pilgrim's;Quer?taro;2.7;2.5;$39.00;;;;;;
23/12/2025;Pollo entero;Pilgrim's;Quer?taro;2.7;2.5;$39.00;;;;;;
24/12/2025;Pollo entero;Pilgrim's;Quer?taro;2.7;2.5;$39.00;;;;;;
26/12/2025;Pollo entero;Pilgrim's;Quer?taro;2.7;2.5;$39.00;;;;;;
29/12/2025;Pollo entero;Pilgrim's;Quer?taro;2.7;2.5;$39.00;;;;;;
30/12/2025;Pollo entero;Pilgrim's;Quer?taro;2.7;2.5;$45.00;;;;;;
31/12/2025;Pollo entero;Pilgrim's;Quer?taro;2.7;2.5;$45.00;;;;;;
Zac: Mercado de Abasto de Zacatecas;;;;;;;;;;;;
1/12/2025;Pollo entero;Nutri Pollo;San Luis Potos?;2.1;1.9;$70.00;;;;;;
1/12/2025;Pollo entero;Pilgrim's;San Luis Potos?;2.1;1.9;$70.00;;;;;;
1/12/2025;Pollo tipo rosticero;Nutri Pollo;San Luis Potos?;1.4;1.2;$58.00;;;;;;
1/12/2025;Pollo tipo rosticero;Pilgrim's;San Luis Potos?;1.4;1.2;$58.00;;;;;;
2/12/2025;Pollo entero;Nutri Pollo;San Luis Potos?;2.1;1.9;$70.00;;;;;;
2/12/2025;Pollo entero;Pilgrim's;San Luis Potos?;2.1;1.9;$70.00;;;;;;
2/12/2025;Pollo tipo rosticero;Nutri Pollo;San Luis Potos?;1.4;1.2;$58.00;;;;;;
2/12/2025;Pollo tipo rosticero;Pilgrim's;San Luis Potos?;1.4;1.2;$58.00;;;;;;
3/12/2025;Pollo entero;Nutri Pollo;San Luis Potos?;2.1;1.9;$70.00;;;;;;
3/12/2025;Pollo entero;Pilgrim's;San Luis Potos?;2.1;1.9;$70.00;;;;;;
3/12/2025;Pollo tipo rosticero;Nutri Pollo;San Luis Potos?;1.4;1.2;$58.00;;;;;;
3/12/2025;Pollo tipo rosticero;Pilgrim's;San Luis Potos?;1.4;1.2;$58.00;;;;;;
4/12/2025;Pollo entero;Nutri Pollo;San Luis Potos?;2.1;1.9;$70.00;;;;;;
4/12/2025;Pollo entero;Pilgrim's;San Luis Potos?;2.1;1.9;$70.00;;;;;;
4/12/2025;Pollo tipo rosticero;Nutri Pollo;San Luis Potos?;1.4;1.2;$58.00;;;;;;
4/12/2025;Pollo tipo rosticero;Pilgrim's;San Luis Potos?;1.4;1.2;$58.00;;;;;;
5/12/2025;Pollo entero;Nutri Pollo;San Luis Potos?;2.1;1.9;$70.00;;;;;;
5/12/2025;Pollo entero;Pilgrim's;San Luis Potos?;2.1;1.9;$70.00;;;;;;
5/12/2025;Pollo tipo rosticero;Nutri Pollo;San Luis Potos?;1.4;1.2;$58.00;;;;;;
5/12/2025;Pollo tipo rosticero;Pilgrim's;San Luis Potos?;1.4;1.2;$58.00;;;;;;
8/12/2025;Pollo entero;Nutri Pollo;San Luis Potos?;2.1;1.9;$70.00;;;;;;
8/12/2025;Pollo entero;Pilgrim's;San Luis Potos?;2.1;1.9;$70.00;;;;;;
8/12/2025;Pollo tipo rosticero;Nutri Pollo;San Luis Potos?;1.4;1.2;$58.00;;;;;;
8/12/2025;Pollo tipo rosticero;Pilgrim's;San Luis Potos?;1.4;1.2;$58.00;;;;;;
9/12/2025;Pollo entero;Nutri Pollo;San Luis Potos?;2.1;1.9;$70.00;;;;;;
9/12/2025;Pollo entero;Pilgrim's;San Luis Potos?;2.1;1.9;$70.00;;;;;;
9/12/2025;Pollo tipo rosticero;Nutri Pollo;San Luis Potos?;1.4;1.2;$58.00;;;;;;
9/12/2025;Pollo tipo rosticero;Pilgrim's;San Luis Potos?;1.4;1.2;$58.00;;;;;;
10/12/2025;Pollo entero;Nutri Pollo;San Luis Potos?;2.1;1.9;$70.00;;;;;;
10/12/2025;Pollo entero;Pilgrim's;San Luis Potos?;2.1;1.9;$70.00;;;;;;
10/12/2025;Pollo tipo rosticero;Nutri Pollo;San Luis Potos?;1.4;1.2;$58.00;;;;;;
10/12/2025;Pollo tipo rosticero;Pilgrim's;San Luis Potos?;1.4;1.2;$58.00;;;;;;
11/12/2025;Pollo entero;Nutri Pollo;San Luis Potos?;2.1;1.9;$70.00;;;;;;
11/12/2025;Pollo entero;Pilgrim's;San Luis Potos?;2.1;1.9;$70.00;;;;;;
11/12/2025;Pollo tipo rosticero;Nutri Pollo;San Luis Potos?;1.4;1.2;$58.00;;;;;;
11/12/2025;Pollo tipo rosticero;Pilgrim's;San Luis Potos?;1.4;1.2;$58.00;;;;;;
12/12/2025;Pollo entero;Nutri Pollo;San Luis Potos?;2.1;1.9;$70.00;;;;;;
12/12/2025;Pollo entero;Pilgrim's;San Luis Potos?;2.1;1.9;$70.00;;;;;;
12/12/2025;Pollo tipo rosticero;Nutri Pollo;San Luis Potos?;1.4;1.2;$58.00;;;;;;
12/12/2025;Pollo tipo rosticero;Pilgrim's;San Luis Potos?;1.4;1.2;$58.00;;;;;;
15/12/2025;Pollo entero;Nutri Pollo;San Luis Potos?;2.1;1.9;$70.00;;;;;;
15/12/2025;Pollo entero;Pilgrim's;San Luis Potos?;2.1;1.9;$70.00;;;;;;
15/12/2025;Pollo tipo rosticero;Nutri Pollo;San Luis Potos?;1.4;1.2;$58.00;;;;;;
15/12/2025;Pollo tipo rosticero;Pilgrim's;San Luis Potos?;1.4;1.2;$58.00;;;;;;
16/12/2025;Pollo entero;Nutri Pollo;San Luis Potos?;2.1;1.9;$70.00;;;;;;
16/12/2025;Pollo entero;Pilgrim's;San Luis Potos?;2.1;1.9;$70.00;;;;;;
16/12/2025;Pollo tipo rosticero;Nutri Pollo;San Luis Potos?;1.4;1.2;$58.00;;;;;;
16/12/2025;Pollo tipo rosticero;Pilgrim's;San Luis Potos?;1.4;1.2;$58.00;;;;;;
17/12/2025;Pollo entero;Nutri Pollo;San Luis Potos?;2.1;1.9;$70.00;;;;;;
17/12/2025;Pollo entero;Pilgrim's;San Luis Potos?;2.1;1.9;$70.00;;;;;;
17/12/2025;Pollo tipo rosticero;Nutri Pollo;San Luis Potos?;1.4;1.2;$58.00;;;;;;
17/12/2025;Pollo tipo rosticero;Pilgrim's;San Luis Potos?;1.4;1.2;$58.00;;;;;;
18/12/2025;Pollo entero;Nutri Pollo;San Luis Potos?;2.1;1.9;$70.00;;;;;;
18/12/2025;Pollo entero;Pilgrim's;San Luis Potos?;2.1;1.9;$70.00;;;;;;
18/12/2025;Pollo tipo rosticero;Nutri Pollo;San Luis Potos?;1.4;1.2;$58.00;;;;;;
18/12/2025;Pollo tipo rosticero;Pilgrim's;San Luis Potos?;1.4;1.2;$58.00;;;;;;
19/12/2025;Pollo entero;Nutri Pollo;San Luis Potos?;2.1;1.9;$70.00;;;;;;
19/12/2025;Pollo entero;Pilgrim's;San Luis Potos?;2.1;1.9;$70.00;;;;;;
19/12/2025;Pollo tipo rosticero;Nutri Pollo;San Luis Potos?;1.4;1.2;$58.00;;;;;;
19/12/2025;Pollo tipo rosticero;Pilgrim's;San Luis Potos?;1.4;1.2;$58.00;;;;;;
22/12/2025;Pollo entero;Nutri Pollo;San Luis Potos?;2.1;1.9;$70.00;;;;;;
22/12/2025;Pollo entero;Pilgrim's;San Luis Potos?;2.1;1.9;$70.00;;;;;;
22/12/2025;Pollo tipo rosticero;Nutri Pollo;San Luis Potos?;1.4;1.2;$58.00;;;;;;
22/12/2025;Pollo tipo rosticero;Pilgrim's;San Luis Potos?;1.4;1.2;$58.00;;;;;;
23/12/2025;Pollo entero;Nutri Pollo;San Luis Potos?;2.1;1.9;$70.00;;;;;;
23/12/2025;Pollo entero;Pilgrim's;San Luis Potos?;2.1;1.9;$70.00;;;;;;
23/12/2025;Pollo tipo rosticero;Pilgrim's;San Luis Potos?;1.4;1.2;$58.00;;;;;;
24/12/2025;Pollo entero;Nutri Pollo;San Luis Potos?;2.1;1.9;$70.00;;;;;;
24/12/2025;Pollo entero;Pilgrim's;San Luis Potos?;1.4;1.2;$58.00;;;;;;
24/12/2025;Pollo tipo rosticero;Nutri Pollo;San Luis Potos?;2.1;1.9;$70.00;;;;;;
24/12/2025;Pollo tipo rosticero;Pilgrim's;San Luis Potos?;1.4;1.2;$58.00;;;;;;
26/12/2025;Pollo entero;Nutri Pollo;San Luis Potos?;2.1;1.9;$70.00;;;;;;
26/12/2025;Pollo entero;Pilgrim's;San Luis Potos?;1.4;1.2;$58.00;;;;;;
26/12/2025;Pollo tipo rosticero;Nutri Pollo;San Luis Potos?;2.1;1.9;$70.00;;;;;;
26/12/2025;Pollo tipo rosticero;Pilgrim's;San Luis Potos?;1.4;1.2;$58.00;;;;;;
29/12/2025;Pollo entero;Nutri Pollo;San Luis Potos?;2.1;1.9;$70.00;;;;;;
29/12/2025;Pollo entero;Pilgrim's;San Luis Potos?;1.4;1.2;$58.00;;;;;;
29/12/2025;Pollo tipo rosticero;Nutri Pollo;San Luis Potos?;2.1;1.9;$70.00;;;;;;
29/12/2025;Pollo tipo rosticero;Pilgrim's;San Luis Potos?;2.1;1.2;$58.00;;;;;;
30/12/2025;Pollo entero;Nutri Pollo;San Luis Potos?;2.1;1.9;$70.00;;;;;;
30/12/2025;Pollo entero;Pilgrim's;San Luis Potos?;2.1;1.9;$70.00;;;;;;
30/12/2025;Pollo tipo rosticero;Nutri Pollo;San Luis Potos?;1.4;1.2;$58.00;;;;;;
30/12/2025;Pollo tipo rosticero;Pilgrim's;San Luis Potos?;1.4;1.2;$58.00;;;;;;
31/12/2025;Pollo entero;Nutri Pollo;San Luis Potos?;2.1;1.9;$70.00;;;;;;
31/12/2025;Pollo entero;Pilgrim's;San Luis Potos?;2.1;1.9;$70.00;;;;;;
31/12/2025;Pollo tipo rosticero;Nutri Pollo;San Luis Potos?;1.4;1.2;$58.00;;;;;;
31/12/2025;Pollo tipo rosticero;Pilgrim's;San Luis Potos?;1.4;1.2;$58.00;;;;;;
;;;;;;;;;;;;
D.F. : Centro de distribuci?n Becerra;;;;;;;;;;;;
2/1/2026;Gallina;Sin marca;Coahuila;3.6;3.3;$65.00;;;;;;
2/1/2026;Pollo entero;Bachoco;Guanajuato;3.5;2.65;$69.00;;;;;;
2/1/2026;Pollo entero;Otros;Veracruz;3.5;2.65;$68.50;;;;;;
2/1/2026;Pollo entero;Pilgrim's;Quer?taro;3.5;2.65;$68.70;;;;;;
2/1/2026;Pollo entero;Tyson;Coahuila;3.5;2.65;$68.90;;;;;;
2/1/2026;Pollo tipo rosticero;Bachoco;Guanajuato;2.7;1.8;$70.00;;;;;;
5/1/2026;Gallina;Sin marca;Sinaloa;3.6;3.3;$65.00;;;;;;
5/1/2026;Pollo entero;Bachoco;Guanajuato;3.5;2.65;$67.00;;;;;;
5/1/2026;Pollo entero;Otros;Veracruz;3.5;2.65;$66.50;;;;;;
5/1/2026;Pollo entero;Pilgrim's;Quer?taro;3.5;2.65;$66.70;;;;;;
5/1/2026;Pollo entero;Tyson;Coahuila;3.5;2.65;$66.90;;;;;;
5/1/2026;Pollo tipo rosticero;Bachoco;Guanajuato;2.7;1.8;$68.00;;;;;;
6/1/2026;Gallina;Sin marca;Sinaloa;3.6;3.3;$65.00;;;;;;
6/1/2026;Pollo entero;Bachoco;Guanajuato;3.5;2.65;$65.00;;;;;;
6/1/2026;Pollo entero;Otros;Veracruz;3.5;2.65;$64.50;;;;;;
6/1/2026;Pollo entero;Pilgrim's;Quer?taro;3.5;2.65;$64.70;;;;;;
6/1/2026;Pollo entero;Tyson;Coahuila;3.5;2.65;$64.90;;;;;;
6/1/2026;Pollo tipo rosticero;Bachoco;Guanajuato;2.7;1.8;$66.00;;;;;;
7/1/2026;Gallina;Sin marca;Sinaloa;3.6;3.3;$65.00;;;;;;
7/1/2026;Pollo entero;Bachoco;Guanajuato;3.5;2.65;$65.00;;;;;;
7/1/2026;Pollo entero;Otros;Veracruz;3.5;2.65;$64.50;;;;;;
7/1/2026;Pollo entero;Pilgrim's;Quer?taro;3.5;2.65;$64.70;;;;;;
7/1/2026;Pollo entero;Tyson;Coahuila;3.5;2.65;$64.90;;;;;;
7/1/2026;Pollo tipo rosticero;Bachoco;Guanajuato;2.7;1.8;$66.00;;;;;;
8/1/2026;Gallina;Sin marca;Sinaloa;3.6;3.3;$65.00;;;;;;
8/1/2026;Pollo entero;Bachoco;Guanajuato;3.5;2.65;$64.00;;;;;;
8/1/2026;Pollo entero;Otros;Veracruz;3.5;2.65;$63.50;;;;;;
8/1/2026;Pollo entero;Pilgrim's;Quer?taro;3.5;2.65;$63.70;;;;;;
8/1/2026;Pollo entero;Tyson;Coahuila;3.5;2.65;$63.90;;;;;;
8/1/2026;Pollo tipo rosticero;Bachoco;Guanajuato;2.7;1.8;$65.00;;;;;;
9/1/2026;Gallina;Sin marca;Sinaloa;3.6;3.3;$65.00;;;;;;
9/1/2026;Pollo entero;Bachoco;Guanajuato;3.5;2.65;$64.00;;;;;;
9/1/2026;Pollo entero;Otros;Veracruz;3.5;2.65;$63.50;;;;;;
9/1/2026;Pollo entero;Pilgrim's;Quer?taro;3.5;2.65;$63.70;;;;;;
9/1/2026;Pollo entero;Tyson;Coahuila;3.5;2.65;$63.90;;;;;;
9/1/2026;Pollo tipo rosticero;Bachoco;Guanajuato;2.7;1.8;$65.00;;;;;;
12/1/2026;Gallina;Sin marca;Coahuila;3.6;3.3;$65.00;;;;;;
12/1/2026;Pollo entero;Bachoco;Guanajuato;3.5;2.65;$64.00;;;;;;
12/1/2026;Pollo entero;Otros;Veracruz;3.5;2.65;$63.50;;;;;;
12/1/2026;Pollo entero;Pilgrim's;Quer?taro;3.5;2.65;$63.70;;;;;;
12/1/2026;Pollo entero;Tyson;Coahuila;3.5;2.65;$63.90;;;;;;
12/1/2026;Pollo tipo rosticero;Bachoco;Guanajuato;2.7;1.8;$65.00;;;;;;
13/1/2026;Gallina;Sin marca;Tamaulipas;3.6;3.3;$64.00;;;;;;
13/1/2026;Pollo entero;Bachoco;Guanajuato;3.5;2.65;$64.00;;;;;;
13/1/2026;Pollo entero;Otros;Veracruz;3.5;2.65;$63.50;;;;;;
13/1/2026;Pollo entero;Pilgrim's;Quer?taro;3.5;2.65;$63.70;;;;;;
13/1/2026;Pollo entero;Tyson;Coahuila;3.5;2.65;$63.90;;;;;;
13/1/2026;Pollo tipo rosticero;Bachoco;Guanajuato;2.7;1.8;$65.00;;;;;;
14/1/2026;Gallina;Sin marca;Tabasco;3.6;3.3;$64.00;;;;;;
14/1/2026;Pollo entero;Bachoco;Guanajuato;3.5;2.65;$64.00;;;;;;
14/1/2026;Pollo entero;Otros;Veracruz;3.5;2.65;$63.50;;;;;;
14/1/2026;Pollo entero;Pilgrim's;Quer?taro;3.5;2.65;$63.70;;;;;;
14/1/2026;Pollo entero;Tyson;Coahuila;3.5;2.65;$63.90;;;;;;
14/1/2026;Pollo tipo rosticero;Bachoco;Guanajuato;2.7;1.8;$65.00;;;;;;
15/1/2026;Gallina;Sin marca;Coahuila;3.6;3.3;$64.00;;;;;;
15/1/2026;Pollo entero;Bachoco;Guanajuato;3.5;2.65;$63.00;;;;;;
15/1/2026;Pollo entero;Otros;Veracruz;3.5;2.65;$62.50;;;;;;
15/1/2026;Pollo entero;Pilgrim's;Quer?taro;3.5;2.65;$62.70;;;;;;
15/1/2026;Pollo entero;Tyson;Coahuila;3.5;2.65;$62.90;;;;;;
15/1/2026;Pollo tipo rosticero;Bachoco;Guanajuato;2.7;1.8;$64.00;;;;;;
16/1/2026;Gallina;Sin marca;Coahuila;3.6;3.3;$64.00;;;;;;
16/1/2026;Pollo entero;Bachoco;Guanajuato;3.5;2.65;$63.00;;;;;;
16/1/2026;Pollo entero;Otros;Veracruz;3.5;2.65;$62.50;;;;;;
16/1/2026;Pollo entero;Pilgrim's;Quer?taro;3.5;2.65;$62.70;;;;;;
16/1/2026;Pollo entero;Tyson;Coahuila;3.5;2.65;$62.90;;;;;;
16/1/2026;Pollo tipo rosticero;Bachoco;Guanajuato;2.7;1.8;$64.00;;;;;;
19/1/2026;Gallina;Sin marca;Coahuila;3.6;3.3;$62.00;;;;;;
19/1/2026;Pollo entero;Bachoco;Guanajuato;3.5;2.65;$63.00;;;;;;
19/1/2026;Pollo entero;Otros;Veracruz;3.5;2.65;$62.50;;;;;;
19/1/2026;Pollo entero;Pilgrim's;Quer?taro;3.5;2.65;$62.70;;;;;;
19/1/2026;Pollo entero;Tyson;Coahuila;3.5;2.65;$62.90;;;;;;
19/1/2026;Pollo tipo rosticero;Bachoco;Guanajuato;2.7;1.8;$64.00;;;;;;
20/1/2026;Gallina;Sin marca;Coahuila;3.6;3.3;$62.00;;;;;;
20/1/2026;Pollo entero;Bachoco;Guanajuato;3.5;2.65;$63.00;;;;;;
20/1/2026;Pollo entero;Otros;Veracruz;3.5;2.65;$62.50;;;;;;
20/1/2026;Pollo entero;Pilgrim's;Quer?taro;3.5;2.65;$62.70;;;;;;
20/1/2026;Pollo entero;Tyson;Coahuila;3.5;2.65;$62.90;;;;;;
20/1/2026;Pollo tipo rosticero;Bachoco;Guanajuato;2.7;1.8;$64.00;;;;;;
21/1/2026;Gallina;Sin marca;Tamaulipas;3.6;3.3;$60.00;;;;;;
21/1/2026;Pollo entero;Bachoco;Guanajuato;3.5;2.65;$63.00;;;;;;
21/1/2026;Pollo entero;Otros;Veracruz;3.5;2.65;$62.50;;;;;;
21/1/2026;Pollo entero;Pilgrim's;Quer?taro;3.5;2.65;$62.70;;;;;;
21/1/2026;Pollo entero;Tyson;Coahuila;3.5;2.65;$62.90;;;;;;
21/1/2026;Pollo tipo rosticero;Bachoco;Guanajuato;2.7;1.8;$64.00;;;;;;
22/1/2026;Gallina;Sin marca;Sinaloa;3.6;3.3;$60.00;;;;;;
22/1/2026;Pollo entero;Bachoco;Guanajuato;3.5;2.65;$63.00;;;;;;
22/1/2026;Pollo entero;Otros;Veracruz;3.5;2.65;$62.50;;;;;;
22/1/2026;Pollo entero;Pilgrim's;Quer?taro;3.5;2.65;$62.70;;;;;;
22/1/2026;Pollo entero;Tyson;Coahuila;3.5;2.65;$62.90;;;;;;
22/1/2026;Pollo tipo rosticero;Bachoco;Guanajuato;2.7;1.8;$64.00;;;;;;
23/1/2026;Gallina;Sin marca;Tabasco;3.6;3.3;$60.00;;;;;;
23/1/2026;Pollo entero;Bachoco;Guanajuato;3.5;2.65;$63.00;;;;;;
23/1/2026;Pollo entero;Otros;Veracruz;3.5;2.65;$62.50;;;;;;
23/1/2026;Pollo entero;Pilgrim's;Quer?taro;3.5;2.65;$62.70;;;;;;
23/1/2026;Pollo entero;Tyson;Coahuila;3.5;2.65;$62.90;;;;;;
23/1/2026;Pollo tipo rosticero;Bachoco;Guanajuato;2.7;1.8;$64.00;;;;;;
26/1/2026;Gallina;Sin marca;Coahuila;3.6;3.3;$60.00;;;;;;
26/1/2026;Pollo entero;Bachoco;Guanajuato;3.5;2.65;$63.00;;;;;;
26/1/2026;Pollo entero;Otros;Veracruz;3.5;2.65;$62.50;;;;;;
26/1/2026;Pollo entero;Pilgrim's;Quer?taro;3.5;2.65;$62.70;;;;;;
26/1/2026;Pollo entero;Tyson;Coahuila;3.5;2.65;$62.90;;;;;;
26/1/2026;Pollo tipo rosticero;Bachoco;Guanajuato;2.7;1.8;$64.00;;;;;;
27/1/2026;Gallina;Sin marca;Jalisco;3.6;3.3;$60.00;;;;;;
27/1/2026;Pollo entero;Bachoco;Guanajuato;3.5;2.65;$63.00;;;;;;
27/1/2026;Pollo entero;Otros;Veracruz;3.5;2.65;$62.50;;;;;;
27/1/2026;Pollo entero;Pilgrim's;Quer?taro;3.5;2.65;$62.70;;;;;;
27/1/2026;Pollo entero;Tyson;Coahuila;3.5;2.65;$62.90;;;;;;
27/1/2026;Pollo tipo rosticero;Bachoco;Guanajuato;2.7;1.8;$64.00;;;;;;
28/1/2026;Gallina;Sin marca;Durango;3.6;3.3;$60.00;;;;;;
28/1/2026;Pollo entero;Bachoco;Guanajuato;3.5;2.65;$63.00;;;;;;
28/1/2026;Pollo entero;Otros;Veracruz;3.5;2.65;$62.50;;;;;;
28/1/2026;Pollo entero;Pilgrim's;Quer?taro;3.5;2.65;$62.70;;;;;;
28/1/2026;Pollo entero;Tyson;Coahuila;3.5;2.65;$62.90;;;;;;
28/1/2026;Pollo tipo rosticero;Bachoco;Guanajuato;2.7;1.8;$64.00;;;;;;
29/1/2026;Gallina;Sin marca;Sinaloa;3.6;3.3;$58.00;;;;;;
29/1/2026;Pollo entero;Bachoco;Guanajuato;3.5;2.65;$63.00;;;;;;
29/1/2026;Pollo entero;Otros;Veracruz;3.5;2.65;$62.50;;;;;;
29/1/2026;Pollo entero;Pilgrim's;Quer?taro;3.5;2.65;$62.70;;;;;;
29/1/2026;Pollo entero;Tyson;Coahuila;3.5;2.65;$62.90;;;;;;
29/1/2026;Pollo tipo rosticero;Bachoco;Guanajuato;2.7;1.8;$64.00;;;;;;
30/1/2026;Gallina;Sin marca;Tabasco;3.6;3.3;$58.00;;;;;;
30/1/2026;Pollo entero;Bachoco;Guanajuato;3.5;2.65;$63.00;;;;;;
30/1/2026;Pollo entero;Otros;Veracruz;3.5;2.65;$62.50;;;;;;
30/1/2026;Pollo entero;Pilgrim's;Quer?taro;3.5;2.65;$62.70;;;;;;
30/1/2026;Pollo entero;Tyson;Coahuila;3.5;2.65;$62.90;;;;;;
30/1/2026;Pollo tipo rosticero;Bachoco;Guanajuato;2.7;1.8;$64.00;;;;;;
D.F. : Centro de distribuci?n Nuevo San Juan;;;;;;;;;;;;
2/1/2026;Gallina;Sin marca;Veracruz;3.6;3.3;$65.00;;;;;;
2/1/2026;Pollo entero;Bachoco;Guanajuato;3.5;2.65;$68.90;;;;;;
2/1/2026;Pollo entero;Otros;Veracruz;3.5;2.65;$68.30;;;;;;
2/1/2026;Pollo entero;Pilgrim's;Quer?taro;3.5;2.65;$68.50;;;;;;
2/1/2026;Pollo entero;Tyson;Coahuila;3.5;2.65;$68.70;;;;;;
2/1/2026;Pollo tipo rosticero;Bachoco;Guanajuato;2.7;1.8;$70.00;;;;;;
5/1/2026;Gallina;Sin marca;Jalisco;3.6;3.3;$65.00;;;;;;
5/1/2026;Pollo entero;Bachoco;Guanajuato;3.5;2.65;$66.90;;;;;;
5/1/2026;Pollo entero;Otros;Veracruz;3.5;2.65;$66.30;;;;;;
5/1/2026;Pollo entero;Pilgrim's;Quer?taro;3.5;2.65;$66.50;;;;;;
5/1/2026;Pollo entero;Tyson;Coahuila;3.5;2.65;$66.70;;;;;;
5/1/2026;Pollo tipo rosticero;Bachoco;Guanajuato;2.7;1.8;$68.00;;;;;;
6/1/2026;Gallina;Sin marca;Jalisco;3.6;3.3;$65.00;;;;;;
6/1/2026;Pollo entero;Bachoco;Guanajuato;3.5;2.65;$64.90;;;;;;
6/1/2026;Pollo entero;Otros;Veracruz;3.5;2.65;$64.30;;;;;;
6/1/2026;Pollo entero;Pilgrim's;Quer?taro;3.5;2.65;$64.50;;;;;;
6/1/2026;Pollo entero;Tyson;Coahuila;3.5;2.65;$64.70;;;;;;
6/1/2026;Pollo tipo rosticero;Bachoco;Guanajuato;2.7;1.8;$66.00;;;;;;
7/1/2026;Gallina;Sin marca;Jalisco;3.6;3.3;$65.00;;;;;;
7/1/2026;Pollo entero;Bachoco;Guanajuato;3.5;2.65;$64.90;;;;;;
7/1/2026;Pollo entero;Otros;Veracruz;3.5;2.65;$64.30;;;;;;
7/1/2026;Pollo entero;Pilgrim's;Quer?taro;3.5;2.65;$64.50;;;;;;
7/1/2026;Pollo entero;Tyson;Coahuila;3.5;2.65;$64.70;;;;;;
7/1/2026;Pollo tipo rosticero;Bachoco;Guanajuato;2.7;1.8;$66.00;;;;;;
8/1/2026;Gallina;Sin marca;Jalisco;3.6;3.3;$65.00;;;;;;
8/1/2026;Pollo entero;Bachoco;Guanajuato;3.5;2.65;$63.90;;;;;;
8/1/2026;Pollo entero;Otros;Veracruz;3.5;2.65;$63.30;;;;;;
8/1/2026;Pollo entero;Pilgrim's;Quer?taro;3.5;2.65;$63.50;;;;;;
8/1/2026;Pollo entero;Tyson;Coahuila;3.5;2.65;$63.70;;;;;;
8/1/2026;Pollo tipo rosticero;Bachoco;Guanajuato;2.7;1.8;$65.00;;;;;;
9/1/2026;Gallina;Sin marca;Jalisco;3.6;3.3;$65.00;;;;;;
9/1/2026;Pollo entero;Bachoco;Guanajuato;3.5;2.65;$63.90;;;;;;
9/1/2026;Pollo entero;Otros;Veracruz;3.5;2.65;$63.30;;;;;;
9/1/2026;Pollo entero;Pilgrim's;Quer?taro;3.5;2.65;$63.50;;;;;;
9/1/2026;Pollo entero;Tyson;Coahuila;3.5;2.65;$63.70;;;;;;
9/1/2026;Pollo tipo rosticero;Bachoco;Guanajuato;2.7;1.8;$65.00;;;;;;
12/1/2026;Gallina;Sin marca;Veracruz;3.6;3.3;$65.00;;;;;;
12/1/2026;Pollo entero;Bachoco;Guanajuato;3.5;2.65;$63.90;;;;;;
12/1/2026;Pollo entero;Otros;Veracruz;3.5;2.65;$63.30;;;;;;
12/1/2026;Pollo entero;Pilgrim's;Quer?taro;3.5;2.65;$63.50;;;;;;
12/1/2026;Pollo entero;Tyson;Coahuila;3.5;2.65;$63.70;;;;;;
12/1/2026;Pollo tipo rosticero;Bachoco;Guanajuato;2.7;1.8;$65.00;;;;;;
13/1/2026;Gallina;Sin marca;Chiapas;3.6;3.3;$64.00;;;;;;
13/1/2026;Pollo entero;Bachoco;Guanajuato;3.5;2.65;$63.90;;;;;;
13/1/2026;Pollo entero;Otros;Veracruz;3.5;2.65;$63.30;;;;;;
13/1/2026;Pollo entero;Pilgrim's;Quer?taro;3.5;2.65;$63.50;;;;;;
13/1/2026;Pollo entero;Tyson;Coahuila;3.5;2.65;$63.50;;;;;;
13/1/2026;Pollo tipo rosticero;Bachoco;Guanajuato;2.7;1.8;$65.00;;;;;;
14/1/2026;Gallina;Sin marca;Oaxaca;3.6;3.3;$64.00;;;;;;
14/1/2026;Pollo entero;Bachoco;Guanajuato;3.5;2.65;$63.90;;;;;;
14/1/2026;Pollo entero;Otros;Veracruz;3.5;2.65;$63.30;;;;;;
14/1/2026;Pollo entero;Pilgrim's;Quer?taro;3.5;2.65;$63.50;;;;;;
14/1/2026;Pollo entero;Tyson;Coahuila;3.5;2.65;$63.70;;;;;;
14/1/2026;Pollo tipo rosticero;Bachoco;Guanajuato;2.7;1.8;$65.00;;;;;;
15/1/2026;Gallina;Sin marca;Veracruz;3.6;3.3;$64.00;;;;;;
15/1/2026;Pollo entero;Bachoco;Guanajuato;3.5;2.65;$62.90;;;;;;
15/1/2026;Pollo entero;Otros;Veracruz;3.5;2.65;$62.30;;;;;;
15/1/2026;Pollo entero;Pilgrim's;Quer?taro;3.5;2.65;$62.50;;;;;;
15/1/2026;Pollo entero;Tyson;Coahuila;3.5;2.65;$62.70;;;;;;
15/1/2026;Pollo tipo rosticero;Bachoco;Guanajuato;2.7;1.8;$64.00;;;;;;
16/1/2026;Gallina;Sin marca;Veracruz;3.6;3.3;$64.00;;;;;;
16/1/2026;Pollo entero;Bachoco;Guanajuato;3.5;2.65;$62.90;;;;;;
16/1/2026;Pollo entero;Otros;Veracruz;3.5;2.65;$62.30;;;;;;
16/1/2026;Pollo entero;Pilgrim's;Quer?taro;3.5;2.65;$62.50;;;;;;
16/1/2026;Pollo entero;Tyson;Coahuila;3.5;2.65;$62.70;;;;;;
16/1/2026;Pollo tipo rosticero;Bachoco;Guanajuato;2.7;1.8;$64.00;;;;;;
19/1/2026;Gallina;Sin marca;Veracruz;3.6;3.3;$62.00;;;;;;
19/1/2026;Pollo entero;Bachoco;Guanajuato;3.5;2.65;$62.90;;;;;;
19/1/2026;Pollo entero;Otros;Veracruz;3.5;2.65;$62.30;;;;;;
19/1/2026;Pollo entero;Pilgrim's;Quer?taro;3.5;2.65;$62.50;;;;;;
19/1/2026;Pollo entero;Tyson;Coahuila;3.5;2.65;$62.70;;;;;;
19/1/2026;Pollo tipo rosticero;Bachoco;Guanajuato;2.7;1.8;$64.00;;;;;;
20/1/2026;Gallina;Sin marca;Veracruz;3.6;3.3;$62.00;;;;;;
20/1/2026;Pollo entero;Bachoco;Guanajuato;3.5;2.265;$62.90;;;;;;
20/1/2026;Pollo entero;Otros;Veracruz;3.5;2.65;$62.30;;;;;;
20/1/2026;Pollo entero;Pilgrim's;Quer?taro;3.5;2.65;$62.50;;;;;;
20/1/2026;Pollo entero;Tyson;Coahuila;3.5;2.65;$62.70;;;;;;
20/1/2026;Pollo tipo rosticero;Bachoco;Guanajuato;2.7;1.8;$64.00;;;;;;
21/1/2026;Gallina;Sin marca;Chiapas;3.6;3.3;$60.00;;;;;;
21/1/2026;Pollo entero;Bachoco;Guanajuato;3.5;2.65;$62.90;;;;;;
21/1/2026;Pollo entero;Otros;Veracruz;3.5;2.65;$62.30;;;;;;
21/1/2026;Pollo entero;Pilgrim's;Quer?taro;3.5;2.65;$62.50;;;;;;
21/1/2026;Pollo entero;Tyson;Coahuila;3.5;2.65;$62.70;;;;;;
21/1/2026;Pollo tipo rosticero;Bachoco;Guanajuato;2.7;1.8;$64.00;;;;;;
22/1/2026;Gallina;Sin marca;Oaxaca;3.6;3.3;$60.00;;;;;;
22/1/2026;Pollo entero;Bachoco;Guanajuato;3.5;2.65;$62.90;;;;;;
22/1/2026;Pollo entero;Otros;Veracruz;3.5;2.65;$62.30;;;;;;
22/1/2026;Pollo entero;Pilgrim's;Quer?taro;3.5;2.65;$62.50;;;;;;
22/1/2026;Pollo entero;Tyson;Coahuila;3.5;2.65;$62.70;;;;;;
22/1/2026;Pollo tipo rosticero;Bachoco;Guanajuato;2.7;1.8;$64.00;;;;;;
23/1/2026;Gallina;Sin marca;Jalisco;3.6;3.3;$60.00;;;;;;
23/1/2026;Pollo entero;Bachoco;Guanajuato;3.5;2.65;$62.90;;;;;;
23/1/2026;Pollo entero;Otros;Veracruz;3.5;2.65;$62.30;;;;;;
23/1/2026;Pollo entero;Pilgrim's;Quer?taro;3.5;2.65;$62.50;;;;;;
23/1/2026;Pollo entero;Tyson;Coahuila;3.5;2.65;$62.70;;;;;;
23/1/2026;Pollo tipo rosticero;Bachoco;Guanajuato;2.7;1.8;$64.00;;;;;;
26/1/2026;Gallina;Sin marca;Tamaulipas;3.6;3.3;$60.00;;;;;;
26/1/2026;Pollo entero;Bachoco;Guanajuato;3.5;2.65;$62.90;;;;;;
26/1/2026;Pollo entero;Otros;Veracruz;3.5;2.65;$62.30;;;;;;
26/1/2026;Pollo entero;Pilgrim's;Quer?taro;3.5;2.65;$62.50;;;;;;
26/1/2026;Pollo entero;Tyson;Coahuila;3.5;2.65;$62.70;;;;;;
26/1/2026;Pollo tipo rosticero;Bachoco;Guanajuato;2.7;1.8;$64.00;;;;;;
27/1/2026;Gallina;Sin marca;Oaxaca;3.6;3.3;$60.00;;;;;;
27/1/2026;Pollo entero;Bachoco;Guanajuato;3.5;2.65;$62.90;;;;;;
27/1/2026;Pollo entero;Otros;Veracruz;3.5;2.65;$62.30;;;;;;
27/1/2026;Pollo entero;Pilgrim's;Quer?taro;3.5;2.65;$62.50;;;;;;
27/1/2026;Pollo entero;Tyson;Coahuila;3.5;2.65;$62.70;;;;;;
27/1/2026;Pollo tipo rosticero;Bachoco;Guanajuato;2.7;1.8;$64.00;;;;;;
28/1/2026;Gallina;Sin marca;Chiapas;3.6;3.3;$60.00;;;;;;
28/1/2026;Pollo entero;Bachoco;Guanajuato;3.5;2.65;$62.90;;;;;;
28/1/2026;Pollo entero;Otros;Veracruz;3.5;2.65;$62.30;;;;;;
28/1/2026;Pollo entero;Pilgrim's;Quer?taro;3.5;2.65;$62.50;;;;;;
28/1/2026;Pollo entero;Tyson;Coahuila;3.5;2.65;$62.70;;;;;;
28/1/2026;Pollo tipo rosticero;Bachoco;Guanajuato;2.7;1.8;$64.00;;;;;;
29/1/2026;Gallina;Sin marca;Michoac?n;3.6;3.3;$58.00;;;;;;
29/1/2026;Pollo entero;Bachoco;Guanajuato;3.5;2.65;$62.90;;;;;;
29/1/2026;Pollo entero;Otros;Veracruz;3.5;2.65;$62.30;;;;;;
29/1/2026;Pollo entero;Pilgrim's;Quer?taro;3.5;2.65;$62.50;;;;;;
29/1/2026;Pollo entero;Tyson;Coahuila;3.5;2.65;$62.70;;;;;;
29/1/2026;Pollo tipo rosticero;Bachoco;Guanajuato;2.7;1.8;$64.00;;;;;;
30/1/2026;Gallina;Sin marca;Jalisco;3.6;3.3;$58.00;;;;;;
30/1/2026;Pollo entero;Bachoco;Guanajuato;3.5;2.65;$62.90;;;;;;
30/1/2026;Pollo entero;Otros;Veracruz;3.5;2.65;$62.50;;;;;;
30/1/2026;Pollo entero;Pilgrim's;Quer?taro;3.5;2.65;$62.50;;;;;;
30/1/2026;Pollo entero;Tyson;Coahuila;3.5;2.65;$62.70;;;;;;
30/1/2026;Pollo tipo rosticero;Bachoco;Guanajuato;2.7;1.8;$64.00;;;;;;
D.F. : Centro de distribuci?n Ray?n;;;;;;;;;;;;
2/1/2026;Gallina;Sin marca;Quer?taro;3.6;3.3;$65.00;;;;;;
2/1/2026;Pollo entero;Bachoco;Guanajuato;3.5;2.65;$68.70;;;;;;
2/1/2026;Pollo entero;Otros;Veracruz;3.5;2.65;$68.30;;;;;;
2/1/2026;Pollo entero;Pilgrim's;Quer?taro;3.5;2.65;$68.50;;;;;;
2/1/2026;Pollo tipo rosticero;Bachoco;Guanajuato;2.7;1.8;$70.00;;;;;;
5/1/2026;Gallina;Sin marca;Michoac?n;3.6;3.3;$65.00;;;;;;
5/1/2026;Pollo entero;Bachoco;Guanajuato;3.5;2.65;$66.70;;;;;;
5/1/2026;Pollo entero;Otros;Veracruz;3.5;2.65;$66.30;;;;;;
5/1/2026;Pollo entero;Pilgrim's;Quer?taro;3.5;2.65;$66.50;;;;;;
5/1/2026;Pollo tipo rosticero;Bachoco;Guanajuato;2.7;1.8;$68.00;;;;;;
6/1/2026;Gallina;Sin marca;Michoac?n;3.6;3.3;$65.00;;;;;;
6/1/2026;Pollo entero;Bachoco;Guanajuato;3.5;2.65;$64.70;;;;;;
6/1/2026;Pollo entero;Otros;Veracruz;3.5;2.65;$64.30;;;;;;
6/1/2026;Pollo entero;Pilgrim's;Quer?taro;3.5;2.65;$64.50;;;;;;
6/1/2026;Pollo tipo rosticero;Bachoco;Guanajuato;2.7;1.8;$66.00;;;;;;
7/1/2026;Gallina;Sin marca;Michoac?n;3.6;3.3;$65.00;;;;;;
7/1/2026;Pollo entero;Bachoco;Guanajuato;3.5;2.65;$64.70;;;;;;
7/1/2026;Pollo entero;Otros;Veracruz;3.5;2.65;$64.30;;;;;;
7/1/2026;Pollo entero;Pilgrim's;Quer?taro;3.5;2.65;$64.50;;;;;;
7/1/2026;Pollo tipo rosticero;Bachoco;Guanajuato;2.7;1.8;$66.00;;;;;;
8/1/2026;Gallina;Sin marca;Michoac?n;3.6;3.3;$65.00;;;;;;
8/1/2026;Pollo entero;Bachoco;Guanajuato;3.5;2.65;$63.70;;;;;;
8/1/2026;Pollo entero;Otros;Veracruz;3.5;2.65;$63.30;;;;;;
8/1/2026;Pollo entero;Pilgrim's;Quer?taro;3.5;2.65;$63.50;;;;;;
8/1/2026;Pollo tipo rosticero;Bachoco;Guanajuato;2.7;1.8;$65.00;;;;;;
9/1/2026;Gallina;Sin marca;Michoac?n;3.6;3.3;$65.00;;;;;;
9/1/2026;Pollo entero;Bachoco;Guanajuato;3.5;2.65;$63.70;;;;;;
9/1/2026;Pollo entero;Otros;Veracruz;3.5;2.65;$63.30;;;;;;
9/1/2026;Pollo entero;Pilgrim's;Quer?taro;3.5;2.65;$63.50;;;;;;
9/1/2026;Pollo tipo rosticero;Bachoco;Guanajuato;2.7;1.8;$65.00;;;;;;
12/1/2026;Gallina;Sin marca;Quer?taro;3.6;3.3;$65.00;;;;;;
12/1/2026;Pollo entero;Bachoco;Guanajuato;3.5;2.65;$63.70;;;;;;
12/1/2026;Pollo entero;Otros;Veracruz;3.5;2.65;$63.30;;;;;;
12/1/2026;Pollo entero;Pilgrim's;Quer?taro;3.5;2.65;$63.50;;;;;;
12/1/2026;Pollo tipo rosticero;Bachoco;Guanajuato;2.7;1.8;$65.00;;;;;;
13/1/2026;Gallina;Sin marca;Tlaxcala;3.6;3.3;$64.00;;;;;;
13/1/2026;Pollo entero;Bachoco;Guanajuato;3.5;2.65;$63.70;;;;;;
13/1/2026;Pollo entero;Otros;Veracruz;3.5;2.65;$63.30;;;;;;
13/1/2026;Pollo entero;Pilgrim's;Quer?taro;3.5;2.65;$63.50;;;;;;
13/1/2026;Pollo tipo rosticero;Bachoco;Guanajuato;2.7;1.8;$65.00;;;;;;
14/1/2026;Gallina;Sin marca;Edo. de M?xico;3.6;3.3;$64.00;;;;;;
14/1/2026;Pollo entero;Bachoco;Guanajuato;3.5;2.65;$63.70;;;;;;
14/1/2026;Pollo entero;Otros;Veracruz;3.5;2.65;$63.30;;;;;;
14/1/2026;Pollo entero;Pilgrim's;Quer?taro;3.5;2.65;$63.30;;;;;;
14/1/2026;Pollo tipo rosticero;Bachoco;Guanajuato;2.7;1.8;$65.00;;;;;;
15/1/2026;Gallina;Sin marca;Quer?taro;3.6;3.3;$64.00;;;;;;
15/1/2026;Pollo entero;Bachoco;Guanajuato;3.5;2.65;$62.70;;;;;;
15/1/2026;Pollo entero;Otros;Veracruz;3.5;2.65;$62.30;;;;;;
15/1/2026;Pollo entero;Pilgrim's;Quer?taro;3.5;2.65;$62.50;;;;;;
15/1/2026;Pollo tipo rosticero;Bachoco;Guanajuato;2.7;1.8;$64.00;;;;;;
16/1/2026;Gallina;Sin marca;Quer?taro;3.6;3.3;$64.00;;;;;;
16/1/2026;Pollo entero;Bachoco;Guanajuato;3.5;2.65;$62.70;;;;;;
16/1/2026;Pollo entero;Otros;Veracruz;3.5;2.65;$62.30;;;;;;
16/1/2026;Pollo entero;Pilgrim's;Quer?taro;3.5;2.65;$62.50;;;;;;
16/1/2026;Pollo tipo rosticero;Bachoco;Guanajuato;2.7;1.8;$64.00;;;;;;
19/1/2026;Gallina;Sin marca;Quer?taro;3.6;3.3;$62.00;;;;;;
19/1/2026;Pollo entero;Bachoco;Guanajuato;3.5;2.65;$62.70;;;;;;
19/1/2026;Pollo entero;Otros;Veracruz;3.5;2.65;$62.30;;;;;;
19/1/2026;Pollo entero;Pilgrim's;Quer?taro;3.5;2.65;$62.50;;;;;;
19/1/2026;Pollo tipo rosticero;Bachoco;Guanajuato;2.7;1.8;$64.00;;;;;;
20/1/2026;Gallina;Sin marca;Guanajuato;3.6;3.3;$62.00;;;;;;
20/1/2026;Pollo entero;Bachoco;Guanajuato;3.5;2.65;$62.70;;;;;;
20/1/2026;Pollo entero;Otros;Veracruz;3.5;2.65;$62.30;;;;;;
20/1/2026;Pollo entero;Pilgrim's;Quer?taro;3.5;2.65;$62.50;;;;;;
20/1/2026;Pollo tipo rosticero;Bachoco;Guanajuato;2.7;1.8;$64.00;;;;;;
21/1/2026;Gallina;Sin marca;Hidalgo;3.6;3.3;$60.00;;;;;;
21/1/2026;Pollo entero;Bachoco;Guanajuato;3.5;2.65;$62.70;;;;;;
21/1/2026;Pollo entero;Otros;Veracruz;3.5;2.65;$62.30;;;;;;
21/1/2026;Pollo entero;Pilgrim's;Quer?taro;3.5;2.65;$62.50;;;;;;
21/1/2026;Pollo tipo rosticero;Bachoco;Guanajuato;2.7;1.8;$64.00;;;;;;
22/1/2026;Gallina;Sin marca;Michoac?n;3.6;3.3;$60.00;;;;;;
22/1/2026;Pollo entero;Bachoco;Guanajuato;3.5;2.65;$62.70;;;;;;
22/1/2026;Pollo entero;Otros;Veracruz;3.5;2.65;$62.30;;;;;;
22/1/2026;Pollo entero;Pilgrim's;Quer?taro;3.5;2.65;$62.50;;;;;;
22/1/2026;Pollo tipo rosticero;Bachoco;Guanajuato;2.7;1.8;$64.00;;;;;;
23/1/2026;Gallina;Sin marca;Morelos;3.6;3.3;$60.00;;;;;;
23/1/2026;Pollo entero;Bachoco;Guanajuato;3.5;2.65;$62.70;;;;;;
23/1/2026;Pollo entero;Otros;Veracruz;3.5;2.65;$62.30;;;;;;
23/1/2026;Pollo entero;Pilgrim's;Quer?taro;3.5;2.65;$62.50;;;;;;
23/1/2026;Pollo tipo rosticero;Bachoco;Guanajuato;2.7;1.8;$64.00;;;;;;
26/1/2026;Gallina;Sin marca;Quer?taro;3.6;3.3;$60.00;;;;;;
26/1/2026;Pollo entero;Bachoco;Guanajuato;3.5;2.65;$62.70;;;;;;
26/1/2026;Pollo entero;Otros;Veracruz;3.5;2.65;$62.30;;;;;;
26/1/2026;Pollo entero;Pilgrim's;Quer?taro;3.5;2.65;$62.50;;;;;;
26/1/2026;Pollo tipo rosticero;Bachoco;Guanajuato;2.7;1.8;$64.00;;;;;;
27/1/2026;Gallina;Sin marca;Tlaxcala;3.6;3.3;$60.00;;;;;;
27/1/2026;Pollo entero;Bachoco;Guanajuato;3.5;2.65;$62.70;;;;;;
27/1/2026;Pollo entero;Otros;Veracruz;3.5;2.65;$62.30;;;;;;
27/1/2026;Pollo entero;Pilgrim's;Quer?taro;3.5;2.65;$62.50;;;;;;
27/1/2026;Pollo tipo rosticero;Bachoco;Guanajuato;2.7;1.8;$64.00;;;;;;
28/1/2026;Gallina;Sin marca;Puebla;3.6;3.3;$60.00;;;;;;
28/1/2026;Pollo entero;Bachoco;Guanajuato;3.5;2.65;$62.70;;;;;;
28/1/2026;Pollo entero;Otros;Veracruz;3.5;2.65;$62.30;;;;;;
28/1/2026;Pollo entero;Pilgrim's;Quer?taro;3.5;2.65;$62.50;;;;;;
28/1/2026;Pollo tipo rosticero;Bachoco;Guanajuato;2.7;1.8;$64.00;;;;;;
29/1/2026;Gallina;Sin marca;Zacatecas;3.6;3.3;$58.00;;;;;;
29/1/2026;Pollo entero;Bachoco;Guanajuato;3.5;2.65;$62.70;;;;;;
29/1/2026;Pollo entero;Otros;Veracruz;3.5;2.65;$62.30;;;;;;
29/1/2026;Pollo entero;Pilgrim's;Quer?taro;3.5;2.65;$62.50;;;;;;
29/1/2026;Pollo tipo rosticero;Bachoco;Guanajuato;2.7;1.8;$64.00;;;;;;
30/1/2026;Gallina;Sin marca;Morelos;3.6;3.3;$58.00;;;;;;
30/1/2026;Pollo entero;Bachoco;Guanajuato;3.5;2.65;$62.70;;;;;;
30/1/2026;Pollo entero;Otros;Veracruz;3.5;2.65;$62.30;;;;;;
30/1/2026;Pollo entero;Pilgrim's;Quer?taro;3.5;2.65;$62.50;;;;;;
30/1/2026;Pollo tipo rosticero;Bachoco;Guanajuato;2.7;1.8;$64.00;;;;;;
D.F. : Centro de distribuci?n San Juan;;;;;;;;;;;;
2/1/2026;Gallina;Sin marca;Guanajuato;3.6;3.3;$65.00;;;;;;
2/1/2026;Pollo entero;Bachoco;Guanajuato;3.5;2.65;$68.50;;;;;;
2/1/2026;Pollo entero;Otros;Veracruz;3.5;2.65;$68.00;;;;;;
2/1/2026;Pollo entero;Pilgrim's;Quer?taro;3.5;2.65;$68.30;;;;;;
2/1/2026;Pollo tipo rosticero;Bachoco;Guanajuato;2.7;1.8;$70.00;;;;;;
5/1/2026;Gallina;Sin marca;Guanajuato;3.6;3.3;$65.00;;;;;;
5/1/2026;Pollo entero;Bachoco;Guanajuato;3.5;2.65;$66.50;;;;;;
5/1/2026;Pollo entero;Otros;Veracruz;3.5;2.65;$66.00;;;;;;
5/1/2026;Pollo entero;Pilgrim's;Quer?taro;3.5;2.65;$66.30;;;;;;
5/1/2026;Pollo tipo rosticero;Bachoco;Guanajuato;3.5;2.65;$68.00;;;;;;
6/1/2026;Gallina;Sin marca;Guanajuato;3.6;3.3;$65.00;;;;;;
6/1/2026;Pollo entero;Bachoco;Guanajuato;3.5;2.65;$64.50;;;;;;
6/1/2026;Pollo entero;Otros;Veracruz;3.5;2.65;$64.00;;;;;;
6/1/2026;Pollo entero;Pilgrim's;Quer?taro;3.5;2.65;$64.30;;;;;;
6/1/2026;Pollo tipo rosticero;Bachoco;Guanajuato;3.5;2.65;$66.00;;;;;;
7/1/2026;Gallina;Sin marca;Guanajuato;3.6;3.3;$65.00;;;;;;
7/1/2026;Pollo entero;Bachoco;Guanajuato;3.5;2.65;$64.50;;;;;;
7/1/2026;Pollo entero;Otros;Veracruz;3.5;2.65;$64.00;;;;;;
7/1/2026;Pollo entero;Pilgrim's;Quer?taro;3.5;2.65;$64.30;;;;;;
7/1/2026;Pollo tipo rosticero;Bachoco;Guanajuato;3.5;2.65;$66.00;;;;;;
8/1/2026;Gallina;Sin marca;Guanajuato;3.6;3.3;$65.00;;;;;;
8/1/2026;Pollo entero;Bachoco;Guanajuato;3.5;2.65;$63.50;;;;;;
8/1/2026;Pollo entero;Otros;Veracruz;3.5;2.65;$63.00;;;;;;
8/1/2026;Pollo entero;Pilgrim's;Quer?taro;3.5;2.65;$63.30;;;;;;
8/1/2026;Pollo tipo rosticero;Bachoco;Guanajuato;3.5;2.65;$65.00;;;;;;
9/1/2026;Gallina;Sin marca;Guanajuato;3.6;3.3;$65.00;;;;;;
9/1/2026;Pollo entero;Bachoco;Guanajuato;3.5;2.65;$63.50;;;;;;
9/1/2026;Pollo entero;Otros;Veracruz;3.5;2.65;$63.00;;;;;;
9/1/2026;Pollo entero;Pilgrim's;Quer?taro;3.5;2.65;$63.30;;;;;;
9/1/2026;Pollo tipo rosticero;Bachoco;Guanajuato;2.7;1.8;$65.00;;;;;;
12/1/2026;Gallina;Sin marca;Guanajuato;3.6;3.3;$65.00;;;;;;
12/1/2026;Pollo entero;Bachoco;Guanajuato;3.5;2.65;$63.50;;;;;;
12/1/2026;Pollo entero;Otros;Veracruz;3.5;2.65;$63.00;;;;;;
12/1/2026;Pollo entero;Pilgrim's;Quer?taro;3.5;2.65;$63.30;;;;;;
12/1/2026;Pollo tipo rosticero;Bachoco;Guanajuato;2.7;1.8;$65.00;;;;;;
13/1/2026;Gallina;Sin marca;Hidalgo;3.6;3.3;$64.00;;;;;;
13/1/2026;Pollo entero;Bachoco;Guanajuato;3.5;2.65;$63.50;;;;;;
13/1/2026;Pollo entero;Otros;Veracruz;3.5;2.65;$63.00;;;;;;
13/1/2026;Pollo entero;Pilgrim's;Quer?taro;3.5;2.65;$63.30;;;;;;
13/1/2026;Pollo tipo rosticero;Bachoco;Guanajuato;2.7;1.8;$65.00;;;;;;
14/1/2026;Gallina;Sin marca;Puebla;3.6;3.3;$64.00;;;;;;
14/1/2026;Pollo entero;Bachoco;Guanajuato;3.5;2.65;$63.50;;;;;;
14/1/2026;Pollo entero;Otros;Veracruz;3.5;2.65;$63.00;;;;;;
14/1/2026;Pollo entero;Pilgrim's;Quer?taro;3.5;2.65;$63.30;;;;;;
14/1/2026;Pollo tipo rosticero;Bachoco;Guanajuato;2.8;1.7;$65.00;;;;;;
15/1/2026;Gallina;Sin marca;Guanajuato;3.6;3.3;$64.00;;;;;;
15/1/2026;Pollo entero;Bachoco;Guanajuato;3.5;2.65;$62.50;;;;;;
15/1/2026;Pollo entero;Otros;Veracruz;3.5;2.65;$62.00;;;;;;
15/1/2026;Pollo entero;Pilgrim's;Quer?taro;3.5;2.65;$62.30;;;;;;
15/1/2026;Pollo tipo rosticero;Bachoco;Guanajuato;2.7;1.8;$64.00;;;;;;
16/1/2026;Gallina;Sin marca;Guanajuato;3.6;3.3;$64.00;;;;;;
16/1/2026;Pollo entero;Bachoco;Guanajuato;3.5;2.65;$62.50;;;;;;
16/1/2026;Pollo entero;Otros;Veracruz;3.5;2.65;$62.00;;;;;;
16/1/2026;Pollo entero;Pilgrim's;Quer?taro;3.5;2.65;$62.30;;;;;;
16/1/2026;Pollo tipo rosticero;Bachoco;Guanajuato;2.7;1.8;$64.00;;;;;;
19/1/2026;Gallina;Sin marca;Guanajuato;3.6;3.3;$62.00;;;;;;
19/1/2026;Pollo entero;Bachoco;Guanajuato;3.5;2.65;$62.50;;;;;;
19/1/2026;Pollo entero;Otros;Veracruz;3.5;2.65;$62.00;;;;;;
19/1/2026;Pollo entero;Pilgrim's;Quer?taro;3.5;2.65;$62.30;;;;;;
19/1/2026;Pollo tipo rosticero;Bachoco;Guanajuato;2.7;1.8;$64.00;;;;;;
20/1/2026;Gallina;Sin marca;Quer?taro;3.6;3.3;$62.00;;;;;;
20/1/2026;Pollo entero;Bachoco;Guanajuato;3.5;2.65;$62.50;;;;;;
20/1/2026;Pollo entero;Otros;Veracruz;3.5;2.65;$62.00;;;;;;
20/1/2026;Pollo entero;Pilgrim's;Quer?taro;3.5;2.65;$62.30;;;;;;
20/1/2026;Pollo tipo rosticero;Bachoco;Guanajuato;2.7;1.8;$64.00;;;;;;
21/1/2026;Gallina;Sin marca;Tlaxcala;3.6;3.3;$60.00;;;;;;
21/1/2026;Pollo entero;Bachoco;Guanajuato;3.5;2.65;$62.50;;;;;;
21/1/2026;Pollo entero;Otros;Veracruz;3.5;2.65;$62.00;;;;;;
21/1/2026;Pollo entero;Pilgrim's;Quer?taro;3.5;2.65;$62.30;;;;;;
21/1/2026;Pollo tipo rosticero;Bachoco;Guanajuato;2.7;1.8;$64.00;;;;;;
22/1/2026;Gallina;Sin marca;Edo. de M?xico;3.6;3.3;$60.00;;;;;;
22/1/2026;Pollo entero;Bachoco;Guanajuato;3.5;2.65;$62.50;;;;;;
22/1/2026;Pollo entero;Otros;Veracruz;3.5;2.65;$62.00;;;;;;
22/1/2026;Pollo entero;Pilgrim's;Quer?taro;3.5;2.65;$62.30;;;;;;
22/1/2026;Pollo tipo rosticero;Bachoco;Guanajuato;2.7;1.8;$64.00;;;;;;
23/1/2026;Gallina;Sin marca;Guerrero;3.6;3.3;$60.00;;;;;;
23/1/2026;Pollo entero;Bachoco;Guanajuato;3.5;2.65;$62.50;;;;;;
23/1/2026;Pollo entero;Otros;Veracruz;3.5;2.65;$62.00;;;;;;
23/1/2026;Pollo entero;Pilgrim's;Quer?taro;3.5;2.65;$62.30;;;;;;
23/1/2026;Pollo tipo rosticero;Bachoco;Guanajuato;2.7;1.8;$64.00;;;;;;
26/1/2026;Gallina;Sin marca;Guanajuato;3.6;3.3;$60.00;;;;;;
26/1/2026;Pollo entero;Bachoco;Guanajuato;3.5;2.65;$62.50;;;;;;
26/1/2026;Pollo entero;Otros;Veracruz;3.5;2.65;$62.00;;;;;;
26/1/2026;Pollo entero;Pilgrim's;Quer?taro;3.5;2.65;$62.30;;;;;;
26/1/2026;Pollo tipo rosticero;Bachoco;Guanajuato;2.7;1.8;$64.00;;;;;;
27/1/2026;Gallina;Sin marca;Hidalgo;3.6;3.3;$60.00;;;;;;
27/1/2026;Pollo entero;Bachoco;Guanajuato;3.5;2.65;$62.50;;;;;;
27/1/2026;Pollo entero;Otros;Veracruz;3.5;2.65;$62.00;;;;;;
27/1/2026;Pollo entero;Pilgrim's;Quer?taro;3.5;2.65;$62.30;;;;;;
27/1/2026;Pollo tipo rosticero;Bachoco;Guanajuato;2.7;1.8;$64.00;;;;;;
28/1/2026;Gallina;Sin marca;Edo. de M?xico;3.6;3.3;$60.00;;;;;;
28/1/2026;Pollo entero;Bachoco;Guanajuato;3.5;2.65;$62.50;;;;;;
28/1/2026;Pollo entero;Otros;Veracruz;3.5;2.65;$62.00;;;;;;
28/1/2026;Pollo entero;Pilgrim's;Quer?taro;3.5;2.65;$62.30;;;;;;
28/1/2026;Pollo tipo rosticero;Bachoco;Guanajuato;2.7;1.8;$64.00;;;;;;
29/1/2026;Gallina;Sin marca;Morelos;3.6;3.3;$58.00;;;;;;
29/1/2026;Pollo entero;Bachoco;Guanajuato;3.5;2.65;$62.50;;;;;;
29/1/2026;Pollo entero;Otros;Veracruz;3.5;2.65;$62.00;;;;;;
29/1/2026;Pollo entero;Pilgrim's;Quer?taro;3.5;2.65;$62.30;;;;;;
29/1/2026;Pollo tipo rosticero;Bachoco;Guanajuato;2.7;1.8;$64.00;;;;;;
30/1/2026;Gallina;Sin marca;Puebla;3.6;3.3;$58.00;;;;;;
30/1/2026;Pollo entero;Bachoco;Guanajuato;3.5;2.65;$62.50;;;;;;
30/1/2026;Pollo entero;Otros;Veracruz;3.5;2.65;$62.00;;;;;;
30/1/2026;Pollo entero;Pilgrim's;Quer?taro;3.5;2.65;$62.30;;;;;;
30/1/2026;Pollo tipo rosticero;Bachoco;Guanajuato;2.7;1.8;$64.00;;;;;;
Nay: Centros de Distribuci?n de Nayarit;;;;;;;;;;;;
7/1/2026;Pollo entero;Bachoco;Nayarit;2.7;2.5;$58.00;;;;;;
8/1/2026;Pollo entero;Bachoco;Nayarit;2.7;2.5;$58.00;;;;;;
9/1/2026;Pollo entero;Bachoco;Nayarit;2.7;2.5;$58.00;;;;;;
12/1/2026;Pollo entero;Bachoco;Nayarit;2.7;2.5;$59.00;;;;;;
13/1/2026;Pollo entero;Bachoco;Nayarit;2.7;2.5;$59.00;;;;;;
14/1/2026;Pollo entero;Bachoco;Nayarit;2.7;2.5;$58.50;;;;;;
15/1/2026;Pollo entero;Bachoco;Nayarit;2.7;2.5;$58.50;;;;;;
16/1/2026;Pollo entero;Bachoco;Nayarit;2.7;2.5;$59.00;;;;;;
20/1/2026;Pollo entero;Bachoco;Nayarit;2.7;2.5;$57.90;;;;;;
21/1/2026;Pollo entero;Bachoco;Nayarit;2.7;2.5;$57.90;;;;;;
22/1/2026;Pollo entero;Bachoco;Nayarit;2.7;2.5;$58.00;;;;;;
23/1/2026;Pollo entero;Bachoco;Nayarit;2.7;2.5;$58.00;;;;;;
26/1/2026;Pollo entero;Bachoco;Nayarit;2.7;2.5;$58.00;;;;;;
27/1/2026;Pollo entero;Bachoco;Nayarit;2.7;2.5;$58.00;;;;;;
28/1/2026;Pollo entero;Bachoco;Nayarit;2.7;2.5;$57.90;;;;;;
29/1/2026;Pollo entero;Bachoco;Nayarit;2.7;2.5;$57.90;;;;;;
30/1/2026;Pollo entero;Bachoco;Nayarit;2.7;2.5;$58.00;;;;;;
Qro. : Centros de distribuci?n de Quer?taro;;;;;;;;;;;;
2/1/2026;Pollo entero;Pilgrim's;Quer?taro;2.7;2.5;$45.00;;;;;;
5/1/2026;Pollo entero;Pilgrim's;Quer?taro;2.7;2.5;$45.00;;;;;;
6/1/2026;Pollo entero;Pilgrim's;Quer?taro;2.7;2.5;$45.00;;;;;;
7/1/2026;Pollo entero;Pilgrim's;Quer?taro;2.7;2.5;$45.00;;;;;;
8/1/2026;Pollo entero;Pilgrim's;Quer?taro;2.7;2.5;$45.00;;;;;;
9/1/2026;Pollo entero;Pilgrim's;Quer?taro;2.7;2.5;$45.00;;;;;;
12/1/2026;Pollo entero;Pilgrim's;Quer?taro;2.7;2.5;$45.00;;;;;;
13/1/2026;Pollo entero;Pilgrim's;Quer?taro;2.7;2.5;$45.00;;;;;;
14/1/2026;Pollo entero;Pilgrim's;Quer?taro;2.7;2.5;$46.00;;;;;;
15/1/2026;Pollo entero;Pilgrim's;Quer?taro;2.7;2.5;$46.00;;;;;;
16/1/2026;Pollo entero;Pilgrim's;Quer?taro;2.7;2.5;$46.00;;;;;;
19/1/2026;Pollo entero;Pilgrim's;Quer?taro;2.7;2.5;$46.00;;;;;;
20/1/2026;Pollo entero;Pilgrim's;Quer?taro;2.7;2.5;$46.00;;;;;;
21/1/2026;Pollo entero;Pilgrim's;Quer?taro;2.7;2.5;$46.00;;;;;;
22/1/2026;Pollo entero;Pilgrim's;Quer?taro;2.7;2.5;$45.00;;;;;;
23/1/2026;Pollo entero;Pilgrim's;Quer?taro;2.7;2.5;$45.00;;;;;;
26/1/2026;Pollo entero;Pilgrim's;Quer?taro;2.7;2.5;$45.00;;;;;;
27/1/2026;Pollo entero;Pilgrim's;Quer?taro;2.7;2.5;$45.00;;;;;;
28/1/2026;Pollo entero;Pilgrim's;Quer?taro;2.7;2.5;$45.00;;;;;;
29/1/2026;Pollo entero;Pilgrim's;Quer?taro;2.7;2.5;$45.00;;;;;;
30/1/2026;Pollo entero;Pilgrim's;Quer?taro;2.7;2.5;$45.00;;;;;;
Zac: Mercado de Abasto de Zacatecas;;;;;;;;;;;;
2/1/2026;Pollo entero;Nutri Pollo;San Luis Potos?;2.1;1.9;$70.00;;;;;;
2/1/2026;Pollo entero;Pilgrim's;San Luis Potos?;2.1;1.9;$70.00;;;;;;
2/1/2026;Pollo tipo rosticero;Nutri Pollo;San Luis Potos?;1.4;1.2;$58.00;;;;;;
2/1/2026;Pollo tipo rosticero;Pilgrim's;San Luis Potos?;1.4;1.2;$58.00;;;;;;
5/1/2026;Pollo entero;Nutri Pollo;San Luis Potos?;2.1;1.9;$70.00;;;;;;
5/1/2026;Pollo entero;Pilgrim's;San Luis Potos?;2.1;1.9;$70.00;;;;;;
5/1/2026;Pollo tipo rosticero;Nutri Pollo;San Luis Potos?;1.4;1.2;$58.00;;;;;;
5/1/2026;Pollo tipo rosticero;Pilgrim's;San Luis Potos?;1.4;1.2;$58.00;;;;;;
6/1/2026;Pollo entero;Nutri Pollo;San Luis Potos?;2.1;1.9;$80.00;;;;;;
6/1/2026;Pollo entero;Pilgrim's;San Luis Potos?;2.1;1.9;$80.00;;;;;;
6/1/2026;Pollo tipo rosticero;Nutri Pollo;San Luis Potos?;1.4;1.2;$62.00;;;;;;
6/1/2026;Pollo tipo rosticero;Pilgrim's;San Luis Potos?;1.4;1.2;$62.00;;;;;;
7/1/2026;Pollo entero;Nutri Pollo;San Luis Potos?;2.1;1.9;$80.00;;;;;;
7/1/2026;Pollo entero;Pilgrim's;San Luis Potos?;2.1;1.9;$80.00;;;;;;
7/1/2026;Pollo tipo rosticero;Nutri Pollo;San Luis Potos?;1.4;1.2;$62.00;;;;;;
7/1/2026;Pollo tipo rosticero;Pilgrim's;San Luis Potos?;1.4;1.2;$62.00;;;;;;
8/1/2026;Pollo entero;Nutri Pollo;San Luis Potos?;2.1;1.9;$80.00;;;;;;
8/1/2026;Pollo entero;Pilgrim's;San Luis Potos?;2.1;1.9;$80.00;;;;;;
8/1/2026;Pollo tipo rosticero;Nutri Pollo;San Luis Potos?;1.4;1.2;$62.00;;;;;;
8/1/2026;Pollo tipo rosticero;Pilgrim's;San Luis Potos?;1.4;1.2;$62.00;;;;;;
9/1/2026;Pollo entero;Nutri Pollo;San Luis Potos?;2.1;1.9;$80.00;;;;;;
9/1/2026;Pollo entero;Pilgrim's;San Luis Potos?;2.1;1.9;$80.00;;;;;;
9/1/2026;Pollo tipo rosticero;Nutri Pollo;San Luis Potos?;1.4;1.2;$62.00;;;;;;
9/1/2026;Pollo tipo rosticero;Pilgrim's;San Luis Potos?;1.4;1.2;$62.00;;;;;;
12/1/2026;Pollo entero;Nutri Pollo;San Luis Potos?;2.1;1.9;$80.00;;;;;;
12/1/2026;Pollo entero;Pilgrim's;San Luis Potos?;2.1;1.9;$80.00;;;;;;
12/1/2026;Pollo tipo rosticero;Nutri Pollo;San Luis Potos?;1.4;1.2;$62.00;;;;;;
12/1/2026;Pollo tipo rosticero;Pilgrim's;San Luis Potos?;1.4;1.2;$62.00;;;;;;
13/1/2026;Pollo entero;Nutri Pollo;San Luis Potos?;2.1;1.9;$80.00;;;;;;
13/1/2026;Pollo entero;Pilgrim's;San Luis Potos?;2.1;1.9;$80.00;;;;;;
13/1/2026;Pollo tipo rosticero;Nutri Pollo;San Luis Potos?;1.4;1.2;$62.00;;;;;;
13/1/2026;Pollo tipo rosticero;Pilgrim's;San Luis Potos?;1.4;1.2;$62.00;;;;;;
14/1/2026;Pollo entero;Nutri Pollo;San Luis Potos?;2.1;1.9;$80.00;;;;;;
14/1/2026;Pollo entero;Pilgrim's;San Luis Potos?;2.1;1.9;$80.00;;;;;;
14/1/2026;Pollo tipo rosticero;Nutri Pollo;San Luis Potos?;1.4;1.2;$62.00;;;;;;
14/1/2026;Pollo tipo rosticero;Pilgrim's;San Luis Potos?;1.4;1.2;$62.00;;;;;;
15/1/2026;Pollo entero;Nutri Pollo;San Luis Potos?;2.1;1.9;$80.00;;;;;;
15/1/2026;Pollo entero;Pilgrim's;San Luis Potos?;2.1;1.9;$80.00;;;;;;
15/1/2026;Pollo tipo rosticero;Nutri Pollo;San Luis Potos?;1.4;1.2;$62.00;;;;;;
15/1/2026;Pollo tipo rosticero;Pilgrim's;San Luis Potos?;1.4;1.2;$62.00;;;;;;
16/1/2026;Pollo entero;Nutri Pollo;San Luis Potos?;2.1;1.9;$80.00;;;;;;
16/1/2026;Pollo entero;Pilgrim's;San Luis Potos?;2.1;1.9;$80.00;;;;;;
16/1/2026;Pollo tipo rosticero;Nutri Pollo;San Luis Potos?;1.4;1.2;$62.00;;;;;;
16/1/2026;Pollo tipo rosticero;Pilgrim's;San Luis Potos?;1.4;1.2;$62.00;;;;;;
19/1/2026;Pollo entero;Nutri Pollo;San Luis Potos?;2.1;1.9;$80.00;;;;;;
19/1/2026;Pollo entero;Pilgrim's;San Luis Potos?;2.1;1.9;$80.00;;;;;;
19/1/2026;Pollo tipo rosticero;Nutri Pollo;San Luis Potos?;1.4;1.2;$62.00;;;;;;
19/1/2026;Pollo tipo rosticero;Pilgrim's;San Luis Potos?;1.4;1.2;$62.00;;;;;;
20/1/2026;Pollo entero;Nutri Pollo;San Luis Potos?;2.1;1.9;$80.00;;;;;;
20/1/2026;Pollo entero;Pilgrim's;San Luis Potos?;2.1;1.9;$80.00;;;;;;
20/1/2026;Pollo tipo rosticero;Nutri Pollo;San Luis Potos?;1.4;1.2;$62.00;;;;;;
20/1/2026;Pollo tipo rosticero;Pilgrim's;San Luis Potos?;1.4;1.2;$62.00;;;;;;
21/1/2026;Pollo entero;Nutri Pollo;San Luis Potos?;2.1;1.9;$80.00;;;;;;
21/1/2026;Pollo entero;Pilgrim's;San Luis Potos?;2.1;1.9;$80.00;;;;;;
21/1/2026;Pollo tipo rosticero;Nutri Pollo;San Luis Potos?;1.4;1.2;$62.00;;;;;;
21/1/2026;Pollo tipo rosticero;Pilgrim's;San Luis Potos?;1.4;1.2;$62.00;;;;;;
22/1/2026;Pollo entero;Nutri Pollo;San Luis Potos?;2.1;1.9;$80.00;;;;;;
22/1/2026;Pollo entero;Pilgrim's;San Luis Potos?;2.1;1.9;$80.00;;;;;;
22/1/2026;Pollo tipo rosticero;Nutri Pollo;San Luis Potos?;1.4;1.2;$62.00;;;;;;
22/1/2026;Pollo tipo rosticero;Pilgrim's;San Luis Potos?;1.4;1.2;$62.00;;;;;;
23/1/2026;Pollo entero;Nutri Pollo;San Luis Potos?;2.1;1.9;$80.00;;;;;;
23/1/2026;Pollo entero;Pilgrim's;San Luis Potos?;2.1;1.9;$80.00;;;;;;
23/1/2026;Pollo tipo rosticero;Nutri Pollo;San Luis Potos?;1.4;1.2;$62.00;;;;;;
23/1/2026;Pollo tipo rosticero;Pilgrim's;San Luis Potos?;1.4;1.2;$62.00;;;;;;
26/1/2026;Pollo entero;Nutri Pollo;San Luis Potos?;2.1;1.9;$80.00;;;;;;
26/1/2026;Pollo entero;Pilgrim's;San Luis Potos?;2.1;1.9;$80.00;;;;;;
26/1/2026;Pollo tipo rosticero;Nutri Pollo;San Luis Potos?;1.4;1.2;$62.00;;;;;;
26/1/2026;Pollo tipo rosticero;Pilgrim's;San Luis Potos?;1.4;1.2;$62.00;;;;;;
27/1/2026;Pollo entero;Nutri Pollo;San Luis Potos?;2.1;1.9;$80.00;;;;;;
27/1/2026;Pollo entero;Pilgrim's;San Luis Potos?;2.1;1.9;$80.00;;;;;;
27/1/2026;Pollo tipo rosticero;Nutri Pollo;San Luis Potos?;1.4;1.2;$62.00;;;;;;
27/1/2026;Pollo tipo rosticero;Pilgrim's;San Luis Potos?;1.4;1.2;$62.00;;;;;;
28/1/2026;Pollo entero;Nutri Pollo;San Luis Potos?;2.1;1.9;$80.00;;;;;;
28/1/2026;Pollo entero;Pilgrim's;San Luis Potos?;2.1;1.9;$80.00;;;;;;
28/1/2026;Pollo tipo rosticero;Nutri Pollo;San Luis Potos?;1.4;1.2;$62.00;;;;;;
28/1/2026;Pollo tipo rosticero;Pilgrim's;San Luis Potos?;1.4;1.2;$62.00;;;;;;
29/1/2026;Pollo entero;Nutri Pollo;San Luis Potos?;2.1;1.9;$80.00;;;;;;
29/1/2026;Pollo entero;Pilgrim's;San Luis Potos?;2.1;1.9;$80.00;;;;;;
29/1/2026;Pollo tipo rosticero;Nutri Pollo;San Luis Potos?;1.4;1.2;$62.00;;;;;;
29/1/2026;Pollo tipo rosticero;Pilgrim's;San Luis Potos?;1.4;1.2;$62.00;;;;;;
30/1/2026;Pollo entero;Nutri Pollo;San Luis Potos?;2.1;1.9;$80.00;;;;;;
30/1/2026;Pollo entero;Pilgrim's;San Luis Potos?;2.1;1.9;$80.00;;;;;;
30/1/2026;Pollo tipo rosticero;Nutri Pollo;San Luis Potos?;1.4;1.2;$62.00;;;;;;
30/1/2026;Pollo tipo rosticero;Pilgrim's;San Luis Potos?;1.4;1.2;$62.00;;;;;;
;;;;;;;;;;;;
D.F. : Centro de distribuci?n Becerra;;;;;;;;;;;;
3/2/2026;Gallina;Sin marca;Coahuila;3.6;3.3;$58.00;;;;;;
3/2/2026;Pollo entero;Bachoco;Guanajuato;3.5;2.65;$64.00;;;;;;
3/2/2026;Pollo entero;Otros;Veracruz;3.5;2.65;$63.50;;;;;;
3/2/2026;Pollo entero;Pilgrim's;Quer?taro;3.5;2.65;$63.70;;;;;;
3/2/2026;Pollo entero;Tyson;Coahuila;3.5;2.65;$63.90;;;;;;
3/2/2026;Pollo tipo rosticero;Bachoco;Guanajuato;2.7;1.8;$64.00;;;;;;
4/2/2026;Gallina;Sin marca;Veracruz;3.6;3.3;$58.00;;;;;;
4/2/2026;Pollo entero;Bachoco;Guanajuato;3.5;2.65;$64.00;;;;;;
4/2/2026;Pollo entero;Otros;Veracruz;3.5;2.65;$63.50;;;;;;
4/2/2026;Pollo entero;Pilgrim's;Quer?taro;3.5;2.65;$63.70;;;;;;
4/2/2026;Pollo entero;Tyson;Coahuila;3.5;2.65;$63.90;;;;;;
4/2/2026;Pollo tipo rosticero;Bachoco;Guanajuato;2.7;1.8;$64.00;;;;;;
5/2/2026;Gallina;Sin marca;Jalisco;3.6;3.3;$58.00;;;;;;
5/2/2026;Pollo entero;Bachoco;Guanajuato;3.5;2.65;$64.00;;;;;;
5/2/2026;Pollo entero;Otros;Veracruz;3.5;2.65;$63.50;;;;;;
5/2/2026;Pollo entero;Pilgrim's;Quer?taro;3.5;2.65;$63.70;;;;;;
5/2/2026;Pollo entero;Tyson;Coahuila;3.5;2.65;$63.90;;;;;;
5/2/2026;Pollo tipo rosticero;Bachoco;Guanajuato;2.7;1.8;$65.00;;;;;;
6/2/2026;Gallina;Sin marca;Tabasco;3.6;3.3;$58.00;;;;;;
6/2/2026;Pollo entero;Bachoco;Guanajuato;3.5;2.65;$64.00;;;;;;
6/2/2026;Pollo entero;Otros;Veracruz;3.5;2.65;$63.50;;;;;;
6/2/2026;Pollo entero;Pilgrim's;Quer?taro;3.5;2.65;$63.70;;;;;;
6/2/2026;Pollo entero;Tyson;Coahuila;3.5;2.65;$63.90;;;;;;
6/2/2026;Pollo tipo rosticero;Bachoco;Guanajuato;2.7;1.8;$65.00;;;;;;
9/2/2026;Gallina;Sin marca;Coahuila;3.6;3.3;$58.00;;;;;;
9/2/2026;Pollo entero;Bachoco;Guanajuato;3.5;2.65;$63.00;;;;;;
9/2/2026;Pollo entero;Otros;Veracruz;3.5;2.65;$62.50;;;;;;
9/2/2026;Pollo entero;Pilgrim's;Quer?taro;3.5;2.65;$62.70;;;;;;
9/2/2026;Pollo entero;Tyson;Coahuila;3.5;2.65;$62.90;;;;;;
9/2/2026;Pollo tipo rosticero;Bachoco;Guanajuato;2.7;1.8;$64.00;;;;;;
10/2/2026;Gallina;Sin marca;Veracruz;3.6;3.3;$58.00;;;;;;
10/2/2026;Pollo entero;Bachoco;Guanajuato;3.5;2.65;$63.00;;;;;;
10/2/2026;Pollo entero;Otros;Veracruz;3.5;2.65;$62.50;;;;;;
10/2/2026;Pollo entero;Pilgrim's;Quer?taro;3.5;2.65;$62.70;;;;;;
10/2/2026;Pollo entero;Tyson;Coahuila;3.5;2.65;$62.90;;;;;;
10/2/2026;Pollo tipo rosticero;Bachoco;Guanajuato;2.7;1.8;$64.00;;;;;;
11/2/2026;Gallina;Sin marca;Jalisco;3.6;3.3;$58.00;;;;;;
11/2/2026;Pollo entero;Bachoco;Guanajuato;3.5;2.65;$63.00;;;;;;
11/2/2026;Pollo entero;Otros;Veracruz;3.5;2.65;$62.50;;;;;;
11/2/2026;Pollo entero;Pilgrim's;Quer?taro;3.5;2.65;$62.70;;;;;;
11/2/2026;Pollo entero;Tyson;Coahuila;3.5;2.65;$62.90;;;;;;
11/2/2026;Pollo tipo rosticero;Bachoco;Guanajuato;2.7;1.8;$64.00;;;;;;
12/2/2026;Gallina;Sin marca;Jalisco;3.6;3.3;$58.00;;;;;;
12/2/2026;Pollo entero;Bachoco;Guanajuato;3.5;2.65;$63.00;;;;;;
12/2/2026;Pollo entero;Otros;Veracruz;3.5;2.65;$62.50;;;;;;
12/2/2026;Pollo entero;Pilgrim's;Quer?taro;3.5;2.65;$62.70;;;;;;
12/2/2026;Pollo entero;Tyson;Coahuila;3.5;2.65;$62.90;;;;;;
12/2/2026;Pollo tipo rosticero;Bachoco;Guanajuato;2.7;1.8;$64.00;;;;;;
13/2/2026;Gallina;Sin marca;Sinaloa;3.6;3.3;$57.00;;;;;;
13/2/2026;Pollo entero;Bachoco;Guanajuato;3.5;2.65;$63.00;;;;;;
13/2/2026;Pollo entero;Otros;Veracruz;3.5;2.65;$62.50;;;;;;
13/2/2026;Pollo entero;Pilgrim's;Quer?taro;3.5;2.65;$62.70;;;;;;
13/2/2026;Pollo entero;Tyson;Coahuila;3.5;2.65;$62.90;;;;;;
13/2/2026;Pollo tipo rosticero;Bachoco;Guanajuato;2.7;1.8;$64.00;;;;;;
16/2/2026;Gallina;Sin marca;Coahuila;3.6;3.3;$56.00;;;;;;
16/2/2026;Pollo entero;Bachoco;Guanajuato;3.5;2.65;$63.00;;;;;;
16/2/2026;Pollo entero;Otros;Veracruz;3.5;2.65;$62.50;;;;;;
16/2/2026;Pollo entero;Pilgrim's;Quer?taro;3.5;2.65;$62.70;;;;;;
16/2/2026;Pollo entero;Tyson;Coahuila;3.5;2.65;$62.90;;;;;;
16/2/2026;Pollo tipo rosticero;Bachoco;Guanajuato;2.7;1.8;$64.00;;;;;;
17/2/2026;Gallina;Sin marca;Tamaulipas;3.6;3.3;$56.00;;;;;;
17/2/2026;Pollo entero;Bachoco;Guanajuato;3.5;2.65;$64.00;;;;;;
17/2/2026;Pollo entero;Otros;Veracruz;3.5;2.65;$63.50;;;;;;
17/2/2026;Pollo entero;Pilgrim's;Quer?taro;3.5;2.65;$63.70;;;;;;
17/2/2026;Pollo entero;Tyson;Coahuila;3.5;2.65;$63.90;;;;;;
17/2/2026;Pollo tipo rosticero;Bachoco;Guanajuato;2.7;1.8;$65.00;;;;;;
18/2/2026;Gallina;Sin marca;Jalisco;3.6;3.3;$55.00;;;;;;
18/2/2026;Pollo entero;Bachoco;Guanajuato;3.5;2.65;$64.00;;;;;;
18/2/2026;Pollo entero;Otros;Veracruz;3.5;2.65;$63.50;;;;;;
18/2/2026;Pollo entero;Pilgrim's;Quer?taro;3.5;2.65;$63.70;;;;;;
18/2/2026;Pollo entero;Tyson;Coahuila;3.5;2.65;$63.90;;;;;;
18/2/2026;Pollo tipo rosticero;Bachoco;Guanajuato;2.7;1.8;$65.00;;;;;;
19/2/2026;Gallina;Sin marca;Tamaulipas;3.6;3.3;$55.00;;;;;;
19/2/2026;Pollo entero;Bachoco;Guanajuato;3.5;2.65;$64.00;;;;;;
19/2/2026;Pollo entero;Otros;Veracruz;3.5;2.65;$63.50;;;;;;
19/2/2026;Pollo entero;Pilgrim's;Quer?taro;3.5;2.65;$63.70;;;;;;
19/2/2026;Pollo entero;Tyson;Coahuila;3.5;2.65;$63.90;;;;;;
19/2/2026;Pollo tipo rosticero;Bachoco;Guanajuato;2.7;1.8;$65.00;;;;;;
20/2/2026;Gallina;Sin marca;Tabasco;3.6;3.3;$55.00;;;;;;
20/2/2026;Pollo entero;Bachoco;Guanajuato;3.5;2.65;$64.00;;;;;;
20/2/2026;Pollo entero;Otros;Veracruz;3.5;2.65;$63.50;;;;;;
20/2/2026;Pollo entero;Pilgrim's;Quer?taro;3.5;2.65;$63.70;;;;;;
20/2/2026;Pollo entero;Tyson;Coahuila;3.5;2.65;$63.90;;;;;;
20/2/2026;Pollo tipo rosticero;Bachoco;Guanajuato;2.7;1.8;$65.00;;;;;;
23/2/2026;Gallina;Sin marca;Coahuila;3.6;3.3;$55.00;;;;;;
23/2/2026;Pollo entero;Bachoco;Guanajuato;3.5;2.65;$63.00;;;;;;
23/2/2026;Pollo entero;Otros;Veracruz;3.5;2.65;$62.50;;;;;;
23/2/2026;Pollo entero;Pilgrim's;Quer?taro;3.5;2.65;$62.70;;;;;;
23/2/2026;Pollo entero;Tyson;Coahuila;3.5;2.65;$62.90;;;;;;
23/2/2026;Pollo tipo rosticero;Bachoco;Guanajuato;2.7;1.8;$64.00;;;;;;
24/2/2026;Gallina;Sin marca;Tamaulipas;3.6;3.3;$55.00;;;;;;
24/2/2026;Pollo entero;Bachoco;Guanajuato;3.5;2.65;$63.00;;;;;;
24/2/2026;Pollo entero;Otros;Veracruz;3.5;2.65;$62.50;;;;;;
24/2/2026;Pollo entero;Pilgrim's;Quer?taro;3.5;2.65;$62.70;;;;;;
24/2/2026;Pollo entero;Tyson;Coahuila;3.5;2.65;$62.90;;;;;;
24/2/2026;Pollo tipo rosticero;Bachoco;Guanajuato;2.7;1.8;$64.00;;;;;;
25/2/2026;Gallina;Sin marca;Jalisco;3.6;3.3;$55.00;;;;;;
25/2/2026;Pollo entero;Bachoco;Guanajuato;3.5;2.65;$63.00;;;;;;
25/2/2026;Pollo entero;Otros;Veracruz;3.5;2.65;$62.50;;;;;;
25/2/2026;Pollo entero;Pilgrim's;Quer?taro;3.5;2.65;$62.70;;;;;;
25/2/2026;Pollo entero;Tyson;Coahuila;3.5;2.65;$62.90;;;;;;
25/2/2026;Pollo tipo rosticero;Bachoco;Guanajuato;2.7;1.8;$64.00;;;;;;
26/2/2026;Gallina;Sin marca;Tabasco;3.6;3.3;$55.00;;;;;;
26/2/2026;Pollo entero;Bachoco;Guanajuato;3.5;2.65;$63.00;;;;;;
26/2/2026;Pollo entero;Otros;Veracruz;3.5;2.65;$62.50;;;;;;
26/2/2026;Pollo entero;Pilgrim's;Quer?taro;3.5;2.65;$62.70;;;;;;
26/2/2026;Pollo entero;Tyson;Coahuila;3.5;2.65;$62.90;;;;;;
26/2/2026;Pollo tipo rosticero;Bachoco;Guanajuato;2.7;1.8;$64.00;;;;;;
27/2/2026;Gallina;Sin marca;Sinaloa;3.6;3.3;$54.00;;;;;;
27/2/2026;Pollo entero;Bachoco;Guanajuato;3.5;2.65;$63.00;;;;;;
27/2/2026;Pollo entero;Otros;Veracruz;3.5;2.65;$62.50;;;;;;
27/2/2026;Pollo entero;Pilgrim's;Quer?taro;3.5;2.65;$62.70;;;;;;
27/2/2026;Pollo entero;Tyson;Coahuila;3.5;2.65;$62.90;;;;;;
27/2/2026;Pollo tipo rosticero;Bachoco;Guanajuato;2.7;1.8;$64.00;;;;;;
D.F. : Centro de distribuci?n Nuevo San Juan;;;;;;;;;;;;
3/2/2026;Gallina;Sin marca;Tamaulipas;3.6;3.3;$58.00;;;;;;
3/2/2026;Pollo entero;Bachoco;Guanajuato;3.5;2.65;$63.90;;;;;;
3/2/2026;Pollo entero;Otros;Veracruz;3.5;2.65;$63.50;;;;;;
3/2/2026;Pollo entero;Pilgrim's;Quer?taro;3.5;2.65;$63.50;;;;;;
3/2/2026;Pollo entero;Tyson;Coahuila;3.5;2.65;$63.70;;;;;;
3/2/2026;Pollo tipo rosticero;Bachoco;Guanajuato;2.7;1.8;$64.00;;;;;;
4/2/2026;Gallina;Sin marca;Chiapas;3.6;3.3;$58.00;;;;;;
4/2/2026;Pollo entero;Bachoco;Guanajuato;3.5;2.65;$64.00;;;;;;
4/2/2026;Pollo entero;Otros;Veracruz;3.5;2.65;$63.50;;;;;;
4/2/2026;Pollo entero;Pilgrim's;Quer?taro;3.5;2.65;$63.50;;;;;;
4/2/2026;Pollo entero;Tyson;Coahuila;3.5;2.65;$63.70;;;;;;
4/2/2026;Pollo tipo rosticero;Bachoco;Guanajuato;2.7;1.8;$64.00;;;;;;
5/2/2026;Gallina;Sin marca;Durango;3.6;3.3;$58.00;;;;;;
5/2/2026;Pollo entero;Bachoco;Guanajuato;3.5;2.65;$63.90;;;;;;
5/2/2026;Pollo entero;Otros;Veracruz;3.5;2.65;$63.50;;;;;;
5/2/2026;Pollo entero;Pilgrim's;Quer?taro;3.5;2.65;$63.50;;;;;;
5/2/2026;Pollo entero;Tyson;Coahuila;3.5;2.65;$63.70;;;;;;
5/2/2026;Pollo tipo rosticero;Bachoco;Guanajuato;2.7;1.8;$65.00;;;;;;
6/2/2026;Gallina;Sin marca;Jalisco;3.6;3.3;$58.00;;;;;;
6/2/2026;Pollo entero;Bachoco;Guanajuato;3.5;2.65;$63.90;;;;;;
6/2/2026;Pollo entero;Otros;Veracruz;3.5;2.65;$63.50;;;;;;
6/2/2026;Pollo entero;Pilgrim's;Quer?taro;3.5;2.65;$63.50;;;;;;
6/2/2026;Pollo entero;Tyson;Coahuila;3.5;2.65;$63.70;;;;;;
6/2/2026;Pollo tipo rosticero;Bachoco;Guanajuato;2.7;1.8;$65.00;;;;;;
9/2/2026;Gallina;Sin marca;Veracruz;3.6;3.3;$58.00;;;;;;
9/2/2026;Pollo entero;Bachoco;Guanajuato;3.5;2.65;$62.90;;;;;;
9/2/2026;Pollo entero;Otros;Veracruz;3.5;2.65;$62.30;;;;;;
9/2/2026;Pollo entero;Pilgrim's;Quer?taro;3.5;2.65;$62.50;;;;;;
9/2/2026;Pollo entero;Tyson;Coahuila;3.5;2.65;$62.70;;;;;;
9/2/2026;Pollo tipo rosticero;Bachoco;Guanajuato;2.7;1.8;$64.00;;;;;;
10/2/2026;Gallina;Sin marca;Oaxaca;3.6;3.3;$58.00;;;;;;
10/2/2026;Pollo entero;Bachoco;Guanajuato;3.5;2.65;$62.90;;;;;;
10/2/2026;Pollo entero;Otros;Veracruz;3.5;2.65;$62.50;;;;;;
10/2/2026;Pollo entero;Pilgrim's;Quer?taro;3.5;2.65;$62.50;;;;;;
10/2/2026;Pollo entero;Tyson;Coahuila;3.5;2.65;$62.70;;;;;;
10/2/2026;Pollo tipo rosticero;Bachoco;Guanajuato;2.7;1.8;$64.00;;;;;;
11/2/2026;Gallina;Sin marca;Chiapas;3.6;3.3;$58.00;;;;;;
11/2/2026;Pollo entero;Bachoco;Guanajuato;3.5;2.65;$62.90;;;;;;
11/2/2026;Pollo entero;Otros;Veracruz;3.5;2.65;$62.30;;;;;;
11/2/2026;Pollo entero;Pilgrim's;Quer?taro;3.5;2.65;$62.50;;;;;;
11/2/2026;Pollo entero;Tyson;Coahuila;3.5;2.65;$62.70;;;;;;
11/2/2026;Pollo tipo rosticero;Bachoco;Guanajuato;2.7;1.8;$64.00;;;;;;
12/2/2026;Gallina;Sin marca;Durango;3.6;3.3;$58.00;;;;;;
12/2/2026;Pollo entero;Bachoco;Guanajuato;3.5;2.65;$62.90;;;;;;
12/2/2026;Pollo entero;Otros;Veracruz;3.5;2.65;$62.30;;;;;;
12/2/2026;Pollo entero;Pilgrim's;Quer?taro;3.5;2.65;$62.50;;;;;;
12/2/2026;Pollo entero;Tyson;Coahuila;3.5;2.65;$62.70;;;;;;
12/2/2026;Pollo tipo rosticero;Bachoco;Guanajuato;2.7;1.8;$64.00;;;;;;
13/2/2026;Gallina;Sin marca;Michoac?n;3.6;3.3;$57.00;;;;;;
13/2/2026;Pollo entero;Bachoco;Guanajuato;3.5;2.65;$62.90;;;;;;
13/2/2026;Pollo entero;Otros;Veracruz;3.5;2.65;$62.30;;;;;;
13/2/2026;Pollo entero;Pilgrim's;Quer?taro;3.5;2.65;$62.50;;;;;;
13/2/2026;Pollo entero;Tyson;Coahuila;3.5;2.65;$62.70;;;;;;
13/2/2026;Pollo tipo rosticero;Bachoco;Guanajuato;2.7;1.8;$64.00;;;;;;
16/2/2026;Gallina;Sin marca;Veracruz;3.6;3.3;$56.00;;;;;;
16/2/2026;Pollo entero;Bachoco;Guanajuato;3.5;2.65;$62.90;;;;;;
16/2/2026;Pollo entero;Otros;Veracruz;3.5;2.65;$62.30;;;;;;
16/2/2026;Pollo entero;Pilgrim's;Quer?taro;3.5;2.65;$62.50;;;;;;
16/2/2026;Pollo entero;Tyson;Coahuila;3.5;2.65;$62.70;;;;;;
16/2/2026;Pollo tipo rosticero;Bachoco;Guanajuato;2.7;1.8;$64.00;;;;;;
17/2/2026;Gallina;Sin marca;Chiapas;3.6;3.3;$56.00;;;;;;
17/2/2026;Pollo entero;Bachoco;Guanajuato;3.5;2.65;$63.90;;;;;;
17/2/2026;Pollo entero;Otros;Veracruz;3.5;2.65;$63.30;;;;;;
17/2/2026;Pollo entero;Pilgrim's;Quer?taro;3.5;2.65;$63.50;;;;;;
17/2/2026;Pollo entero;Tyson;Coahuila;3.5;2.65;$63.70;;;;;;
17/2/2026;Pollo tipo rosticero;Bachoco;Guanajuato;2.7;1.8;$65.00;;;;;;
18/2/2026;Gallina;Sin marca;Oaxaca;3.6;3.3;$55.00;;;;;;
18/2/2026;Pollo entero;Bachoco;Guanajuato;3.5;2.65;$63.90;;;;;;
18/2/2026;Pollo entero;Otros;Veracruz;3.5;2.65;$63.30;;;;;;
18/2/2026;Pollo entero;Pilgrim's;Quer?taro;3.5;2.65;$63.50;;;;;;
18/2/2026;Pollo entero;Tyson;Coahuila;3.5;2.65;$63.70;;;;;;
18/2/2026;Pollo tipo rosticero;Bachoco;Guanajuato;2.7;1.8;$65.00;;;;;;
19/2/2026;Gallina;Sin marca;Zacatecas;3.6;3.3;$55.00;;;;;;
19/2/2026;Pollo entero;Bachoco;Guanajuato;3.5;2.65;$63.90;;;;;;
19/2/2026;Pollo entero;Otros;Veracruz;3.5;2.65;$63.30;;;;;;
19/2/2026;Pollo entero;Pilgrim's;Quer?taro;3.5;2.65;$63.50;;;;;;
19/2/2026;Pollo entero;Tyson;Coahuila;3.5;2.65;$63.70;;;;;;
19/2/2026;Pollo tipo rosticero;Bachoco;Guanajuato;2.7;1.8;$65.00;;;;;;
20/2/2026;Gallina;Sin marca;Jalisco;3.6;3.3;$55.00;;;;;;
20/2/2026;Pollo entero;Bachoco;Guanajuato;3.5;2.65;$63.90;;;;;;
20/2/2026;Pollo entero;Otros;Veracruz;3.5;2.65;$63.30;;;;;;
20/2/2026;Pollo entero;Pilgrim's;Quer?taro;3.5;2.65;$63.50;;;;;;
20/2/2026;Pollo entero;Tyson;Coahuila;3.5;2.65;$63.70;;;;;;
20/2/2026;Pollo tipo rosticero;Bachoco;Guanajuato;2.7;1.8;$65.00;;;;;;
23/2/2026;Gallina;Sin marca;Veracruz;3.6;3.3;$55.00;;;;;;
23/2/2026;Pollo entero;Bachoco;Guanajuato;3.5;2.65;$62.90;;;;;;
23/2/2026;Pollo entero;Otros;Veracruz;3.5;2.65;$62.30;;;;;;
23/2/2026;Pollo entero;Pilgrim's;Quer?taro;3.5;2.65;$62.50;;;;;;
23/2/2026;Pollo entero;Tyson;Coahuila;3.5;2.65;$62.70;;;;;;
23/2/2026;Pollo tipo rosticero;Bachoco;Guanajuato;2.7;1.8;$64.00;;;;;;
24/2/2026;Gallina;Sin marca;Chiapas;3.6;3.3;$55.00;;;;;;
24/2/2026;Pollo entero;Bachoco;Guanajuato;3.5;2.65;$62.90;;;;;;
24/2/2026;Pollo entero;Otros;Veracruz;3.5;2.65;$62.30;;;;;;
24/2/2026;Pollo entero;Pilgrim's;Quer?taro;3.5;2.65;$62.50;;;;;;
24/2/2026;Pollo entero;Tyson;Coahuila;3.5;2.65;$62.70;;;;;;
24/2/2026;Pollo tipo rosticero;Bachoco;Guanajuato;2.7;1.8;$64.00;;;;;;
25/2/2026;Gallina;Sin marca;Oaxaca;3.6;3.3;$55.00;;;;;;
25/2/2026;Pollo entero;Bachoco;Guanajuato;3.5;2.65;$62.90;;;;;;
25/2/2026;Pollo entero;Otros;Veracruz;3.5;2.65;$62.30;;;;;;
25/2/2026;Pollo entero;Pilgrim's;Quer?taro;3.5;2.65;$62.50;;;;;;
25/2/2026;Pollo entero;Tyson;Coahuila;3.5;2.65;$62.70;;;;;;
25/2/2026;Pollo tipo rosticero;Bachoco;Guanajuato;2.7;1.8;$64.00;;;;;;
26/2/2026;Gallina;Sin marca;Zacatecas;3.6;3.3;$55.00;;;;;;
26/2/2026;Pollo entero;Bachoco;Guanajuato;3.5;2.65;$62.90;;;;;;
26/2/2026;Pollo entero;Otros;Veracruz;3.5;2.65;$62.30;;;;;;
26/2/2026;Pollo entero;Pilgrim's;Quer?taro;3.5;2.65;$62.50;;;;;;
26/2/2026;Pollo entero;Tyson;Coahuila;3.5;2.65;$62.70;;;;;;
26/2/2026;Pollo tipo rosticero;Bachoco;Guanajuato;2.7;1.8;$64.00;;;;;;
27/2/2026;Gallina;Sin marca;Jalisco;3.6;3.3;$54.00;;;;;;
27/2/2026;Pollo entero;Bachoco;Guanajuato;3.5;2.65;$62.90;;;;;;
27/2/2026;Pollo entero;Otros;Veracruz;3.5;2.65;$62.30;;;;;;
27/2/2026;Pollo entero;Pilgrim's;Quer?taro;3.5;2.65;$62.50;;;;;;
27/2/2026;Pollo entero;Tyson;Coahuila;3.5;2.65;$62.70;;;;;;
27/2/2026;Pollo tipo rosticero;Bachoco;Guanajuato;2.7;1.8;$64.00;;;;;;
D.F. : Centro de distribuci?n Ray?n;;;;;;;;;;;;
3/2/2026;Gallina;Sin marca;Guanajuato;3.6;3.3;$58.00;;;;;;
3/2/2026;Pollo entero;Bachoco;Guanajuato;3.5;2.65;$63.70;;;;;;
3/2/2026;Pollo entero;Otros;Veracruz;3.5;2.65;$63.30;;;;;;
3/2/2026;Pollo entero;Pilgrim's;Quer?taro;3.5;2.65;$63.50;;;;;;
3/2/2026;Pollo tipo rosticero;Bachoco;Guanajuato;2.7;1.8;$64.00;;;;;;
4/2/2026;Gallina;Sin marca;Tlaxcala;3.6;3.3;$58.00;;;;;;
4/2/2026;Pollo entero;Bachoco;Guanajuato;3.5;2.65;$63.70;;;;;;
4/2/2026;Pollo entero;Otros;Veracruz;3.5;2.65;$63.30;;;;;;
4/2/2026;Pollo entero;Pilgrim's;Quer?taro;3.5;2.65;$63.50;;;;;;
4/2/2026;Pollo tipo rosticero;Bachoco;Guanajuato;2.7;1.8;$65.00;;;;;;
5/2/2026;Gallina;Sin marca;Edo. de M?xico;3.6;3.3;$58.00;;;;;;
5/2/2026;Pollo entero;Bachoco;Guanajuato;3.5;2.65;$63.70;;;;;;
5/2/2026;Pollo entero;Otros;Veracruz;3.5;2.65;$63.30;;;;;;
5/2/2026;Pollo entero;Pilgrim's;Quer?taro;3.5;2.65;$63.50;;;;;;
5/2/2026;Pollo tipo rosticero;Bachoco;Guanajuato;2.7;1.8;$65.00;;;;;;
6/2/2026;Gallina;Sin marca;Morelos;3.6;3.3;$58.00;;;;;;
6/2/2026;Pollo entero;Bachoco;Guanajuato;3.5;2.65;$63.70;;;;;;
6/2/2026;Pollo entero;Otros;Veracruz;3.5;2.65;$63.30;;;;;;
6/2/2026;Pollo entero;Pilgrim's;Quer?taro;3.5;2.65;$63.50;;;;;;
6/2/2026;Pollo tipo rosticero;Bachoco;Guanajuato;2.7;1.8;$65.00;;;;;;
9/2/2026;Gallina;Sin marca;Quer?taro;3.6;3.3;$58.00;;;;;;
9/2/2026;Pollo entero;Bachoco;Guanajuato;3.5;2.65;$62.70;;;;;;
9/2/2026;Pollo entero;Otros;Veracruz;3.5;2.65;$62.30;;;;;;
9/2/2026;Pollo entero;Pilgrim's;Quer?taro;3.5;2.65;$62.50;;;;;;
9/2/2026;Pollo tipo rosticero;Bachoco;Guanajuato;2.7;1.8;$64.00;;;;;;
10/2/2026;Gallina;Sin marca;Hidalgo;3.6;3.3;$58.00;;;;;;
10/2/2026;Pollo entero;Bachoco;Guanajuato;3.5;2.65;$62.70;;;;;;
10/2/2026;Pollo entero;Otros;Veracruz;3.5;2.65;$62.30;;;;;;
10/2/2026;Pollo entero;Pilgrim's;Quer?taro;3.5;2.65;$62.50;;;;;;
10/2/2026;Pollo tipo rosticero;Bachoco;Guanajuato;2.7;1.8;$64.00;;;;;;
11/2/2026;Gallina;Sin marca;Puebla;3.6;3.3;$58.00;;;;;;
11/2/2026;Pollo entero;Bachoco;Guanajuato;3.5;2.65;$62.70;;;;;;
11/2/2026;Pollo entero;Otros;Veracruz;3.5;2.65;$62.30;;;;;;
11/2/2026;Pollo entero;Pilgrim's;Quer?taro;3.5;2.65;$62.50;;;;;;
11/2/2026;Pollo tipo rosticero;Bachoco;Guanajuato;2.7;1.8;$64.00;;;;;;
12/2/2026;Gallina;Sin marca;Michoac?n;3.6;3.3;$58.00;;;;;;
12/2/2026;Pollo entero;Bachoco;Guanajuato;3.5;2.65;$62.70;;;;;;
12/2/2026;Pollo entero;Otros;Veracruz;3.5;2.65;$62.30;;;;;;
12/2/2026;Pollo entero;Pilgrim's;Quer?taro;3.5;2.65;$62.50;;;;;;
12/2/2026;Pollo tipo rosticero;Bachoco;Guanajuato;2.7;1.8;$64.00;;;;;;
13/2/2026;Gallina;Sin marca;Morelos;3.6;3.3;$57.00;;;;;;
13/2/2026;Pollo entero;Bachoco;Guanajuato;3.5;2.65;$62.70;;;;;;
13/2/2026;Pollo entero;Otros;Veracruz;3.5;2.65;$62.30;;;;;;
13/2/2026;Pollo entero;Pilgrim's;Quer?taro;3.5;2.65;$62.50;;;;;;
13/2/2026;Pollo tipo rosticero;Bachoco;Guanajuato;2.7;1.8;$64.00;;;;;;
16/2/2026;Gallina;Sin marca;Guanajuato;3.6;3.3;$56.00;;;;;;
16/2/2026;Pollo entero;Bachoco;Guanajuato;3.5;2.65;$62.70;;;;;;
16/2/2026;Pollo entero;Otros;Veracruz;3.5;2.65;$62.30;;;;;;
16/2/2026;Pollo entero;Pilgrim's;Quer?taro;3.5;2.65;$62.50;;;;;;
16/2/2026;Pollo tipo rosticero;Bachoco;Guanajuato;2.7;1.8;$64.00;;;;;;
17/2/2026;Gallina;Sin marca;Hidalgo;3.6;3.3;$56.00;;;;;;
17/2/2026;Pollo entero;Bachoco;Guanajuato;3.5;2.65;$63.70;;;;;;
17/2/2026;Pollo entero;Otros;Veracruz;3.5;2.65;$63.30;;;;;;
17/2/2026;Pollo entero;Pilgrim's;Quer?taro;3.5;2.65;$63.50;;;;;;
17/2/2026;Pollo tipo rosticero;Bachoco;Guanajuato;2.7;1.8;$64.00;;;;;;
18/2/2026;Gallina;Sin marca;Puebla;3.6;3.3;$55.00;;;;;;
18/2/2026;Pollo entero;Bachoco;Guanajuato;3.5;2.65;$63.70;;;;;;
18/2/2026;Pollo entero;Otros;Veracruz;3.5;2.65;$63.30;;;;;;
18/2/2026;Pollo entero;Pilgrim's;Quer?taro;3.5;2.65;$63.50;;;;;;
18/2/2026;Pollo tipo rosticero;Bachoco;Guanajuato;2.7;1.8;$65.00;;;;;;
19/2/2026;Gallina;Sin marca;Michoac?n;3.6;3.3;$55.00;;;;;;
19/2/2026;Pollo entero;Bachoco;Guanajuato;3.5;2.65;$63.70;;;;;;
19/2/2026;Pollo entero;Otros;Veracruz;3.5;2.65;$63.30;;;;;;
19/2/2026;Pollo entero;Pilgrim's;Quer?taro;3.5;2.65;$63.50;;;;;;
19/2/2026;Pollo tipo rosticero;Bachoco;Guanajuato;2.7;1.8;$65.00;;;;;;
20/2/2026;Gallina;Sin marca;Morelos;3.6;3.3;$55.00;;;;;;
20/2/2026;Pollo entero;Bachoco;Guanajuato;3.5;2.65;$63.70;;;;;;
20/2/2026;Pollo entero;Otros;Veracruz;3.5;2.65;$63.30;;;;;;
20/2/2026;Pollo entero;Pilgrim's;Quer?taro;3.5;2.65;$63.50;;;;;;
20/2/2026;Pollo tipo rosticero;Bachoco;Guanajuato;2.7;1.8;$65.00;;;;;;
23/2/2026;Gallina;Sin marca;Guanajuato;3.6;3.3;$55.00;;;;;;
23/2/2026;Pollo entero;Bachoco;Guanajuato;3.5;2.65;$62.70;;;;;;
23/2/2026;Pollo entero;Otros;Veracruz;3.5;2.65;$62.30;;;;;;
23/2/2026;Pollo entero;Pilgrim's;Quer?taro;3.5;2.65;$62.50;;;;;;
23/2/2026;Pollo tipo rosticero;Bachoco;Guanajuato;2.7;1.8;$64.00;;;;;;
24/2/2026;Gallina;Sin marca;Michoac?n;3.6;3.3;$55.00;;;;;;
24/2/2026;Pollo entero;Bachoco;Guanajuato;3.5;2.65;$62.70;;;;;;
24/2/2026;Pollo entero;Otros;Veracruz;3.5;2.65;$62.30;;;;;;
24/2/2026;Pollo entero;Pilgrim's;Quer?taro;3.5;2.65;$62.50;;;;;;
24/2/2026;Pollo tipo rosticero;Bachoco;Guanajuato;2.7;1.8;$64.00;;;;;;
25/2/2026;Gallina;Sin marca;Tlaxcala;3.6;3.3;$55.00;;;;;;
25/2/2026;Pollo entero;Bachoco;Guanajuato;3.5;2.65;$62.70;;;;;;
25/2/2026;Pollo entero;Otros;Veracruz;3.5;2.65;$62.30;;;;;;
25/2/2026;Pollo entero;Pilgrim's;Quer?taro;3.5;2.65;$62.50;;;;;;
25/2/2026;Pollo tipo rosticero;Bachoco;Guanajuato;2.7;1.8;$64.00;;;;;;
26/2/2026;Gallina;Sin marca;Puebla;3.6;3.3;$55.00;;;;;;
26/2/2026;Pollo entero;Bachoco;Guanajuato;3.5;2.65;$62.70;;;;;;
26/2/2026;Pollo entero;Otros;Veracruz;3.5;2.65;$62.30;;;;;;
26/2/2026;Pollo entero;Pilgrim's;Quer?taro;3.5;2.65;$62.50;;;;;;
26/2/2026;Pollo tipo rosticero;Bachoco;Guanajuato;2.7;1.8;$64.00;;;;;;
27/2/2026;Gallina;Sin marca;Guerrero;3.6;3.3;$54.00;;;;;;
27/2/2026;Pollo entero;Bachoco;Guanajuato;3.5;2.65;$62.70;;;;;;
27/2/2026;Pollo entero;Otros;Veracruz;3.5;2.65;$62.30;;;;;;
27/2/2026;Pollo entero;Pilgrim's;Quer?taro;3.5;2.65;$62.50;;;;;;
27/2/2026;Pollo tipo rosticero;Bachoco;Guanajuato;2.7;1.8;$64.00;;;;;;
D.F. : Centro de distribuci?n San Juan;;;;;;;;;;;;
3/2/2026;Gallina;Sin marca;Quer?taro;3.6;3.3;$58.00;;;;;;
3/2/2026;Pollo entero;Bachoco;Guanajuato;3.5;2.65;$63.50;;;;;;
3/2/2026;Pollo entero;Otros;Veracruz;3.5;2.65;$63.00;;;;;;
3/2/2026;Pollo entero;Pilgrim's;Quer?taro;3.5;2.65;$63.30;;;;;;
3/2/2026;Pollo tipo rosticero;Bachoco;Guanajuato;2.7;1.8;$64.00;;;;;;
4/2/2026;Gallina;Sin marca;Hidalgo;3.6;3.3;$58.00;;;;;;
4/2/2026;Pollo entero;Bachoco;Guanajuato;3.5;2.65;$63.50;;;;;;
4/2/2026;Pollo entero;Otros;Veracruz;3.5;2.65;$63.00;;;;;;
4/2/2026;Pollo entero;Pilgrim's;Quer?taro;3.5;2.65;$63.30;;;;;;
4/2/2026;Pollo tipo rosticero;Bachoco;Guanajuato;2.7;1.8;$65.00;;;;;;
5/2/2026;Gallina;Sin marca;Puebla;3.6;3.3;$58.00;;;;;;
5/2/2026;Pollo entero;Bachoco;Guanajuato;3.5;2.65;$63.50;;;;;;
5/2/2026;Pollo entero;Otros;Veracruz;3.5;2.65;$63.00;;;;;;
5/2/2026;Pollo entero;Pilgrim's;Quer?taro;3.5;2.65;$63.30;;;;;;
5/2/2026;Pollo tipo rosticero;Bachoco;Guanajuato;2.7;1.8;$65.00;;;;;;
6/2/2026;Gallina;Sin marca;Guerrero;3.6;3.3;$58.00;;;;;;
6/2/2026;Pollo entero;Bachoco;Guanajuato;3.5;2.65;$63.50;;;;;;
6/2/2026;Pollo entero;Otros;Veracruz;3.5;2.65;$63.00;;;;;;
6/2/2026;Pollo entero;Pilgrim's;Quer?taro;3.5;2.65;$63.30;;;;;;
6/2/2026;Pollo tipo rosticero;Bachoco;Guanajuato;2.7;1.8;$65.00;;;;;;
9/2/2026;Gallina;Sin marca;Guanajuato;3.6;3.3;$58.00;;;;;;
9/2/2026;Pollo entero;Bachoco;Guanajuato;3.5;2.65;$62.50;;;;;;
9/2/2026;Pollo entero;Otros;Veracruz;3.5;2.65;$62.00;;;;;;
9/2/2026;Pollo entero;Pilgrim's;Quer?taro;3.5;2.65;$62.30;;;;;;
9/2/2026;Pollo tipo rosticero;Bachoco;Guanajuato;2.7;1.8;$64.00;;;;;;
10/2/2026;Gallina;Sin marca;Tlaxcala;3.6;3.3;$58.00;;;;;;
10/2/2026;Pollo entero;Bachoco;Guanajuato;3.5;2.65;$62.50;;;;;;
10/2/2026;Pollo entero;Otros;Veracruz;3.5;2.65;$62.00;;;;;;
10/2/2026;Pollo entero;Pilgrim's;Quer?taro;3.5;2.65;$62.30;;;;;;
10/2/2026;Pollo tipo rosticero;Bachoco;Guanajuato;2.7;1.8;$64.00;;;;;;
11/2/2026;Gallina;Sin marca;Edo. de M?xico;3.6;3.3;$58.00;;;;;;
11/2/2026;Pollo entero;Bachoco;Guanajuato;3.5;2.65;$62.50;;;;;;
11/2/2026;Pollo entero;Otros;Veracruz;3.5;2.65;$62.00;;;;;;
11/2/2026;Pollo entero;Pilgrim's;Quer?taro;3.5;2.65;$62.30;;;;;;
11/2/2026;Pollo tipo rosticero;Bachoco;Guanajuato;2.7;1.8;$64.00;;;;;;
12/2/2026;Gallina;Sin marca;Puebla;3.6;3.3;$58.00;;;;;;
12/2/2026;Pollo entero;Bachoco;Guanajuato;3.5;2.65;$62.50;;;;;;
12/2/2026;Pollo entero;Otros;Veracruz;3.5;2.65;$62.00;;;;;;
12/2/2026;Pollo entero;Pilgrim's;Quer?taro;3.5;2.65;$62.30;;;;;;
12/2/2026;Pollo tipo rosticero;Bachoco;Guanajuato;2.7;1.8;$64.00;;;;;;
13/2/2026;Gallina;Sin marca;Guerrero;3.6;3.3;$57.00;;;;;;
13/2/2026;Pollo entero;Bachoco;Guanajuato;3.5;2.65;$62.50;;;;;;
13/2/2026;Pollo entero;Otros;Veracruz;3.5;2.65;$62.00;;;;;;
13/2/2026;Pollo entero;Pilgrim's;Quer?taro;3.5;2.65;$62.30;;;;;;
13/2/2026;Pollo tipo rosticero;Bachoco;Guanajuato;2.7;1.8;$64.00;;;;;;
16/2/2026;Gallina;Sin marca;Quer?taro;3.6;3.3;$56.00;;;;;;
16/2/2026;Pollo entero;Bachoco;Guanajuato;3.5;2.65;$62.50;;;;;;
16/2/2026;Pollo entero;Otros;Veracruz;3.5;2.65;$62.00;;;;;;
16/2/2026;Pollo entero;Pilgrim's;Quer?taro;3.5;2.65;$62.30;;;;;;
16/2/2026;Pollo tipo rosticero;Bachoco;Guanajuato;2.7;1.8;$64.00;;;;;;
16/2/2026;Pollo tipo rosticero;Sin marca;Quer?taro;3.6;3.3;$56.00;;;;;;
17/2/2026;Gallina;Sin marca;Tlaxcala;3.6;3.3;$56.00;;;;;;
17/2/2026;Pollo entero;Bachoco;Guanajuato;3.5;2.65;$63.50;;;;;;
17/2/2026;Pollo entero;Otros;Veracruz;3.5;2.65;$63.00;;;;;;
17/2/2026;Pollo entero;Pilgrim's;Quer?taro;3.5;2.65;$63.30;;;;;;
17/2/2026;Pollo tipo rosticero;Bachoco;Guanajuato;2.7;1.8;$64.00;;;;;;
18/2/2026;Gallina;Sin marca;Edo. de M?xico;3.6;3.3;$55.00;;;;;;
18/2/2026;Pollo entero;Bachoco;Guanajuato;3.5;2.65;$63.50;;;;;;
18/2/2026;Pollo entero;Otros;Veracruz;3.5;2.65;$63.00;;;;;;
18/2/2026;Pollo entero;Pilgrim's;Quer?taro;3.5;2.65;$63.30;;;;;;
18/2/2026;Pollo tipo rosticero;Bachoco;Guanajuato;2.7;1.8;$65.00;;;;;;
19/2/2026;Gallina;Sin marca;Puebla;3.6;3.3;$55.00;;;;;;
19/2/2026;Pollo entero;Bachoco;Guanajuato;3.5;2.65;$63.50;;;;;;
19/2/2026;Pollo entero;Otros;Veracruz;3.5;2.65;$63.00;;;;;;
19/2/2026;Pollo entero;Pilgrim's;Quer?taro;3.5;2.65;$63.30;;;;;;
19/2/2026;Pollo tipo rosticero;Bachoco;Guanajuato;2.7;1.8;$65.00;;;;;;
20/2/2026;Gallina;Sin marca;Guerrero;3.6;3.3;$55.00;;;;;;
20/2/2026;Pollo entero;Bachoco;Guanajuato;3.5;2.65;$63.50;;;;;;
20/2/2026;Pollo entero;Otros;Veracruz;3.5;2.65;$63.00;;;;;;
20/2/2026;Pollo entero;Pilgrim's;Quer?taro;3.5;2.65;$63.30;;;;;;
20/2/2026;Pollo tipo rosticero;Bachoco;Guanajuato;2.7;1.8;$65.00;;;;;;
23/2/2026;Gallina;Sin marca;Quer?taro;3.6;3.3;$55.00;;;;;;
23/2/2026;Pollo entero;Bachoco;Guanajuato;3.5;2.65;$62.50;;;;;;
23/2/2026;Pollo entero;Otros;Veracruz;3.5;2.65;$62.00;;;;;;
23/2/2026;Pollo entero;Pilgrim's;Quer?taro;3.5;2.65;$62.30;;;;;;
23/2/2026;Pollo tipo rosticero;Bachoco;Guanajuato;2.7;1.8;$64.00;;;;;;
24/2/2026;Gallina;Sin marca;Puebla;3.6;3.3;$55.00;;;;;;
24/2/2026;Pollo entero;Bachoco;Guanajuato;3.5;2.65;$62.50;;;;;;
24/2/2026;Pollo entero;Otros;Veracruz;3.5;2.65;$62.00;;;;;;
24/2/2026;Pollo entero;Pilgrim's;Quer?taro;3.5;2.65;$62.30;;;;;;
24/2/2026;Pollo tipo rosticero;Bachoco;Guanajuato;2.7;1.8;$64.00;;;;;;
25/2/2026;Gallina;Sin marca;Hidalgo;3.6;3.3;$55.00;;;;;;
25/2/2026;Pollo entero;Bachoco;Guanajuato;3.5;2.65;$62.50;;;;;;
25/2/2026;Pollo entero;Otros;Veracruz;3.5;2.65;$62.00;;;;;;
25/2/2026;Pollo entero;Pilgrim's;Quer?taro;3.5;2.65;$62.30;;;;;;
25/2/2026;Pollo tipo rosticero;Bachoco;Guanajuato;2.7;1.8;$64.00;;;;;;
26/2/2026;Gallina;Sin marca;Edo. de M?xico;3.6;3.3;$55.00;;;;;;
26/2/2026;Pollo entero;Bachoco;Guanajuato;3.5;2.65;$62.50;;;;;;
26/2/2026;Pollo entero;Otros;Veracruz;3.5;2.65;$62.00;;;;;;
26/2/2026;Pollo entero;Pilgrim's;Quer?taro;3.5;2.65;$62.30;;;;;;
26/2/2026;Pollo tipo rosticero;Bachoco;Guanajuato;2.7;1.8;$64.00;;;;;;
27/2/2026;Gallina;Sin marca;Morelos;3.6;3.3;$54.00;;;;;;
27/2/2026;Pollo entero;Bachoco;Guanajuato;3.5;2.65;$62.50;;;;;;
27/2/2026;Pollo entero;Otros;Veracruz;3.5;2.65;$62.00;;;;;;
27/2/2026;Pollo entero;Pilgrim's;Quer?taro;3.5;2.65;$62.30;;;;;;
27/2/2026;Pollo tipo rosticero;Bachoco;Guanajuato;2.7;1.8;$64.00;;;;;;
Nay: Centros de Distribuci?n de Nayarit;;;;;;;;;;;;
3/2/2026;Pollo entero;Bachoco;Nayarit;2.7;2.5;$57.90;;;;;;
4/2/2026;Pollo entero;Bachoco;Nayarit;2.7;2.5;$57.90;;;;;;
5/2/2026;Pollo entero;Bachoco;Nayarit;2.7;2.5;$57.90;;;;;;
6/2/2026;Pollo entero;Bachoco;Nayarit;2.7;2.5;$58.00;;;;;;
9/2/2026;Pollo entero;Bachoco;Nayarit;2.7;2.8;$59.00;;;;;;
10/2/2026;Pollo entero;Bachoco;Nayarit;2.7;2.5;$59.00;;;;;;
11/2/2026;Pollo entero;Bachoco;Nayarit;2.7;2.5;$58.00;;;;;;
12/2/2026;Pollo entero;Bachoco;Nayarit;2.7;2.5;$58.00;;;;;;
13/2/2026;Pollo entero;Bachoco;Nayarit;2.7;2.5;$58.00;;;;;;
16/2/2026;Pollo entero;Bachoco;Nayarit;2.7;2.5;$57.90;;;;;;
17/2/2026;Pollo entero;Bachoco;Nayarit;2.7;2.5;$57.90;;;;;;
18/2/2026;Pollo entero;Bachoco;Nayarit;2.7;2.5;$57.50;;;;;;
19/2/2026;Pollo entero;Bachoco;Nayarit;2.7;2.5;$57.50;;;;;;
20/2/2026;Pollo entero;Bachoco;Nayarit;2.7;2.5;$57.50;;;;;;
23/2/2026;Pollo entero;Bachoco;Nayarit;2.7;2.5;$57.50;;;;;;
24/2/2026;Pollo entero;Bachoco;Nayarit;2.7;2.5;$58.00;;;;;;
25/2/2026;Pollo entero;Bachoco;Nayarit;2.7;2.5;$58.00;;;;;;
26/2/2026;Pollo entero;Bachoco;Nayarit;2.7;2.5;$58.00;;;;;;
27/2/2026;Pollo entero;Bachoco;Nayarit;2.7;2.5;$58.00;;;;;;
Qro. : Centros de distribuci?n de Quer?taro;;;;;;;;;;;;
3/2/2026;Pollo entero;Pilgrim's;Quer?taro;2.7;2.5;$45.00;;;;;;
4/2/2026;Pollo entero;Pilgrim's;Quer?taro;2.7;2.5;$45.00;;;;;;
5/2/2026;Pollo entero;Pilgrim's;Quer?taro;2.7;2.5;$45.00;;;;;;
6/2/2026;Pollo entero;Pilgrim's;Quer?taro;2.7;2.5;$45.00;;;;;;
9/2/2026;Pollo entero;Pilgrim's;Quer?taro;2.7;2.5;$40.00;;;;;;
10/2/2026;Pollo entero;Pilgrim's;Quer?taro;2.7;2.5;$40.00;;;;;;
11/2/2026;Pollo entero;Pilgrim's;Quer?taro;2.7;2.5;$40.00;;;;;;
12/2/2026;Pollo entero;Pilgrim's;Quer?taro;2.7;2.5;$40.00;;;;;;
13/2/2026;Pollo entero;Pilgrim's;Quer?taro;2.7;2.5;$41.00;;;;;;
16/2/2026;Pollo entero;Pilgrim's;Quer?taro;2.7;2.5;$41.00;;;;;;
17/2/2026;Pollo entero;Pilgrim's;Quer?taro;2.7;2.5;$40.00;;;;;;
18/2/2026;Pollo entero;Pilgrim's;Quer?taro;2.7;2.5;$40.00;;;;;;
19/2/2026;Pollo entero;Pilgrim's;Quer?taro;2.7;2.5;$40.00;;;;;;
20/2/2026;Pollo entero;Pilgrim's;Quer?taro;2.7;2.5;$40.00;;;;;;
23/2/2026;Pollo entero;Pilgrim's;Quer?taro;2.7;2.5;$40.00;;;;;;
24/2/2026;Pollo entero;Pilgrim's;Quer?taro;2.7;2.5;$40.00;;;;;;
25/2/2026;Pollo entero;Pilgrim's;Quer?taro;2.7;2.5;$40.00;;;;;;
26/2/2026;Pollo entero;Pilgrim's;Quer?taro;2.7;2.5;$40.00;;;;;;
27/2/2026;Pollo entero;Pilgrim's;Quer?taro;2.7;2.5;$40.00;;;;;;
Zac: Mercado de Abasto de Zacatecas;;;;;;;;;;;;
3/2/2026;Pollo entero;Nutri Pollo;San Luis Potos?;2.1;1.9;$80.00;;;;;;
3/2/2026;Pollo entero;Pilgrim's;San Luis Potos?;2.1;1.9;$80.00;;;;;;
3/2/2026;Pollo tipo rosticero;Nutri Pollo;San Luis Potos?;1.4;1.2;$62.00;;;;;;
3/2/2026;Pollo tipo rosticero;Pilgrim's;San Luis Potos?;1.4;1.2;$62.00;;;;;;
4/2/2026;Pollo entero;Nutri Pollo;San Luis Potos?;2.1;1.9;$80.00;;;;;;
4/2/2026;Pollo entero;Pilgrim's;San Luis Potos?;2.1;1.9;$80.00;;;;;;
4/2/2026;Pollo tipo rosticero;Nutri Pollo;San Luis Potos?;1.4;1.2;$62.00;;;;;;
4/2/2026;Pollo tipo rosticero;Pilgrim's;San Luis Potos?;1.4;1.2;$62.00;;;;;;
5/2/2026;Pollo entero;Nutri Pollo;San Luis Potos?;2.1;1.9;$80.00;;;;;;
5/2/2026;Pollo entero;Pilgrim's;San Luis Potos?;2.1;1.9;$80.00;;;;;;
5/2/2026;Pollo tipo rosticero;Nutri Pollo;San Luis Potos?;1.4;1.2;$62.00;;;;;;
5/2/2026;Pollo tipo rosticero;Pilgrim's;San Luis Potos?;1.4;1.2;$62.00;;;;;;
6/2/2026;Pollo entero;Nutri Pollo;San Luis Potos?;2.1;1.9;$80.00;;;;;;
6/2/2026;Pollo entero;Pilgrim's;San Luis Potos?;2.1;1.9;$80.00;;;;;;
6/2/2026;Pollo tipo rosticero;Nutri Pollo;San Luis Potos?;1.4;1.2;$62.00;;;;;;
6/2/2026;Pollo tipo rosticero;Pilgrim's;San Luis Potos?;1.4;1.2;$62.00;;;;;;
9/2/2026;Pollo entero;Nutri Pollo;San Luis Potos?;2.1;1.9;$80.00;;;;;;
9/2/2026;Pollo entero;Pilgrim's;San Luis Potos?;2.1;1.9;$80.00;;;;;;
9/2/2026;Pollo tipo rosticero;Nutri Pollo;San Luis Potos?;1.4;1.2;$62.00;;;;;;
9/2/2026;Pollo tipo rosticero;Pilgrim's;San Luis Potos?;1.4;1.2;$62.00;;;;;;
10/2/2026;Pollo entero;Nutri Pollo;San Luis Potos?;2.1;1.9;$80.00;;;;;;
10/2/2026;Pollo entero;Pilgrim's;San Luis Potos?;2.1;1.9;$80.00;;;;;;
10/2/2026;Pollo tipo rosticero;Nutri Pollo;San Luis Potos?;1.4;1.2;$62.00;;;;;;
10/2/2026;Pollo tipo rosticero;Pilgrim's;San Luis Potos?;1.4;1.2;$62.00;;;;;;
11/2/2026;Pollo entero;Nutri Pollo;San Luis Potos?;2.1;1.9;$80.00;;;;;;
11/2/2026;Pollo entero;Pilgrim's;San Luis Potos?;2.1;1.9;$80.00;;;;;;
11/2/2026;Pollo tipo rosticero;Nutri Pollo;San Luis Potos?;1.4;1.2;$62.00;;;;;;
11/2/2026;Pollo tipo rosticero;Pilgrim's;San Luis Potos?;1.4;1.2;$62.00;;;;;;
12/2/2026;Pollo entero;Nutri Pollo;San Luis Potos?;2.1;1.9;$80.00;;;;;;
12/2/2026;Pollo entero;Pilgrim's;San Luis Potos?;2.1;1.9;$80.00;;;;;;
12/2/2026;Pollo tipo rosticero;Nutri Pollo;San Luis Potos?;1.4;1.2;$62.00;;;;;;
12/2/2026;Pollo tipo rosticero;Pilgrim's;San Luis Potos?;1.4;1.2;$62.00;;;;;;
13/2/2026;Pollo entero;Nutri Pollo;San Luis Potos?;2.1;1.9;$80.00;;;;;;
13/2/2026;Pollo entero;Pilgrim's;San Luis Potos?;2.1;1.9;$80.00;;;;;;
13/2/2026;Pollo tipo rosticero;Nutri Pollo;San Luis Potos?;1.4;1.2;$62.00;;;;;;
13/2/2026;Pollo tipo rosticero;Pilgrim's;San Luis Potos?;1.4;1.2;$62.00;;;;;;
16/2/2026;Pollo entero;Nutri Pollo;San Luis Potos?;2.1;1.9;$80.00;;;;;;
16/2/2026;Pollo entero;Pilgrim's;San Luis Potos?;2.1;1.9;$80.00;;;;;;
16/2/2026;Pollo tipo rosticero;Nutri Pollo;San Luis Potos?;1.4;1.2;$62.00;;;;;;
16/2/2026;Pollo tipo rosticero;Pilgrim's;San Luis Potos?;1.4;1.2;$62.00;;;;;;
17/2/2026;Pollo entero;Nutri Pollo;San Luis Potos?;2.1;1.9;$80.00;;;;;;
17/2/2026;Pollo entero;Pilgrim's;San Luis Potos?;2.1;1.9;$80.00;;;;;;
17/2/2026;Pollo tipo rosticero;Nutri Pollo;San Luis Potos?;1.4;1.2;$62.00;;;;;;
17/2/2026;Pollo tipo rosticero;Pilgrim's;San Luis Potos?;1.4;1.2;$62.00;;;;;;
18/2/2026;Pollo entero;Nutri Pollo;San Luis Potos?;2.1;1.9;$80.00;;;;;;
18/2/2026;Pollo entero;Pilgrim's;San Luis Potos?;2.1;1.9;$80.00;;;;;;
18/2/2026;Pollo tipo rosticero;Nutri Pollo;San Luis Potos?;1.4;1.2;$62.00;;;;;;
18/2/2026;Pollo tipo rosticero;Pilgrim's;San Luis Potos?;1.4;1.2;$62.00;;;;;;
19/2/2026;Pollo entero;Nutri Pollo;San Luis Potos?;2.1;1.9;$80.00;;;;;;
19/2/2026;Pollo entero;Pilgrim's;San Luis Potos?;2.1;1.9;$80.00;;;;;;
19/2/2026;Pollo tipo rosticero;Nutri Pollo;San Luis Potos?;1.4;1.2;$62.00;;;;;;
19/2/2026;Pollo tipo rosticero;Pilgrim's;San Luis Potos?;1.4;1.2;$62.00;;;;;;
20/2/2026;Pollo entero;Nutri Pollo;San Luis Potos?;2.1;1.9;$80.00;;;;;;
20/2/2026;Pollo entero;Pilgrim's;San Luis Potos?;2.1;1.9;$80.00;;;;;;
20/2/2026;Pollo tipo rosticero;Nutri Pollo;San Luis Potos?;1.4;1.2;$62.00;;;;;;
20/2/2026;Pollo tipo rosticero;Pilgrim's;San Luis Potos?;1.4;1.2;$62.00;;;;;;
23/2/2026;Pollo entero;Nutri Pollo;San Luis Potos?;2.1;1.9;$80.00;;;;;;
23/2/2026;Pollo entero;Pilgrim's;San Luis Potos?;2.1;1.9;$80.00;;;;;;
23/2/2026;Pollo tipo rosticero;Nutri Pollo;San Luis Potos?;1.4;1.2;$62.00;;;;;;
23/2/2026;Pollo tipo rosticero;Pilgrim's;San Luis Potos?;1.4;1.2;$62.00;;;;;;
24/2/2026;Pollo entero;Nutri Pollo;San Luis Potos?;2.1;1.9;$80.00;;;;;;
24/2/2026;Pollo entero;Pilgrim's;San Luis Potos?;2.1;1.9;$80.00;;;;;;
24/2/2026;Pollo tipo rosticero;Nutri Pollo;San Luis Potos?;1.4;1.2;$62.00;;;;;;
24/2/2026;Pollo tipo rosticero;Pilgrim's;San Luis Potos?;1.4;1.2;$62.00;;;;;;
25/2/2026;Pollo entero;Nutri Pollo;San Luis Potos?;2.1;1.9;$80.00;;;;;;
25/2/2026;Pollo entero;Pilgrim's;San Luis Potos?;2.1;1.9;$80.00;;;;;;
25/2/2026;Pollo tipo rosticero;Nutri Pollo;San Luis Potos?;1.4;1.2;$58.00;;;;;;
25/2/2026;Pollo tipo rosticero;Pilgrim's;San Luis Potos?;1.4;1.2;$58.00;;;;;;
26/2/2026;Pollo entero;Nutri Pollo;San Luis Potos?;2.1;1.9;$80.00;;;;;;
26/2/2026;Pollo entero;Pilgrim's;San Luis Potos?;2.1;1.9;$80.00;;;;;;
26/2/2026;Pollo tipo rosticero;Nutri Pollo;San Luis Potos?;1.4;1.2;$58.00;;;;;;
26/2/2026;Pollo tipo rosticero;Pilgrim's;San Luis Potos?;1.4;1.2;$58.00;;;;;;
27/2/2026;Pollo entero;Nutri Pollo;San Luis Potos?;2.1;1.9;$80.00;;;;;;
27/2/2026;Pollo entero;Pilgrim's;San Luis Potos?;2.1;1.9;$80.00;;;;;;
27/2/2026;Pollo tipo rosticero;Nutri Pollo;San Luis Potos?;1.4;1.2;$58.00;;;;;;
27/2/2026;Pollo tipo rosticero;Pilgrim's;San Luis Potos?;1.4;1.2;$58.00;;;;;;
